#pragma once
#include <Arduino.h>

constexpr uint16_t kRoyalFrameWidth = 240;
constexpr uint16_t kRoyalFrameHeight = 137;
const uint16_t kRoyalFrameRgb565[kRoyalFrameWidth * kRoyalFrameHeight] PROGMEM = {
  0x19C9, 0x19C9, 0x19C9, 0x19C9, 0x19C9, 0x19C9, 0x19C9, 0x19A9, 0x21EA, 0x220B, 0x19C9, 0x19C9,
  0x19CA, 0x21EA, 0x2A4C, 0x2A2B, 0x2A4B, 0x3A8D, 0x3A6E, 0x426E, 0x6390, 0x4AEC, 0x3A8D, 0x21CA,
  0x21CA, 0x29EA, 0x29EB, 0x29EB, 0x29EB, 0x29EB, 0x29EB, 0x29EB, 0x320B, 0x3A4C, 0x3A4B, 0x3A4B,
  0x3A2B, 0x320B, 0x320B, 0x320B, 0x322B, 0x322B, 0x322B, 0x322B, 0x3A2A, 0x3A0A, 0x3A0A, 0x3A0A,
  0x3A0A, 0x3A0A, 0x3A0A, 0x3A0B, 0x3A0B, 0x3A0B, 0x320A, 0x424B, 0x6BB0, 0x6BD1, 0x73F1, 0x3A2B,
  0x320A, 0x31EA, 0x31EA, 0x31EA, 0x31EA, 0x31EA, 0x31EA, 0x31EA, 0x320A, 0x320A, 0x320A, 0x2A0A,
  0x2A0A, 0x2A0A, 0x21EA, 0x21E9, 0x21EA, 0x29EA, 0x29EA, 0x29EA, 0x220A, 0x220A, 0x220A, 0x220A,
  0x220A, 0x220A, 0x220A, 0x220A, 0x222A, 0x222A, 0x220A, 0x220A, 0x220A, 0x220A, 0x220A, 0x220A,
  0x220A, 0x220A, 0x220A, 0x2A6B, 0x224A, 0x19C9, 0x1988, 0x1988, 0x1988, 0x1989, 0x1989, 0x322C,
  0x29EB, 0x29CA, 0x21CA, 0x21AA, 0x2A0B, 0x21AA, 0x1969, 0x2189, 0x320B, 0x29EA, 0x29CA, 0x29CA,
  0x21CA, 0x21CA, 0x21A9, 0x21A9, 0x21A9, 0x2189, 0x2169, 0x2169, 0x2169, 0x2169, 0x2169, 0x2168,
  0x2148, 0x2968, 0x2188, 0x21C9, 0x19E9, 0x19E9, 0x1A09, 0x1A09, 0x1A09, 0x1A0A, 0x1A2A, 0x1A2A,
  0x1A0A, 0x224A, 0x224A, 0x220A, 0x220A, 0x220A, 0x19E9, 0x0967, 0x0106, 0x00C6, 0x08A6, 0x08A6,
  0x08A6, 0x08A6, 0x08A6, 0x08A6, 0x08A6, 0x08A6, 0x08A6, 0x08A6, 0x08A6, 0x08A6, 0x08A6, 0x08A6,
  0x08A6, 0x08A6, 0x08A6, 0x08A6, 0x08A6, 0x08A6, 0x08A6, 0x08A6, 0x08A6, 0x08A6, 0x08A6, 0x08A6,
  0x08A6, 0x08A6, 0x08A6, 0x08A6, 0x08A6, 0x08A6, 0x08A6, 0x08A6, 0x08A6, 0x08A6, 0x08A6, 0x08A6,
  0x08A6, 0x08A6, 0x08A6, 0x08A6, 0x08A6, 0x08A6, 0x08A6, 0x08A6, 0x08A6, 0x08A6, 0x08A6, 0x08A6,
  0x08A6, 0x08A6, 0x08A6, 0x08A6, 0x08A6, 0x08A6, 0x08A6, 0x08A6, 0x08A6, 0x08A6, 0x08A6, 0x08A6,
  0x08A6, 0x08A6, 0x08A6, 0x08A6, 0x08A6, 0x08A6, 0x08A6, 0x08A6, 0x08A6, 0x08A6, 0x08A6, 0x08A6,
  0x08A6, 0x08A6, 0x08A6, 0x08A6, 0x08A6, 0x08A6, 0x08A6, 0x08A6, 0x08A6, 0x08A6, 0x08A6, 0x10C7,
  0x19C9, 0x19C9, 0x19C9, 0x19C9, 0x19C9, 0x19C9, 0x19C9, 0x19CA, 0x2A2B, 0x326C, 0x2A2B, 0x2A2B,
  0x2A2B, 0x326C, 0x5370, 0x3AAD, 0x42ED, 0x5B90, 0x63B1, 0x3A4C, 0x4ACE, 0x3A4C, 0x3A4C, 0x324C,
  0x324C, 0x324C, 0x322C, 0x322C, 0x322C, 0x322C, 0x322C, 0x322C, 0x322C, 0x3A4C, 0x3A6C, 0x322B,
  0x322B, 0x320B, 0x320B, 0x320B, 0x3A0B, 0x39EB, 0x39EA, 0x39EA, 0x3A0A, 0x3A0A, 0x3A0A, 0x3A2A,
  0x3A2A, 0x3A2A, 0x3A0A, 0x3A0B, 0x3A0B, 0x3A0B, 0x3A0A, 0x3A4A, 0x6BB0, 0x6BD0, 0x636F, 0x3A2A,
  0x320A, 0x31EA, 0x31EA, 0x31EA, 0x31EA, 0x31EA, 0x31EA, 0x31EA, 0x320A, 0x320A, 0x320A, 0x320A,
  0x31EA, 0x31EA, 0x31CA, 0x31EA, 0x31EA, 0x31EA, 0x31EA, 0x31EA, 0x29EA, 0x2A0A, 0x2A0A, 0x2A0A,
  0x2A0A, 0x2A0A, 0x2A0A, 0x220A, 0x1A09, 0x1A09, 0x1A09, 0x220A, 0x220A, 0x220A, 0x220A, 0x220A,
  0x220A, 0x220A, 0x220A, 0x220A, 0x2A6B, 0x220A, 0x19A9, 0x1988, 0x1988, 0x1989, 0x29CA, 0x29CA,
  0x29EB, 0x29CA, 0x21AA, 0x2189, 0x29EB, 0x21AA, 0x1989, 0x1989, 0x2189, 0x29CA, 0x29EA, 0x21A9,
  0x21A9, 0x2189, 0x2189, 0x2189, 0x2189, 0x2189, 0x2189, 0x2169, 0x2169, 0x2169, 0x2169, 0x2168,
  0x2168, 0x2168, 0x21A9, 0x21C9, 0x19E9, 0x19E9, 0x1A09, 0x1A09, 0x1A09, 0x1A0A, 0x1A2A, 0x222A,
  0x222A, 0x224B, 0x224A, 0x220A, 0x220A, 0x220A, 0x220A, 0x19E9, 0x1188, 0x0906, 0x08C6, 0x08A6,
  0x08A6, 0x08A6, 0x08A6, 0x08A6, 0x08A6, 0x08A6, 0x08A6, 0x08A6, 0x08A6, 0x08A6, 0x08A6, 0x08A6,
  0x08A6, 0x08A6, 0x08A6, 0x08A6, 0x08A6, 0x08A6, 0x08A6, 0x08A6, 0x08A6, 0x08A6, 0x08A6, 0x08A6,
  0x08A6, 0x08A6, 0x08A6, 0x08A6, 0x08A6, 0x08A6, 0x08A6, 0x08A6, 0x08A6, 0x08A6, 0x08A6, 0x08A6,
  0x08A6, 0x08A6, 0x08A6, 0x08A6, 0x08A6, 0x08A6, 0x08A6, 0x08A6, 0x08A6, 0x08A6, 0x08A6, 0x08A6,
  0x08A6, 0x08A6, 0x08A6, 0x08A6, 0x08A6, 0x08A6, 0x08A6, 0x08A6, 0x08A6, 0x08A6, 0x08A6, 0x08A6,
  0x08A6, 0x08A6, 0x08A6, 0x08A6, 0x08A6, 0x08A6, 0x08A6, 0x08A6, 0x08A6, 0x08A6, 0x08A6, 0x08A6,
  0x08A6, 0x08A6, 0x08A6, 0x08A6, 0x08A6, 0x08A6, 0x08A6, 0x08A6, 0x08A6, 0x08A6, 0x08A6, 0x10C7,
  0x19C9, 0x19C9, 0x19C9, 0x19C9, 0x19C9, 0x19C9, 0x19C9, 0x19C9, 0x19C9, 0x19C9, 0x19CA, 0x21CA,
  0x21CA, 0x19C9, 0x42CD, 0x73F1, 0x6BD0, 0x6390, 0x42AC, 0x428C, 0x320C, 0x320C, 0x322C, 0x322B,
  0x322B, 0x322C, 0x322B, 0x322B, 0x322C, 0x320C, 0x320C, 0x320C, 0x322B, 0x3A4C, 0x322B, 0x322B,
  0x3A2B, 0x3A2B, 0x3A2B, 0x3A2B, 0x422B, 0x424C, 0x424C, 0x424B, 0x424B, 0x3A4B, 0x3A4B, 0x426B,
  0x428C, 0x3A2B, 0x3A0A, 0x3A0B, 0x3A0B, 0x3A0B, 0x3A0A, 0x3A4A, 0x6BD0, 0x6B90, 0x3A2B, 0x31EA,
  0x31EA, 0x31EA, 0x31EA, 0x31EA, 0x31EA, 0x31EA, 0x31EA, 0x31EA, 0x31EA, 0x39EA, 0x39EA, 0x39EA,
  0x39EA, 0x39CA, 0x39CA, 0x39CA, 0x39CA, 0x39CA, 0x39CA, 0x39EA, 0x31EA, 0x31EA, 0x31EA, 0x31EA,
  0x31EA, 0x31EA, 0x31EA, 0x29EA, 0x29EA, 0x21EA, 0x220A, 0x220A, 0x220A, 0x220A, 0x220A, 0x220A,
  0x220A, 0x220A, 0x220A, 0x1A09, 0x2A4B, 0x222A, 0x21E9, 0x21A9, 0x1988, 0x2189, 0x29EA, 0x21CA,
  0x29EB, 0x322C, 0x320B, 0x2A0B, 0x2A0B, 0x21AA, 0x2189, 0x2189, 0x2189, 0x2189, 0x2189, 0x2189,
  0x2189, 0x2189, 0x2189, 0x2189, 0x2189, 0x2189, 0x2189, 0x2189, 0x2189, 0x2189, 0x2189, 0x21A9,
  0x21A9, 0x21C9, 0x21C9, 0x21E9, 0x1A09, 0x1A09, 0x1A09, 0x19E9, 0x1A09, 0x1A09, 0x1A2A, 0x222A,
  0x222A, 0x222A, 0x220A, 0x1A09, 0x1A09, 0x1A09, 0x220A, 0x220A, 0x220A, 0x21A9, 0x1948, 0x08E6,
  0x08C6, 0x08A6, 0x08A6, 0x08A6, 0x08A6, 0x08A6, 0x08A6, 0x08A6, 0x08A6, 0x08A6, 0x08A6, 0x08A6,
  0x08A6, 0x08A6, 0x08A6, 0x08A6, 0x08A6, 0x08A6, 0x08A6, 0x08A6, 0x08A6, 0x08A6, 0x08A6, 0x08A6,
  0x08A6, 0x08A6, 0x08A6, 0x08A6, 0x08A6, 0x08A6, 0x08A6, 0x08A6, 0x08A6, 0x08A6, 0x08A6, 0x08A6,
  0x08A6, 0x08A6, 0x08A6, 0x08A6, 0x08A6, 0x08A6, 0x08A6, 0x08A6, 0x08A6, 0x08A6, 0x08A6, 0x08A6,
  0x08A6, 0x08A6, 0x08A6, 0x08A6, 0x08A6, 0x08A6, 0x08A6, 0x08A6, 0x08A6, 0x08A6, 0x08A6, 0x08A6,
  0x08A6, 0x08A6, 0x08A6, 0x08A6, 0x08A6, 0x08A6, 0x08A6, 0x08A6, 0x08A6, 0x08A6, 0x08A6, 0x08A6,
  0x08A6, 0x08A6, 0x08A6, 0x08A6, 0x08A6, 0x08A6, 0x08A6, 0x08A6, 0x08A6, 0x08A6, 0x08A6, 0x10C7,
  0x19C9, 0x19C9, 0x19C9, 0x19C9, 0x19C9, 0x19E9, 0x19C9, 0x21C9, 0x21A9, 0x21C9, 0x21CA, 0x21CA,
  0x21CA, 0x324B, 0x63B0, 0x73F1, 0x634E, 0x52EE, 0x320B, 0x320B, 0x320B, 0x320C, 0x320C, 0x320C,
  0x320C, 0x320C, 0x320C, 0x320B, 0x320B, 0x320C, 0x320C, 0x320B, 0x3A2B, 0x428C, 0x3A4B, 0x3A4B,
  0x3A2B, 0x3A4B, 0x424B, 0x3A2A, 0x31E9, 0x3209, 0x322A, 0x3A2A, 0x3A0A, 0x4A8C, 0x5B2E, 0x5B2E,
  0x52EE, 0x3A2A, 0x3A0A, 0x3A0A, 0x3A0A, 0x3A0A, 0x3A0A, 0x4A8C, 0x636F, 0x4A8B, 0x3A0A, 0x31E9,
  0x31EA, 0x31EA, 0x31EA, 0x31EA, 0x31EA, 0x31EA, 0x39EA, 0x39EA, 0x39EA, 0x39EA, 0x39EA, 0x39EA,
  0x39EA, 0x39EA, 0x39EA, 0x39EA, 0x39EA, 0x39EA, 0x39EA, 0x39EA, 0x39EA, 0x39EA, 0x39EA, 0x39EA,
  0x39EA, 0x39EA, 0x31EA, 0x31EA, 0x31EA, 0x31EA, 0x31EA, 0x31EA, 0x29EA, 0x29EA, 0x2A0A, 0x2A0A,
  0x2A0A, 0x2A0A, 0x220A, 0x220A, 0x220A, 0x220A, 0x2A0A, 0x21E9, 0x21C9, 0x21A9, 0x21EA, 0x21EA,
  0x29EB, 0x29EB, 0x2A0B, 0x322C, 0x21AA, 0x21AA, 0x218A, 0x21AA, 0x21AA, 0x2189, 0x2189, 0x2189,
  0x2189, 0x2189, 0x2189, 0x2189, 0x2189, 0x2189, 0x2189, 0x2189, 0x2189, 0x29A9, 0x29A9, 0x21CA,
  0x21E9, 0x2209, 0x2209, 0x2209, 0x2209, 0x2209, 0x1A09, 0x1A09, 0x1A09, 0x1A09, 0x1A09, 0x1A09,
  0x1A09, 0x1A09, 0x2209, 0x2209, 0x2209, 0x2209, 0x2209, 0x2209, 0x220A, 0x21EA, 0x29CA, 0x21A9,
  0x1968, 0x1107, 0x08C6, 0x00C6, 0x08C6, 0x08A6, 0x08A6, 0x08A6, 0x08A6, 0x08A6, 0x08A6, 0x08A6,
  0x08A6, 0x08A6, 0x08A6, 0x08A6, 0x08A6, 0x08A6, 0x08A6, 0x08A6, 0x08A6, 0x08A6, 0x08A6, 0x08A6,
  0x08A6, 0x08A6, 0x08A6, 0x08A6, 0x08A6, 0x08A6, 0x08A6, 0x08A6, 0x08A6, 0x08A6, 0x08A6, 0x08A6,
  0x08A6, 0x08A6, 0x08A6, 0x08A6, 0x08A6, 0x08A6, 0x08A6, 0x08A6, 0x08A6, 0x08A6, 0x08A6, 0x08A6,
  0x08A6, 0x08A6, 0x08A6, 0x08A6, 0x08A6, 0x08A6, 0x08A6, 0x08A6, 0x08A6, 0x08A6, 0x08A6, 0x08A6,
  0x08A6, 0x08A6, 0x08A6, 0x08A6, 0x08A6, 0x08A6, 0x08C6, 0x08C6, 0x08A6, 0x08A6, 0x08A6, 0x08A7,
  0x08A7, 0x08A6, 0x08A6, 0x08A6, 0x08A6, 0x08A6, 0x08A6, 0x08A6, 0x08A6, 0x08A6, 0x08A6, 0x10C7,
  0x21C9, 0x21C9, 0x21C9, 0x21C9, 0x21C9, 0x21C9, 0x21C9, 0x21C9, 0x29C9, 0x29C9, 0x29A9, 0x29CA,
  0x4AEE, 0x63B0, 0x7411, 0x5B4E, 0x5B2E, 0x3A0B, 0x31EB, 0x31EB, 0x31EB, 0x31EC, 0x320C, 0x320C,
  0x320C, 0x320B, 0x320B, 0x320B, 0x320B, 0x31EC, 0x31EC, 0x31EA, 0x52ED, 0x4ACD, 0x5B2E, 0x3A4B,
  0x3A2A, 0x52CC, 0x636F, 0x5B4E, 0x5B0D, 0x52EC, 0x5AED, 0x5B2E, 0x426B, 0x426B, 0x52CD, 0x634F,
  0x5B0E, 0x422B, 0x3A0A, 0x3A0A, 0x3A0A, 0x3A0A, 0x3A0A, 0x52CC, 0x7C11, 0x636F, 0x3A0A, 0x31E9,
  0x3A0A, 0x3A0A, 0x3A0A, 0x3A0A, 0x3A0A, 0x3A0A, 0x3A0A, 0x3A0A, 0x39EA, 0x39EA, 0x39EA, 0x39EA,
  0x39EA, 0x3A0A, 0x3A0A, 0x3A0A, 0x39EA, 0x39EA, 0x39EA, 0x39EA, 0x39EA, 0x39EA, 0x39EA, 0x39EA,
  0x39EA, 0x39EA, 0x39EA, 0x39EA, 0x31EA, 0x39EA, 0x39EA, 0x31EA, 0x31EA, 0x31EA, 0x320A, 0x320A,
  0x320A, 0x320A, 0x2A0A, 0x2A0A, 0x2A0A, 0x2A0A, 0x2A0A, 0x2A09, 0x21E9, 0x21C9, 0x21EA, 0x29EB,
  0x29EA, 0x21AA, 0x29AA, 0x322C, 0x29AA, 0x21AA, 0x2189, 0x2189, 0x2189, 0x2189, 0x2189, 0x2189,
  0x2189, 0x2189, 0x2189, 0x2189, 0x2189, 0x2189, 0x21A9, 0x21A9, 0x21A9, 0x21A9, 0x21C9, 0x21E9,
  0x1A09, 0x1A29, 0x1A29, 0x1A29, 0x1A29, 0x1A29, 0x1A09, 0x1A09, 0x1A09, 0x1A09, 0x1A09, 0x1A09,
  0x1A09, 0x2209, 0x2209, 0x2209, 0x2209, 0x2209, 0x2209, 0x2209, 0x220A, 0x220A, 0x220A, 0x220A,
  0x220A, 0x19C9, 0x1188, 0x0927, 0x00E6, 0x00C6, 0x08C6, 0x08C6, 0x08C6, 0x08C6, 0x08C6, 0x08C6,
  0x08C6, 0x08C6, 0x08C6, 0x08C6, 0x08C6, 0x08C6, 0x08C6, 0x08C6, 0x08C6, 0x08C6, 0x08C6, 0x08C6,
  0x08C6, 0x08C6, 0x08C6, 0x08C6, 0x08C6, 0x08C6, 0x08C6, 0x08C6, 0x08C6, 0x08C6, 0x08C6, 0x08C6,
  0x08C6, 0x08C6, 0x08C6, 0x08C6, 0x08C6, 0x08C6, 0x08C6, 0x08C6, 0x08C6, 0x08C6, 0x08C6, 0x08C6,
  0x08C6, 0x08C6, 0x08C6, 0x08C6, 0x08C6, 0x08C6, 0x08C6, 0x08C6, 0x08C6, 0x08C6, 0x08C6, 0x08C6,
  0x08C6, 0x08C6, 0x08A6, 0x08A5, 0x08A5, 0x10C5, 0x3A0B, 0x422C, 0x1908, 0x08A6, 0x08A6, 0x08A7,
  0x08A7, 0x08A6, 0x08A6, 0x08A6, 0x08A6, 0x08A6, 0x08A6, 0x08A6, 0x08A6, 0x08A6, 0x08A6, 0x08C6,
  0x29A9, 0x29A9, 0x29A9, 0x2989, 0x2989, 0x3189, 0x31A9, 0x2989, 0x29A9, 0x29C9, 0x3A0A, 0x4A8C,
  0x7C12, 0x6B90, 0x8494, 0x426B, 0x3A2B, 0x3A0B, 0x3A0C, 0x3A0C, 0x3A0C, 0x3A0C, 0x3A2B, 0x3A2B,
  0x3A2B, 0x3A2C, 0x3A2C, 0x320C, 0x320B, 0x31EC, 0x31EC, 0x31EA, 0x5B4F, 0x428B, 0x530E, 0x634F,
  0x4A8B, 0x636E, 0x4A8B, 0x636E, 0x5B2D, 0x52CC, 0x634E, 0x52CC, 0x4AAC, 0x422B, 0x4AAC, 0x4AAC,
  0x52ED, 0x424B, 0x3A0A, 0x3A0A, 0x3A0A, 0x3A0A, 0x3A2A, 0x6B8F, 0x6B8F, 0x6B6F, 0x3A2A, 0x31E9,
  0x39E9, 0x39E9, 0x39EA, 0x39EA, 0x39EA, 0x39EA, 0x39EA, 0x39EA, 0x39EA, 0x39EA, 0x39EA, 0x39EA,
  0x39EA, 0x39EA, 0x39EA, 0x39EA, 0x39EA, 0x39EA, 0x39EA, 0x39EA, 0x39EA, 0x39EA, 0x39EA, 0x39EA,
  0x39EA, 0x39EA, 0x39EA, 0x39EA, 0x39EA, 0x39EA, 0x39EA, 0x39EA, 0x39EA, 0x39EA, 0x39EA, 0x3A0A,
  0x320A, 0x320A, 0x320A, 0x31EA, 0x31EA, 0x31EA, 0x31EA, 0x31EA, 0x31EA, 0x31EA, 0x29CA, 0x31EB,
  0x31EB, 0x29AA, 0x29AA, 0x3A2C, 0x29AA, 0x2189, 0x2189, 0x2169, 0x2189, 0x2189, 0x29CA, 0x21A9,
  0x2189, 0x2189, 0x2189, 0x2189, 0x21A9, 0x21C9, 0x21C9, 0x21C9, 0x21EA, 0x21EA, 0x220A, 0x220A,
  0x1A29, 0x1A29, 0x1A29, 0x1A29, 0x1A29, 0x1A29, 0x2209, 0x2209, 0x21E9, 0x21E9, 0x21E9, 0x21E9,
  0x29E9, 0x29E9, 0x29EA, 0x29EA, 0x29EA, 0x29EA, 0x29EA, 0x29EA, 0x29EA, 0x29EA, 0x29EA, 0x29EA,
  0x29EA, 0x29EA, 0x29EA, 0x29EA, 0x2189, 0x1107, 0x08C6, 0x08C6, 0x08C6, 0x08C6, 0x08C6, 0x08C6,
  0x08C6, 0x08C6, 0x08C6, 0x08C6, 0x08C6, 0x08C6, 0x08C6, 0x08C6, 0x08C6, 0x08C6, 0x08C6, 0x08C6,
  0x08C6, 0x08C6, 0x08C6, 0x08C6, 0x08C6, 0x08C6, 0x08C6, 0x08C6, 0x08C6, 0x08C6, 0x08C6, 0x08C6,
  0x08C6, 0x08C6, 0x08C6, 0x08C6, 0x08C6, 0x08C6, 0x08C6, 0x08C6, 0x08C6, 0x08C6, 0x08C6, 0x08C6,
  0x08C6, 0x08C6, 0x08C6, 0x08C6, 0x08C6, 0x08C6, 0x08C6, 0x08C6, 0x08C6, 0x08C6, 0x08C6, 0x08C6,
  0x08C6, 0x08C6, 0x08A6, 0x08A5, 0x08A5, 0x1906, 0x4A8C, 0x31EA, 0x426C, 0x39EA, 0x39EB, 0x18E7,
  0x10A6, 0x08A6, 0x08A6, 0x08A6, 0x08A6, 0x08A6, 0x08A6, 0x08A6, 0x08A6, 0x08A6, 0x08A6, 0x08C6,
  0x29AA, 0x29A9, 0x2989, 0x2989, 0x31AA, 0x31AA, 0x3189, 0x31CA, 0x31C9, 0x52EE, 0x6BB0, 0x7C12,
  0x7C33, 0x6371, 0x6370, 0x426B, 0x424C, 0x424D, 0x424D, 0x424D, 0x424D, 0x424D, 0x424D, 0x3A4D,
  0x3A4D, 0x3A4C, 0x3A2C, 0x3A2C, 0x320C, 0x31EC, 0x3A0C, 0x3A2B, 0x4ACD, 0x52ED, 0x530E, 0x4ACC,
  0x634E, 0x52CC, 0x5B0D, 0x52CC, 0x426B, 0x424A, 0x52CC, 0x6BB0, 0x4A6B, 0x39EA, 0x3A0A, 0x424B,
  0x4AAC, 0x3A2B, 0x3A0A, 0x3A2B, 0x422B, 0x422B, 0x426B, 0x52ED, 0x73D0, 0x636F, 0x3A0A, 0x31E9,
  0x39E9, 0x39E9, 0x39EA, 0x39EA, 0x39EA, 0x39EA, 0x39EA, 0x39EA, 0x39EA, 0x39EA, 0x39EA, 0x39EA,
  0x39EA, 0x39EA, 0x39EA, 0x39EA, 0x39EA, 0x39EA, 0x39EA, 0x39EA, 0x39EA, 0x39EA, 0x39EA, 0x39EA,
  0x39EA, 0x39EA, 0x39EA, 0x39EA, 0x39EA, 0x39EA, 0x39EA, 0x39EA, 0x39EA, 0x39EA, 0x39EA, 0x3A0A,
  0x3A0A, 0x3A0A, 0x39EA, 0x39EA, 0x39EA, 0x39EA, 0x39EA, 0x31EA, 0x31EA, 0x31EA, 0x31CA, 0x31AA,
  0x29AA, 0x31CA, 0x31EB, 0x3A4C, 0x320B, 0x320B, 0x320B, 0x320B, 0x320B, 0x320B, 0x29A9, 0x2189,
  0x2168, 0x2189, 0x21A9, 0x29C9, 0x29CA, 0x29EA, 0x29EA, 0x29EA, 0x29EA, 0x29EA, 0x29EA, 0x29EA,
  0x2A0A, 0x2A0A, 0x2A0A, 0x2A0A, 0x2A0A, 0x2A0A, 0x29EA, 0x2A0A, 0x31EA, 0x31EA, 0x31EA, 0x31EA,
  0x31EA, 0x31EA, 0x31EA, 0x31EA, 0x31EA, 0x31EA, 0x320A, 0x320A, 0x31EA, 0x39EA, 0x39EA, 0x39EA,
  0x39EA, 0x39EA, 0x39CA, 0x39EA, 0x31EB, 0x29CA, 0x2189, 0x1127, 0x08C6, 0x08C6, 0x08A6, 0x08A6,
  0x08A6, 0x08A6, 0x08A6, 0x08A6, 0x08A6, 0x08A6, 0x08A6, 0x08C6, 0x08C6, 0x08C6, 0x08C6, 0x08C6,
  0x08C6, 0x08C6, 0x08C6, 0x08C6, 0x08C6, 0x08C6, 0x08C6, 0x08C6, 0x08C6, 0x08C6, 0x08C6, 0x08C6,
  0x08C6, 0x08C6, 0x08C6, 0x08C6, 0x08C6, 0x08C6, 0x08C6, 0x08C6, 0x08C6, 0x08C6, 0x08C6, 0x08C6,
  0x08C6, 0x08C6, 0x08C6, 0x08C6, 0x08C6, 0x08C6, 0x08C6, 0x08C6, 0x08C6, 0x08C6, 0x08C6, 0x08C6,
  0x08C6, 0x08C6, 0x08A6, 0x08A5, 0x08A5, 0x29A9, 0x428C, 0x3A0A, 0x5B0E, 0x3A4B, 0x31EA, 0x426C,
  0x424C, 0x1907, 0x1907, 0x10A6, 0x10A6, 0x08A6, 0x08A6, 0x08A6, 0x08A6, 0x08A6, 0x08A6, 0x08C6,
  0x29AA, 0x29AA, 0x29AA, 0x29AA, 0x29AA, 0x29AA, 0x29AA, 0x52CE, 0x52ED, 0x634F, 0x636F, 0x6B90,
  0x5AEE, 0x4A6C, 0x424C, 0x3A2B, 0x3A2B, 0x3A0C, 0x3A0C, 0x3A0C, 0x3A0C, 0x3A0C, 0x3A0C, 0x3A0D,
  0x3A0C, 0x3A0C, 0x3A0C, 0x3A0C, 0x3A0C, 0x3A0C, 0x3A2C, 0x426C, 0x3A2B, 0x426B, 0x3A2A, 0x3A2A,
  0x3A4B, 0x3A4A, 0x3A4B, 0x424B, 0x3A2A, 0x3A0A, 0x31E9, 0x426B, 0x39EA, 0x3A0A, 0x3A2B, 0x422B,
  0x424B, 0x3A0A, 0x3A0A, 0x3A0A, 0x3A0A, 0x3A0A, 0x3A0A, 0x5B0D, 0x73D0, 0x6B8F, 0x3A0A, 0x39E9,
  0x39EA, 0x39EA, 0x39EA, 0x39EA, 0x39EA, 0x39EA, 0x39EA, 0x39EA, 0x39EA, 0x39EA, 0x39EA, 0x39EA,
  0x39EA, 0x39EA, 0x39EA, 0x39EA, 0x39EA, 0x39EA, 0x39EA, 0x39EA, 0x39EA, 0x39EA, 0x39EA, 0x39EA,
  0x39EA, 0x39EA, 0x39EA, 0x39EA, 0x39EA, 0x39EA, 0x39EA, 0x39EA, 0x39EA, 0x39EA, 0x39EA, 0x39EA,
  0x3A0A, 0x39EA, 0x39EA, 0x39EA, 0x39EA, 0x39EA, 0x39EA, 0x39EA, 0x39EA, 0x31EA, 0x31EA, 0x31CA,
  0x31CA, 0x3A2B, 0x31EB, 0x29EA, 0x29CA, 0x29EA, 0x29CA, 0x29CA, 0x31EA, 0x29CA, 0x2989, 0x2189,
  0x2989, 0x29A9, 0x29CA, 0x31CA, 0x31EA, 0x31EA, 0x31EA, 0x31EA, 0x31EA, 0x31EA, 0x31EA, 0x31EA,
  0x31EA, 0x31EA, 0x31EA, 0x31EA, 0x31EA, 0x31EA, 0x31EA, 0x31EA, 0x31EA, 0x31EA, 0x31EA, 0x31EA,
  0x31EA, 0x31EA, 0x31EA, 0x31EA, 0x31EA, 0x31EA, 0x31EA, 0x31EA, 0x31EA, 0x39EA, 0x39EA, 0x39EA,
  0x39EA, 0x39EA, 0x31EA, 0x31EA, 0x31EA, 0x31EA, 0x31CA, 0x29CA, 0x29A9, 0x1947, 0x10C6, 0x08A5,
  0x08A6, 0x08A6, 0x08A6, 0x08A6, 0x08A6, 0x08A6, 0x08A6, 0x08A6, 0x08A6, 0x08A6, 0x08A6, 0x08C6,
  0x08C6, 0x08C6, 0x08C6, 0x08C6, 0x08C6, 0x08C6, 0x08C6, 0x08C6, 0x08C6, 0x08C6, 0x08C6, 0x08C6,
  0x08C6, 0x08C6, 0x08C6, 0x08C6, 0x08C6, 0x08C6, 0x08C6, 0x08C6, 0x08C6, 0x08C6, 0x08C6, 0x08C6,
  0x08C6, 0x08C6, 0x08C6, 0x08C6, 0x08C6, 0x08C6, 0x08C6, 0x08C6, 0x08C6, 0x08C6, 0x08C6, 0x08C6,
  0x08C6, 0x08C6, 0x08C6, 0x08A6, 0x08A6, 0x1927, 0x3A2B, 0x3A2B, 0x3A6B, 0x320A, 0x320A, 0x52ED,
  0x634F, 0x3A0A, 0x422B, 0x422C, 0x31AA, 0x10C7, 0x08A6, 0x08A6, 0x08A6, 0x08A6, 0x08A6, 0x08C6,
  0x31CA, 0x31AA, 0x29AA, 0x29AA, 0x29AA, 0x428D, 0x7C34, 0x5B4F, 0x7C12, 0x6B90, 0x6BB0, 0x632F,
  0x39EA, 0x424C, 0x3A2B, 0x3A2B, 0x3A2B, 0x3A0B, 0x320C, 0x320C, 0x320C, 0x3A0C, 0x3A0C, 0x39EC,
  0x3A0C, 0x3A0C, 0x3A0C, 0x3A0C, 0x3A0C, 0x3A0B, 0x424C, 0x424C, 0x3A0B, 0x3A0A, 0x3A0A, 0x3A0A,
  0x3A0A, 0x3A0A, 0x39EA, 0x39EA, 0x3A0A, 0x3A0A, 0x3A0A, 0x3A0A, 0x3A0A, 0x3A0A, 0x3A0A, 0x3A2B,
  0x424B, 0x3A0A, 0x3A0A, 0x3A0A, 0x3A0A, 0x3A0A, 0x3A0A, 0x3A2A, 0x52CC, 0x6B6F, 0x3A2A, 0x39EA,
  0x3A0A, 0x3A0A, 0x39EA, 0x39EA, 0x39EA, 0x39EA, 0x39EA, 0x39EA, 0x39EA, 0x39EA, 0x39EA, 0x39EA,
  0x39EA, 0x39EA, 0x39EA, 0x39EA, 0x39EA, 0x39EA, 0x39EA, 0x39EA, 0x39EA, 0x39EA, 0x39EA, 0x39EA,
  0x39EA, 0x39EA, 0x39EA, 0x39EA, 0x39EA, 0x39EA, 0x39EA, 0x39EA, 0x39EA, 0x39EA, 0x39EA, 0x39EA,
  0x39EA, 0x39EA, 0x39EA, 0x39EA, 0x39EA, 0x39EA, 0x39EA, 0x39EA, 0x39EA, 0x39EA, 0x39EA, 0x39EA,
  0x39EA, 0x3A2B, 0x3A2B, 0x322B, 0x322B, 0x320B, 0x322C, 0x322C, 0x320B, 0x29CA, 0x31CA, 0x31EA,
  0x31EA, 0x31EA, 0x31EA, 0x31EA, 0x31EA, 0x31EA, 0x31EA, 0x31EA, 0x31EA, 0x31EA, 0x31EA, 0x31EA,
  0x31EA, 0x31EA, 0x31EA, 0x31EA, 0x31EA, 0x31EA, 0x31EA, 0x31EA, 0x31EA, 0x31EA, 0x31EA, 0x31EA,
  0x31EA, 0x31EA, 0x31EA, 0x31EA, 0x31EA, 0x31EA, 0x31EA, 0x31EA, 0x31EA, 0x31EA, 0x31EA, 0x31EA,
  0x31EA, 0x31EA, 0x31EA, 0x31EA, 0x31EA, 0x31EA, 0x31EA, 0x31EA, 0x31EA, 0x31EA, 0x31CA, 0x2168,
  0x18E7, 0x10C6, 0x08A6, 0x08A6, 0x08A6, 0x08A6, 0x08A6, 0x08A6, 0x08A6, 0x08A6, 0x08A6, 0x08C6,
  0x08C6, 0x08C6, 0x08C6, 0x08C6, 0x08C6, 0x08C6, 0x08C6, 0x08C6, 0x08C6, 0x08C6, 0x08C6, 0x08C6,
  0x08C6, 0x08C6, 0x08C6, 0x08C6, 0x08C6, 0x08C6, 0x08C6, 0x08C6, 0x08C6, 0x08C6, 0x08C6, 0x08C6,
  0x08C6, 0x08C6, 0x08C6, 0x08C6, 0x08C6, 0x08C6, 0x08C6, 0x08C6, 0x08C6, 0x08C6, 0x08C6, 0x08C6,
  0x08C6, 0x08C6, 0x08C6, 0x08C6, 0x08C6, 0x08C6, 0x08A6, 0x08C6, 0x1127, 0x3A4C, 0x426B, 0x4AAC,
  0x424B, 0x5B2E, 0x52ED, 0x39EA, 0x4A4C, 0x2128, 0x2969, 0x1928, 0x10C7, 0x08A6, 0x08A6, 0x08C6,
  0x31EB, 0x31CB, 0x31CA, 0x29AA, 0x29AA, 0x29EA, 0x5B70, 0x4ACD, 0x634F, 0x424B, 0x4AAD, 0x422B,
  0x3A0B, 0x422B, 0x3A2B, 0x3A2B, 0x3A2B, 0x3A2B, 0x320C, 0x320C, 0x320C, 0x3A2C, 0x3A0C, 0x31EC,
  0x3A0C, 0x3A0B, 0x3A0B, 0x320B, 0x320B, 0x320B, 0x3A4C, 0x3A0B, 0x31EA, 0x320A, 0x3A0A, 0x3A0A,
  0x3A0A, 0x39EA, 0x39EA, 0x3A0B, 0x3A2B, 0x3A2B, 0x3A2B, 0x3A2B, 0x3A2B, 0x422B, 0x424B, 0x422B,
  0x424B, 0x3A0A, 0x3A0A, 0x3A0A, 0x3A0A, 0x39EA, 0x39EA, 0x52ED, 0x7C11, 0x5B0D, 0x3A0A, 0x39EA,
  0x3A0A, 0x3A0A, 0x39EA, 0x39EA, 0x39EA, 0x39EA, 0x39EA, 0x39EA, 0x39EA, 0x39EA, 0x39EA, 0x39EA,
  0x39EA, 0x39EA, 0x39EA, 0x39EA, 0x39EA, 0x39EA, 0x39EA, 0x39EA, 0x39EA, 0x39EA, 0x39EA, 0x39EA,
  0x39EA, 0x39EA, 0x39EA, 0x39EA, 0x39EA, 0x39EA, 0x39EA, 0x39EA, 0x39EA, 0x39EA, 0x39EA, 0x39EA,
  0x39EA, 0x39EA, 0x39EA, 0x39EA, 0x39EA, 0x39EA, 0x39EA, 0x39EA, 0x39EA, 0x39EA, 0x39EA, 0x3A0A,
  0x3A0A, 0x39EB, 0x39EB, 0x39EA, 0x31EA, 0x31EB, 0x31EB, 0x31EB, 0x31EB, 0x31EA, 0x3A0A, 0x3A0A,
  0x3A0A, 0x3A0A, 0x3A0A, 0x3A0A, 0x31EA, 0x31EA, 0x31EA, 0x31EA, 0x31EA, 0x31EA, 0x31EA, 0x31EA,
  0x31EA, 0x31EA, 0x31EA, 0x31EA, 0x31EA, 0x31EA, 0x31EA, 0x31EA, 0x31EA, 0x31EA, 0x31EA, 0x31EA,
  0x31EA, 0x31EA, 0x31EA, 0x31EA, 0x31EA, 0x31EA, 0x31EA, 0x31EA, 0x31EA, 0x31EA, 0x31EA, 0x31EA,
  0x31EA, 0x31EA, 0x31EA, 0x31EA, 0x31EA, 0x31EA, 0x31EA, 0x31EA, 0x31EA, 0x3A0A, 0x3A0A, 0x3A0B,
  0x31EA, 0x31AA, 0x2128, 0x10C6, 0x08A6, 0x08A6, 0x08A6, 0x08A6, 0x08A6, 0x08A6, 0x08A6, 0x08C6,
  0x08C6, 0x08C6, 0x08C6, 0x08C6, 0x08C6, 0x08C6, 0x08C6, 0x08C6, 0x08C6, 0x08C6, 0x08C6, 0x08C6,
  0x08C6, 0x08C6, 0x08C6, 0x08C6, 0x08C6, 0x08C6, 0x08C6, 0x08C6, 0x08C6, 0x08C6, 0x08C6, 0x08C6,
  0x08C6, 0x08C6, 0x08C6, 0x08C6, 0x08C6, 0x08C6, 0x08C6, 0x08C6, 0x08C6, 0x08C6, 0x08C6, 0x08C6,
  0x08C6, 0x08C6, 0x08C6, 0x08C6, 0x08C6, 0x08C6, 0x08C6, 0x08A6, 0x08C7, 0x08C7, 0x08C6, 0x1927,
  0x1927, 0x4A8D, 0x4AAD, 0x31C9, 0x4A8C, 0x2127, 0x5B0E, 0x3A2B, 0x3A2B, 0x1927, 0x1928, 0x10E7,
  0x31CA, 0x31CA, 0x31CA, 0x320B, 0x3A2C, 0x320B, 0x3A6D, 0x4AAD, 0x21A9, 0x21A9, 0x29C9, 0x31EB,
  0x3A0B, 0x3A0B, 0x320B, 0x320B, 0x320B, 0x320B, 0x320B, 0x31EB, 0x31EB, 0x3A2D, 0x3A2C, 0x320C,
  0x322C, 0x320B, 0x320B, 0x320A, 0x320B, 0x3A4C, 0x424C, 0x3A2C, 0x3A2B, 0x3A2B, 0x3A2B, 0x3A4B,
  0x3A4B, 0x3A4B, 0x3A4B, 0x3A4B, 0x3A2B, 0x3A2B, 0x3A2B, 0x3A2B, 0x3A2B, 0x3A0B, 0x3A0B, 0x3A0B,
  0x424C, 0x3A0B, 0x3A0B, 0x3A0B, 0x39EA, 0x39EA, 0x426C, 0x6BB0, 0x634F, 0x5B2E, 0x39EA, 0x39EA,
  0x3A0A, 0x3A0A, 0x39EA, 0x39EA, 0x39EA, 0x39EA, 0x39EA, 0x39EA, 0x39EA, 0x39EA, 0x39EA, 0x39EA,
  0x39EA, 0x39EA, 0x39EA, 0x39EA, 0x39EA, 0x39EA, 0x39EA, 0x39EA, 0x39EA, 0x39EA, 0x39EA, 0x39EA,
  0x39EA, 0x39EA, 0x39EA, 0x39EA, 0x39EA, 0x39EA, 0x39EA, 0x39EA, 0x39EA, 0x39EA, 0x39EA, 0x39EA,
  0x39EA, 0x39EA, 0x39EA, 0x39EA, 0x39EA, 0x39EA, 0x39EA, 0x39EA, 0x39EA, 0x39EA, 0x39EA, 0x39EA,
  0x39EA, 0x39EA, 0x39EA, 0x39EA, 0x39EA, 0x39EB, 0x31EB, 0x31EB, 0x31EB, 0x39EA, 0x3A0A, 0x3A0A,
  0x3A0A, 0x3A0A, 0x3A0A, 0x3A0A, 0x31EA, 0x31EA, 0x31EA, 0x31EA, 0x31EA, 0x31EA, 0x31EA, 0x31EA,
  0x31EA, 0x31EA, 0x31EA, 0x31EA, 0x31EA, 0x31EA, 0x31EA, 0x31EA, 0x31EA, 0x31EA, 0x31EA, 0x31EA,
  0x31EA, 0x31EA, 0x31EA, 0x31EA, 0x31EA, 0x31EA, 0x31EA, 0x31EA, 0x31EA, 0x31EA, 0x31EA, 0x31EA,
  0x31EA, 0x31EA, 0x31EA, 0x31EA, 0x31EA, 0x31EA, 0x31EA, 0x31EA, 0x31EA, 0x3A0A, 0x3A0A, 0x3A0B,
  0x3A0B, 0x3A0B, 0x39EA, 0x31AA, 0x2148, 0x1907, 0x10C6, 0x08A6, 0x08A6, 0x08A6, 0x08A6, 0x08A6,
  0x08A6, 0x08A6, 0x08A6, 0x08A6, 0x08A6, 0x08A6, 0x08C6, 0x08C6, 0x08C6, 0x08C6, 0x08C6, 0x08C6,
  0x08C6, 0x08C6, 0x08C6, 0x08C6, 0x08C6, 0x08C6, 0x08C6, 0x08C6, 0x08C6, 0x08C6, 0x08C6, 0x08C6,
  0x08C6, 0x08C6, 0x08C6, 0x08C6, 0x08C6, 0x08C6, 0x08C6, 0x08C6, 0x08C6, 0x08C6, 0x08C6, 0x08C6,
  0x08C6, 0x08C6, 0x08C6, 0x08C6, 0x08C6, 0x08C6, 0x08C6, 0x08A7, 0x08A7, 0x08A7, 0x08A6, 0x08A6,
  0x08C6, 0x10E6, 0x2168, 0x424C, 0x3A0B, 0x2168, 0x52CD, 0x4ACC, 0x428C, 0x3A2B, 0x52CE, 0x1907,
  0x31EB, 0x31EB, 0x3A2C, 0x3A2C, 0x322C, 0x320B, 0x320B, 0x320B, 0x29CA, 0x29CA, 0x29CA, 0x29EA,
  0x31EB, 0x31CB, 0x29EB, 0x29EB, 0x29EB, 0x29EB, 0x29EB, 0x29EB, 0x3A4C, 0x3A6D, 0x3A2C, 0x322C,
  0x3A4C, 0x322B, 0x320B, 0x320B, 0x320B, 0x426C, 0x3A4C, 0x320B, 0x320B, 0x320A, 0x320A, 0x322A,
  0x320B, 0x320B, 0x320A, 0x320A, 0x320A, 0x31EA, 0x31EA, 0x31EA, 0x3A0A, 0x3A0A, 0x3A0A, 0x3A2B,
  0x426C, 0x3A2B, 0x3A0B, 0x3A2B, 0x3A2B, 0x3A2B, 0x52EE, 0x632F, 0x5AEE, 0x6B90, 0x3A0A, 0x39EA,
  0x3A0A, 0x3A0A, 0x39EA, 0x39EA, 0x39EA, 0x39EA, 0x39EA, 0x39EA, 0x39EA, 0x39EA, 0x39EA, 0x39EA,
  0x39EA, 0x39EA, 0x39EA, 0x39EA, 0x39EA, 0x39EA, 0x39EA, 0x39EA, 0x39EA, 0x39EA, 0x39EA, 0x39EA,
  0x39EA, 0x39EA, 0x39EA, 0x39EA, 0x39EA, 0x39EA, 0x39EA, 0x39EA, 0x39EA, 0x39EA, 0x39EA, 0x39EA,
  0x39EA, 0x39EA, 0x39EA, 0x39EA, 0x39EA, 0x39EA, 0x39EA, 0x39EA, 0x39EA, 0x39EA, 0x39EA, 0x39EA,
  0x39EA, 0x39EA, 0x39EA, 0x39EA, 0x39EA, 0x39EB, 0x31EB, 0x31EB, 0x31EB, 0x39EA, 0x3A0A, 0x3A0A,
  0x3A0A, 0x3A0A, 0x3A0A, 0x3A0A, 0x31EA, 0x31EA, 0x31EA, 0x31EA, 0x31EA, 0x31EA, 0x31EA, 0x31EA,
  0x31EA, 0x31EA, 0x31EA, 0x31EA, 0x31EA, 0x31EA, 0x31EA, 0x31EA, 0x31EA, 0x31EA, 0x31EA, 0x31EA,
  0x31EA, 0x31EA, 0x31EA, 0x31EA, 0x31EA, 0x31EA, 0x31EA, 0x31EA, 0x31EA, 0x31EA, 0x31EA, 0x31EA,
  0x31EA, 0x31EA, 0x31EA, 0x31EA, 0x31EA, 0x31EA, 0x31EA, 0x31EA, 0x31EA, 0x3A0A, 0x3A0A, 0x3A0A,
  0x39EA, 0x39EA, 0x39EB, 0x3A0B, 0x39EB, 0x31EB, 0x31CA, 0x2989, 0x1907, 0x10C6, 0x08C6, 0x08A6,
  0x08A6, 0x08A6, 0x08A6, 0x08A6, 0x08A6, 0x08A6, 0x08A6, 0x08A6, 0x08A6, 0x08A6, 0x08A6, 0x08A6,
  0x08A6, 0x08A6, 0x08A6, 0x08A6, 0x08A6, 0x08A6, 0x08A6, 0x08A6, 0x08A6, 0x08A6, 0x08A6, 0x08A6,
  0x08A6, 0x08A6, 0x08A6, 0x08A6, 0x08A6, 0x08A6, 0x08A6, 0x08A6, 0x08A6, 0x08A6, 0x08A6, 0x08A6,
  0x08A6, 0x08A6, 0x08A6, 0x08A6, 0x08A6, 0x08A6, 0x08A6, 0x08A6, 0x08A6, 0x08A6, 0x08A6, 0x08A6,
  0x08C6, 0x08A6, 0x08A6, 0x10C6, 0x08C6, 0x1947, 0x2187, 0x4AEC, 0x4AAC, 0x5B4F, 0x52EE, 0x29C9,
  0x31CA, 0x31EB, 0x3A0C, 0x31EB, 0x320B, 0x322B, 0x320B, 0x320B, 0x29EB, 0x29EB, 0x29EB, 0x29EB,
  0x29EB, 0x29EB, 0x29EB, 0x29EB, 0x29EB, 0x2A0B, 0x2A0B, 0x320B, 0x428D, 0x428D, 0x3A2C, 0x322C,
  0x320B, 0x320B, 0x320B, 0x320B, 0x322B, 0x426C, 0x3A2B, 0x320B, 0x320A, 0x320A, 0x320A, 0x322B,
  0x3A2B, 0x3A2B, 0x3A2B, 0x3A2B, 0x3A2B, 0x3A2B, 0x3A0B, 0x3A2B, 0x424C, 0x424C, 0x424C, 0x426C,
  0x4A8D, 0x424C, 0x424C, 0x424C, 0x424C, 0x3A2B, 0x424C, 0x5B2F, 0x6B90, 0x5AEE, 0x39EA, 0x39EA,
  0x39EA, 0x39EA, 0x39EA, 0x39EA, 0x39EA, 0x39EA, 0x39EA, 0x39EA, 0x39EA, 0x39EA, 0x39EA, 0x39EA,
  0x39EA, 0x39EA, 0x39EA, 0x39EA, 0x39EA, 0x39EA, 0x39EA, 0x39EA, 0x39EA, 0x39EA, 0x39EA, 0x39EA,
  0x39EA, 0x39EA, 0x39EA, 0x39EA, 0x39EA, 0x39EA, 0x39EA, 0x39EA, 0x39EA, 0x39EA, 0x39EA, 0x39EA,
  0x39EA, 0x39EA, 0x39EA, 0x39EA, 0x39EA, 0x39EA, 0x39EA, 0x39EA, 0x39EA, 0x39EA, 0x39EA, 0x39EA,
  0x39EA, 0x39EA, 0x39EA, 0x39EA, 0x39EA, 0x39EA, 0x31EB, 0x31EB, 0x39EB, 0x39EA, 0x39EA, 0x39EA,
  0x39EA, 0x39EA, 0x39EA, 0x39EA, 0x31EA, 0x31EA, 0x31EA, 0x31EA, 0x31EA, 0x31EA, 0x31EA, 0x31EA,
  0x31EA, 0x31EA, 0x31EA, 0x31EA, 0x31EA, 0x31EA, 0x31EA, 0x31EA, 0x31EA, 0x31EA, 0x31EA, 0x31EA,
  0x31EA, 0x31EA, 0x31EA, 0x31EA, 0x31EA, 0x31EA, 0x31EA, 0x31EA, 0x31EA, 0x31EA, 0x31EA, 0x31EA,
  0x31EA, 0x31EA, 0x31EA, 0x31EA, 0x31EA, 0x31EA, 0x31EA, 0x31EA, 0x31EA, 0x3A0A, 0x3A0A, 0x3A0A,
  0x39EA, 0x39EA, 0x39EA, 0x39EA, 0x3A0B, 0x3A0B, 0x3A0B, 0x39EB, 0x31EA, 0x31CA, 0x2168, 0x10E7,
  0x08A6, 0x08A5, 0x08A6, 0x08A6, 0x08A6, 0x08A6, 0x08A6, 0x08A6, 0x08A6, 0x08A6, 0x08A6, 0x08A6,
  0x08A6, 0x08A6, 0x08A6, 0x08A6, 0x08A6, 0x08A6, 0x08A6, 0x08A6, 0x08A6, 0x08A6, 0x08A6, 0x08A6,
  0x08A6, 0x08A6, 0x08A6, 0x08A6, 0x08A6, 0x08A6, 0x08A6, 0x08A6, 0x08A6, 0x08A6, 0x08A6, 0x08A6,
  0x08A6, 0x08A6, 0x08A6, 0x08A6, 0x08A6, 0x08A6, 0x08A6, 0x08A6, 0x08A6, 0x08A6, 0x08C6, 0x00C6,
  0x00C6, 0x08C6, 0x08C6, 0x08A6, 0x08A6, 0x08C6, 0x08C5, 0x1126, 0x31EA, 0x29A9, 0x4ACD, 0x4ACD,
  0x3A2C, 0x3A2C, 0x3A0B, 0x320B, 0x320B, 0x320B, 0x320B, 0x320B, 0x2A0B, 0x2A0B, 0x29EB, 0x29EB,
  0x29CB, 0x29CB, 0x29AB, 0x21CA, 0x21CA, 0x21AA, 0x21CA, 0x29EA, 0x3A4C, 0x426D, 0x3A0B, 0x39EB,
  0x39EB, 0x3A0B, 0x320B, 0x320B, 0x322B, 0x3A6C, 0x3A4C, 0x3A4C, 0x3A4B, 0x3A4B, 0x3A4B, 0x3A4B,
  0x3A4C, 0x3A4C, 0x3A2B, 0x3A2B, 0x3A2B, 0x3A2B, 0x3A2B, 0x424C, 0x3A0B, 0x3A0B, 0x3A0B, 0x424C,
  0x424C, 0x3A2B, 0x3A2B, 0x3A0B, 0x3A0B, 0x3A0B, 0x3A0A, 0x3A0A, 0x3A0A, 0x31EA, 0x39EA, 0x39EA,
  0x39EA, 0x39EA, 0x39EA, 0x39EA, 0x39EA, 0x39EA, 0x39EA, 0x39EA, 0x39EA, 0x39EA, 0x39EA, 0x39EA,
  0x39EA, 0x39EA, 0x39EA, 0x39EA, 0x39EA, 0x39EA, 0x39EA, 0x39EA, 0x39EA, 0x39EA, 0x39EA, 0x39EA,
  0x39EA, 0x39EA, 0x39EA, 0x39EA, 0x39EA, 0x39EA, 0x39EA, 0x39EA, 0x39EA, 0x39EA, 0x39EA, 0x39EA,
  0x39EA, 0x39EA, 0x39EA, 0x39EA, 0x39EA, 0x39EA, 0x39EA, 0x39EA, 0x39EA, 0x39EA, 0x39EA, 0x39EA,
  0x39EA, 0x39EA, 0x39EA, 0x39EA, 0x39EA, 0x39EA, 0x31EB, 0x31EB, 0x39EA, 0x39EA, 0x39EA, 0x39EA,
  0x39EA, 0x39EA, 0x39EA, 0x39EA, 0x31E9, 0x31E9, 0x31E9, 0x31E9, 0x31E9, 0x31E9, 0x31E9, 0x31EA,
  0x31EA, 0x31EA, 0x31EA, 0x31EA, 0x31EA, 0x31EA, 0x31EA, 0x31EA, 0x31EA, 0x31EA, 0x31EA, 0x31EA,
  0x31EA, 0x31EA, 0x31EA, 0x31EA, 0x31EA, 0x31EA, 0x31EA, 0x31EA, 0x31EA, 0x31EA, 0x31EA, 0x31EA,
  0x31EA, 0x31EA, 0x31EA, 0x31EA, 0x31EA, 0x31EA, 0x31EA, 0x31EA, 0x31EA, 0x3A0A, 0x3A0A, 0x3A0A,
  0x39EA, 0x39EA, 0x39EA, 0x39EA, 0x3A0B, 0x3A0B, 0x3A0B, 0x39EB, 0x39EB, 0x3A0B, 0x31EB, 0x31CA,
  0x2168, 0x08C6, 0x08A6, 0x08A6, 0x08A6, 0x08A6, 0x08A6, 0x08A6, 0x08A6, 0x08A6, 0x08A6, 0x08A6,
  0x08A6, 0x08A6, 0x08A6, 0x08A6, 0x08A6, 0x08A6, 0x08A6, 0x08A6, 0x08A6, 0x08A6, 0x08A6, 0x08A6,
  0x08A6, 0x08A6, 0x08A6, 0x08A6, 0x08A6, 0x08A6, 0x08A6, 0x08A6, 0x08A6, 0x08A6, 0x08A6, 0x08A6,
  0x08A6, 0x08A6, 0x08A6, 0x08A6, 0x08A6, 0x08A6, 0x08A6, 0x08A6, 0x08A6, 0x08A6, 0x08C6, 0x00C6,
  0x00C6, 0x08C6, 0x08C6, 0x08A6, 0x08A6, 0x08A6, 0x08A6, 0x08A6, 0x08C6, 0x08C5, 0x1947, 0x31EA,
  0x31EB, 0x31EB, 0x31CB, 0x29CB, 0x29CB, 0x29CB, 0x29CB, 0x29EA, 0x29CA, 0x29CA, 0x29CA, 0x29EB,
  0x320C, 0x320C, 0x29EB, 0x29CB, 0x21CB, 0x29CB, 0x29CB, 0x29EB, 0x3A4C, 0x426D, 0x3A0B, 0x39EB,
  0x39EB, 0x320B, 0x320B, 0x320B, 0x3A2B, 0x320B, 0x320B, 0x320A, 0x320B, 0x320B, 0x320B, 0x31EA,
  0x31EB, 0x320B, 0x320B, 0x320B, 0x320B, 0x320B, 0x322B, 0x3A4C, 0x3A0B, 0x3A0A, 0x3A0B, 0x424C,
  0x422B, 0x3A2B, 0x3A0B, 0x3A0B, 0x3A0B, 0x3A0B, 0x3A0A, 0x3A2A, 0x3A0A, 0x39EA, 0x39EA, 0x39EA,
  0x39EA, 0x39EA, 0x39EA, 0x39EA, 0x39EA, 0x39EA, 0x39EA, 0x39EA, 0x39EA, 0x39EA, 0x39EA, 0x39EA,
  0x39EA, 0x39EA, 0x39EA, 0x39EA, 0x39EA, 0x39EA, 0x39EA, 0x39EA, 0x39EA, 0x39EA, 0x39EA, 0x39EA,
  0x39EA, 0x39EA, 0x39EA, 0x39EA, 0x39EA, 0x39EA, 0x39EA, 0x39EA, 0x39EA, 0x39EA, 0x39EA, 0x39EA,
  0x39EA, 0x39EA, 0x39EA, 0x39EA, 0x39EA, 0x39EA, 0x39EA, 0x39EA, 0x39EA, 0x39EA, 0x39EA, 0x39EA,
  0x39EA, 0x39EA, 0x39EA, 0x39EA, 0x39EA, 0x39EA, 0x31EA, 0x31EA, 0x39EA, 0x39EA, 0x39EA, 0x39EA,
  0x39EA, 0x39EA, 0x39EA, 0x39EA, 0x31EA, 0x31EA, 0x31EA, 0x31EA, 0x31EA, 0x31EA, 0x31EA, 0x31EA,
  0x31EA, 0x31EA, 0x31EA, 0x31EA, 0x31EA, 0x31EA, 0x31EA, 0x31EA, 0x31EA, 0x31EA, 0x31EA, 0x31EA,
  0x31EA, 0x31EA, 0x31EA, 0x31EA, 0x31EA, 0x31EA, 0x31EA, 0x31EA, 0x31EA, 0x31EA, 0x31EA, 0x31EA,
  0x31EA, 0x31EA, 0x31EA, 0x31EA, 0x31EA, 0x31EA, 0x31EA, 0x31EA, 0x31EA, 0x31EA, 0x3A0A, 0x39EA,
  0x39EA, 0x39EA, 0x39EA, 0x39EA, 0x39EA, 0x39EB, 0x39EB, 0x39EB, 0x39EB, 0x39EB, 0x31EB, 0x31EB,
  0x31EB, 0x29A9, 0x1107, 0x08A6, 0x08A6, 0x08A6, 0x08A6, 0x08A6, 0x08A6, 0x08A6, 0x08A6, 0x08A6,
  0x08A6, 0x08A6, 0x08A6, 0x08A6, 0x08A6, 0x08A6, 0x08A6, 0x08A6, 0x08A6, 0x08A6, 0x08A6, 0x08A6,
  0x08A6, 0x08A6, 0x08A6, 0x08A6, 0x08A6, 0x08A6, 0x08A6, 0x08A6, 0x08A6, 0x08A6, 0x08A6, 0x08A6,
  0x08A6, 0x08A6, 0x08A6, 0x08A6, 0x08A6, 0x08A6, 0x08A6, 0x08A6, 0x08A6, 0x08A6, 0x08A6, 0x08C6,
  0x08C6, 0x08A6, 0x08A6, 0x08A6, 0x08A6, 0x08A6, 0x08A6, 0x08A6, 0x08C6, 0x08C6, 0x08C6, 0x10E6,
  0x29CB, 0x29CB, 0x29AA, 0x29AA, 0x29AA, 0x29AA, 0x29AA, 0x29CA, 0x29CA, 0x29CA, 0x29CA, 0x29CA,
  0x29EB, 0x29EB, 0x29EB, 0x29CB, 0x21CB, 0x21CB, 0x29AB, 0x29CB, 0x3A4D, 0x428E, 0x3A2C, 0x3A2C,
  0x3A4C, 0x3A4C, 0x3A4C, 0x424C, 0x3A0B, 0x31EA, 0x31EA, 0x31EA, 0x3A2B, 0x3A0B, 0x3A0B, 0x3A0B,
  0x3A0B, 0x3A0B, 0x3A0B, 0x3A0B, 0x320B, 0x320B, 0x322B, 0x3A4C, 0x3A0A, 0x3A0A, 0x3A0A, 0x424B,
  0x3A2B, 0x3A0A, 0x3A0A, 0x3A2B, 0x3A2B, 0x3A2B, 0x3A0A, 0x3A2B, 0x3A0A, 0x31E9, 0x31EA, 0x31EA,
  0x39EA, 0x39EA, 0x31EA, 0x31EA, 0x31EA, 0x31EA, 0x31EA, 0x31EA, 0x31EA, 0x31EA, 0x31EA, 0x31EA,
  0x31EA, 0x31EA, 0x31EA, 0x31EA, 0x31EA, 0x31EA, 0x31EA, 0x31EA, 0x31EA, 0x31EA, 0x31EA, 0x31EA,
  0x31EA, 0x31EA, 0x31EA, 0x31EA, 0x31EA, 0x31EA, 0x31EA, 0x31EA, 0x31EA, 0x31EA, 0x31EA, 0x31EA,
  0x31EA, 0x31EA, 0x31EA, 0x31EA, 0x31EA, 0x31EA, 0x31EA, 0x31EA, 0x31EA, 0x31EA, 0x31EA, 0x31EA,
  0x31EA, 0x31EA, 0x31EA, 0x31EA, 0x31EA, 0x31EA, 0x31EA, 0x31EA, 0x31EA, 0x31EA, 0x31EA, 0x31EA,
  0x31EA, 0x31EA, 0x31EA, 0x31EA, 0x31EA, 0x31EA, 0x31EA, 0x31EA, 0x31EA, 0x31EA, 0x31EA, 0x31EA,
  0x31EA, 0x31EA, 0x31EA, 0x31EA, 0x31EA, 0x31EA, 0x31EA, 0x31EA, 0x31EA, 0x31EA, 0x31EA, 0x31EA,
  0x31EA, 0x31EA, 0x31EA, 0x31EA, 0x31EA, 0x31EA, 0x31EA, 0x31EA, 0x31EA, 0x31EA, 0x31EA, 0x31EA,
  0x31EA, 0x31EA, 0x31EA, 0x31EA, 0x31EA, 0x31EA, 0x31EA, 0x31EA, 0x31EA, 0x31EA, 0x31EA, 0x31EA,
  0x31EA, 0x31EA, 0x31EA, 0x31EA, 0x31EA, 0x31EA, 0x31EA, 0x39EB, 0x31EA, 0x31EA, 0x31EA, 0x31EA,
  0x39EB, 0x31EA, 0x2148, 0x08A6, 0x08A5, 0x08A6, 0x08A6, 0x08A6, 0x08A6, 0x08A6, 0x08A6, 0x08A6,
  0x08A6, 0x08A6, 0x08A6, 0x08A6, 0x08A6, 0x08A6, 0x08A6, 0x08A6, 0x08A6, 0x08A6, 0x08A6, 0x08A6,
  0x08A6, 0x08A6, 0x08A6, 0x08A6, 0x08A6, 0x08A6, 0x08A6, 0x08A6, 0x08A6, 0x08A6, 0x08A6, 0x08A6,
  0x08A6, 0x08A6, 0x08A6, 0x08A6, 0x08A6, 0x08A6, 0x08A6, 0x08A6, 0x08A6, 0x08A6, 0x08A6, 0x08A6,
  0x08A6, 0x08A6, 0x08A6, 0x08A6, 0x08A6, 0x08A6, 0x08A6, 0x08A6, 0x08A6, 0x08A6, 0x08A6, 0x08C6,
  0x29EB, 0x29EB, 0x29CB, 0x29CB, 0x29EB, 0x29CB, 0x29CB, 0x29CA, 0x29CA, 0x29CA, 0x29CA, 0x29CA,
  0x29CA, 0x29CA, 0x21AA, 0x21CB, 0x29EB, 0x29EB, 0x29EB, 0x29EB, 0x320C, 0x322C, 0x320B, 0x320B,
  0x31EB, 0x320B, 0x3A2B, 0x426C, 0x320B, 0x31EA, 0x31EA, 0x320A, 0x426C, 0x3A0B, 0x3A0B, 0x3A0B,
  0x3A0B, 0x3A0B, 0x3A0B, 0x3A0B, 0x320B, 0x322B, 0x3A4B, 0x3A4B, 0x3A0A, 0x3A0A, 0x3A0A, 0x426C,
  0x3A0A, 0x3A0A, 0x3A0A, 0x3A0B, 0x3A0B, 0x3A0A, 0x3A0A, 0x52CD, 0x73D1, 0x634F, 0x39EA, 0x31EA,
  0x39EA, 0x39EA, 0x31EA, 0x31EA, 0x31EA, 0x31EA, 0x31EA, 0x31EA, 0x31EA, 0x31EA, 0x31EA, 0x31EA,
  0x31EA, 0x31EA, 0x31EA, 0x31EA, 0x31EA, 0x31EA, 0x31EA, 0x31EA, 0x31EA, 0x31EA, 0x31EA, 0x31EA,
  0x31CA, 0x31CA, 0x31CA, 0x31EA, 0x31EA, 0x31EA, 0x31EA, 0x31EA, 0x31EA, 0x31EA, 0x31EA, 0x31EA,
  0x31EA, 0x31EA, 0x31EA, 0x31EA, 0x31EA, 0x31EA, 0x31EA, 0x31EA, 0x31EA, 0x31EA, 0x31EA, 0x31EA,
  0x31EA, 0x31EA, 0x31EA, 0x31EA, 0x31EA, 0x31EA, 0x31EA, 0x31EA, 0x31EA, 0x31EA, 0x31EA, 0x31EA,
  0x31EA, 0x31EA, 0x31EA, 0x31EA, 0x31EA, 0x320A, 0x320A, 0x31EA, 0x31EA, 0x31EA, 0x31EA, 0x31EA,
  0x31EA, 0x31EA, 0x31EA, 0x31EA, 0x31EA, 0x31EA, 0x31EA, 0x31EA, 0x31EA, 0x31EA, 0x31EA, 0x31EA,
  0x31EA, 0x31EA, 0x31EA, 0x31EA, 0x31EA, 0x31EA, 0x31EA, 0x31EA, 0x31EA, 0x31EA, 0x31EA, 0x31EA,
  0x31EA, 0x31EA, 0x31EA, 0x31EA, 0x31EA, 0x31EA, 0x31EA, 0x31EA, 0x31EA, 0x31EA, 0x31EA, 0x31EA,
  0x31EA, 0x31EA, 0x31EA, 0x31EA, 0x31EA, 0x31EA, 0x3A0B, 0x3A0B, 0x31EA, 0x31EA, 0x31EA, 0x31EA,
  0x3A0B, 0x31CA, 0x1907, 0x08A5, 0x0885, 0x08A6, 0x1948, 0x2148, 0x1107, 0x08C6, 0x08A6, 0x08A6,
  0x08A6, 0x08A6, 0x08A6, 0x08A6, 0x08A6, 0x08A6, 0x08A6, 0x08A6, 0x08A6, 0x08A6, 0x08A6, 0x08A6,
  0x08A6, 0x08A6, 0x08A6, 0x08A6, 0x08A6, 0x08A6, 0x08A6, 0x08A6, 0x08A6, 0x08A6, 0x08A6, 0x08A6,
  0x08A6, 0x08A6, 0x08A6, 0x08A6, 0x08A6, 0x08A6, 0x08A6, 0x08A6, 0x08A6, 0x08A6, 0x08A6, 0x08A6,
  0x08A6, 0x08A6, 0x08A6, 0x08A6, 0x08A6, 0x08A6, 0x08A6, 0x08A6, 0x08A6, 0x08A6, 0x08A6, 0x08C6,
  0x29EB, 0x29EB, 0x29EB, 0x29CB, 0x29CB, 0x29CB, 0x29CB, 0x29CA, 0x29CA, 0x29CA, 0x29CA, 0x29CA,
  0x29CA, 0x29CA, 0x29EB, 0x2A0C, 0x320C, 0x29EB, 0x29EB, 0x29EB, 0x29CB, 0x29AA, 0x29AA, 0x29AA,
  0x29AA, 0x31EB, 0x3A2B, 0x428D, 0x31EA, 0x31EA, 0x31EA, 0x3A0A, 0x428C, 0x3A0B, 0x3A0B, 0x3A0B,
  0x3A0B, 0x3A0B, 0x3A0B, 0x3A0B, 0x320B, 0x322B, 0x3A4C, 0x3A4B, 0x3A0A, 0x3A0A, 0x3A2B, 0x426C,
  0x3A0A, 0x3A0A, 0x3A0A, 0x3A0B, 0x3A2B, 0x3A2B, 0x73F2, 0x8453, 0x7C12, 0x4AAC, 0x3A0A, 0x31EA,
  0x39EA, 0x39EA, 0x31EA, 0x31EA, 0x31EA, 0x31EA, 0x31EA, 0x31EA, 0x31EA, 0x31EA, 0x31EA, 0x31EA,
  0x31EA, 0x31EA, 0x31EA, 0x31EA, 0x31EA, 0x31EA, 0x31EA, 0x31EA, 0x31EA, 0x31EA, 0x31EA, 0x31EA,
  0x31CA, 0x31CA, 0x31CA, 0x31EA, 0x31EA, 0x31EA, 0x31EA, 0x31EA, 0x31EA, 0x31EA, 0x31EA, 0x31EA,
  0x31EA, 0x31EA, 0x31EA, 0x31EA, 0x31EA, 0x31EA, 0x31EA, 0x31EA, 0x31EA, 0x31EA, 0x31EA, 0x31EA,
  0x31EA, 0x31EA, 0x31EA, 0x31EA, 0x31EA, 0x31EA, 0x31EA, 0x31EA, 0x31EA, 0x31EA, 0x320B, 0x3A0B,
  0x320B, 0x31EA, 0x31EA, 0x31EA, 0x3A0B, 0x3A0B, 0x3A0B, 0x3A0B, 0x31EA, 0x31EA, 0x31EA, 0x31EA,
  0x31EA, 0x31EA, 0x31EA, 0x31EA, 0x31EA, 0x31EA, 0x31EA, 0x31EA, 0x31EA, 0x31EA, 0x31EA, 0x31EA,
  0x31EA, 0x31EA, 0x31EA, 0x31EA, 0x31EA, 0x31EA, 0x31EA, 0x31EA, 0x31EA, 0x31EA, 0x31EA, 0x31EA,
  0x31EA, 0x31EA, 0x31EA, 0x31EA, 0x31EA, 0x31EA, 0x31EA, 0x31EA, 0x31EA, 0x31EA, 0x31EA, 0x31EA,
  0x31EA, 0x31EA, 0x39EA, 0x39EA, 0x3A0B, 0x3A2B, 0x3A0B, 0x31EA, 0x31EA, 0x31EA, 0x31EA, 0x31EA,
  0x31EA, 0x31EA, 0x2989, 0x1907, 0x10E6, 0x10E7, 0x29CA, 0x31EB, 0x31CA, 0x2169, 0x1107, 0x08C6,
  0x08A5, 0x08A5, 0x08A5, 0x08A5, 0x08A6, 0x08A6, 0x08A6, 0x08A6, 0x08A6, 0x08A6, 0x08A6, 0x08A6,
  0x08A6, 0x08A6, 0x08A6, 0x08A6, 0x08A6, 0x08A6, 0x08A6, 0x08A6, 0x08A6, 0x08A6, 0x08A6, 0x08A6,
  0x08A6, 0x08A6, 0x08A6, 0x08A6, 0x08A6, 0x08A6, 0x08A6, 0x08A6, 0x08A6, 0x08A6, 0x08A6, 0x08A6,
  0x08A6, 0x08A6, 0x08A6, 0x08A6, 0x08A6, 0x08A6, 0x08A6, 0x08A6, 0x08A6, 0x08A6, 0x08A6, 0x08C6,
  0x29CB, 0x29CB, 0x29CB, 0x29CB, 0x29CB, 0x29CB, 0x29CB, 0x29CB, 0x29CB, 0x29AB, 0x29AB, 0x29CA,
  0x29CA, 0x29EB, 0x29EB, 0x29CB, 0x29CB, 0x29CB, 0x29CB, 0x29CB, 0x29CB, 0x29CB, 0x29CB, 0x29CB,
  0x29CB, 0x29CA, 0x31CB, 0x424C, 0x3A0B, 0x31EA, 0x31EA, 0x3A2B, 0x426C, 0x3A0C, 0x39EC, 0x39EC,
  0x320B, 0x322B, 0x322B, 0x322B, 0x3A2B, 0x3A2B, 0x3A4C, 0x3A0B, 0x3A0A, 0x3A0A, 0x3A2B, 0x426C,
  0x3A0A, 0x3A0A, 0x3A0A, 0x3A2B, 0x3A2B, 0x3A2B, 0x4A8C, 0x634F, 0x8453, 0x632F, 0x3A0A, 0x31EA,
  0x39EA, 0x39EA, 0x31EA, 0x31EA, 0x31EA, 0x31EA, 0x31EA, 0x31EA, 0x31EA, 0x31EA, 0x31EA, 0x31EA,
  0x31EA, 0x31EA, 0x31EA, 0x31EA, 0x31EA, 0x31EA, 0x31EA, 0x31EA, 0x31EA, 0x31EA, 0x31EA, 0x31EA,
  0x31CA, 0x31CA, 0x31CA, 0x31EA, 0x31EA, 0x31EA, 0x31EA, 0x31EA, 0x31EA, 0x31EA, 0x31EA, 0x31EA,
  0x31EA, 0x31EA, 0x31EA, 0x31EA, 0x31EA, 0x31EA, 0x31EA, 0x31EA, 0x31EA, 0x31EA, 0x31EA, 0x31EA,
  0x31EA, 0x31EA, 0x31EA, 0x31EA, 0x31EA, 0x31EA, 0x31EA, 0x31EA, 0x39EA, 0x3A0B, 0x3A0B, 0x3A0B,
  0x424C, 0x3A2B, 0x3A0B, 0x3A2B, 0x3A2B, 0x3A0B, 0x3A2B, 0x3A2C, 0x3A0B, 0x31EB, 0x31EA, 0x31EA,
  0x31EA, 0x31EA, 0x31EA, 0x31EA, 0x31EA, 0x31EA, 0x31EA, 0x31EA, 0x31EA, 0x31EA, 0x31EA, 0x31EA,
  0x31EA, 0x31EA, 0x31EA, 0x31EA, 0x31EA, 0x31EA, 0x31EA, 0x31EA, 0x31EA, 0x31EA, 0x31EA, 0x31EA,
  0x31EA, 0x31EA, 0x31EA, 0x31EA, 0x31EA, 0x31EA, 0x31EA, 0x31EA, 0x31EA, 0x31EA, 0x31EA, 0x31EA,
  0x31EA, 0x39EA, 0x3A2B, 0x3A2B, 0x3A0B, 0x39EA, 0x39EA, 0x31EA, 0x31EA, 0x31EA, 0x31EA, 0x31EA,
  0x31EA, 0x31EA, 0x31EA, 0x31EA, 0x31EA, 0x31EA, 0x31EB, 0x31EB, 0x31EB, 0x31EB, 0x31CA, 0x29A9,
  0x1928, 0x08C6, 0x0885, 0x0085, 0x08A6, 0x08A6, 0x08A6, 0x08A6, 0x08A6, 0x08A6, 0x08A6, 0x08A6,
  0x08A6, 0x08A6, 0x08A6, 0x08A6, 0x08A6, 0x08A6, 0x08A6, 0x08A6, 0x08A6, 0x08A6, 0x08A6, 0x08A6,
  0x08A6, 0x08A6, 0x08A6, 0x08A6, 0x08A6, 0x08A6, 0x08A6, 0x08A6, 0x08A6, 0x08A6, 0x08A6, 0x08A6,
  0x08A6, 0x08A6, 0x08A6, 0x08A6, 0x08A6, 0x08A6, 0x08A6, 0x08A6, 0x08A6, 0x08A6, 0x08A6, 0x08C6,
  0x29CB, 0x29CB, 0x29CB, 0x29CB, 0x29CB, 0x29CB, 0x29CB, 0x29CB, 0x29CB, 0x29CB, 0x29CB, 0x29EB,
  0x320B, 0x3A4C, 0x29EB, 0x29EB, 0x29EB, 0x29EB, 0x29EB, 0x29EB, 0x29EB, 0x29CB, 0x21CB, 0x21CB,
  0x21CB, 0x29CA, 0x29AA, 0x31CB, 0x424D, 0x31EB, 0x31EA, 0x3A2B, 0x426D, 0x424D, 0x424D, 0x424D,
  0x3A4C, 0x3A6C, 0x3A6C, 0x3A6C, 0x424C, 0x422C, 0x3A2B, 0x424C, 0x424B, 0x424B, 0x424B, 0x3A2B,
  0x3A0A, 0x3A0A, 0x3A0A, 0x3A2B, 0x3A2B, 0x3A2B, 0x424B, 0x52CD, 0x632F, 0x5B0E, 0x3A2B, 0x31EA,
  0x39EA, 0x39EA, 0x31EA, 0x31EA, 0x31EA, 0x31EA, 0x31EA, 0x31EA, 0x31EA, 0x31EA, 0x31EA, 0x31EA,
  0x31EA, 0x31EA, 0x31EA, 0x31EA, 0x31EA, 0x31EA, 0x31EA, 0x31EA, 0x31EA, 0x31EA, 0x31EA, 0x31EA,
  0x31CA, 0x31CA, 0x31CA, 0x31EA, 0x31EA, 0x31EA, 0x31EA, 0x31EA, 0x31EA, 0x31EA, 0x31EA, 0x31EA,
  0x31EA, 0x31EA, 0x31EA, 0x31EA, 0x31EA, 0x31EA, 0x31EA, 0x31EA, 0x31EA, 0x31EA, 0x31EA, 0x31EA,
  0x31EA, 0x31EA, 0x31EA, 0x31EA, 0x31EA, 0x31EA, 0x31EA, 0x39EA, 0x39EA, 0x3A0B, 0x3A2B, 0x3A2B,
  0x3A2C, 0x424C, 0x3A0B, 0x31EB, 0x31EB, 0x31EB, 0x31EB, 0x31EB, 0x3A2C, 0x3A0B, 0x31EB, 0x31EA,
  0x31EA, 0x31EA, 0x31EA, 0x31EA, 0x31EA, 0x31EA, 0x31EA, 0x31EA, 0x31EA, 0x31EA, 0x31EA, 0x31EA,
  0x31EA, 0x31EA, 0x31EA, 0x31EA, 0x31EA, 0x31EA, 0x31EA, 0x31EA, 0x31EA, 0x31EA, 0x31EA, 0x31EA,
  0x31EA, 0x31EA, 0x31EA, 0x31EA, 0x31EA, 0x31EA, 0x31EA, 0x31EA, 0x31EA, 0x31EA, 0x31EA, 0x31EA,
  0x31EA, 0x3A0A, 0x3A0A, 0x3A2B, 0x3A0B, 0x39EA, 0x31EA, 0x31EA, 0x31EA, 0x31EA, 0x31CA, 0x31EA,
  0x31EA, 0x39EA, 0x3A0B, 0x3A2B, 0x3A0B, 0x320B, 0x320B, 0x31EB, 0x31EB, 0x3A2B, 0x3A4C, 0x31EB,
  0x29CA, 0x29AA, 0x1948, 0x10E6, 0x08A6, 0x08A6, 0x08A6, 0x08A6, 0x08A6, 0x08A6, 0x08A6, 0x08A6,
  0x08A6, 0x08A6, 0x08A6, 0x08A6, 0x08A6, 0x08A6, 0x08A6, 0x08A6, 0x08A6, 0x08A6, 0x08A6, 0x08A6,
  0x08A6, 0x08A6, 0x08A6, 0x08A6, 0x08A6, 0x08A6, 0x08A6, 0x08A6, 0x08A6, 0x08A6, 0x08A6, 0x08A6,
  0x08A6, 0x08A6, 0x08A6, 0x08A6, 0x08A6, 0x08A6, 0x08A6, 0x08A6, 0x08A6, 0x08A6, 0x08A6, 0x08C6,
  0x29CB, 0x29CB, 0x29CB, 0x29CB, 0x29CB, 0x29CB, 0x29CB, 0x29EA, 0x29EA, 0x29EA, 0x29EA, 0x29EA,
  0x320B, 0x3A4C, 0x29EB, 0x31EB, 0x29EB, 0x29CB, 0x29CB, 0x29CB, 0x29CB, 0x29CB, 0x21CB, 0x21CA,
  0x21AA, 0x29AA, 0x29AA, 0x29AA, 0x3A2C, 0x424C, 0x3A0B, 0x3A0B, 0x3A0B, 0x3A0C, 0x3A0C, 0x3A2C,
  0x3A2C, 0x3A4C, 0x3A4C, 0x322B, 0x424C, 0x424C, 0x422C, 0x3A2B, 0x3A2B, 0x3A0A, 0x3A0A, 0x3A0A,
  0x3A0A, 0x3A0A, 0x3A0A, 0x3A2B, 0x3A2B, 0x3A0A, 0x7C12, 0x7C12, 0x8432, 0x6B70, 0x39EA, 0x31EA,
  0x39EA, 0x39EA, 0x31EA, 0x31EA, 0x31EA, 0x31EA, 0x31EA, 0x31EA, 0x31EA, 0x31EA, 0x31EA, 0x31EA,
  0x31EA, 0x31EA, 0x31EA, 0x31EA, 0x31EA, 0x31EA, 0x31EA, 0x31EA, 0x31EA, 0x31EA, 0x31EA, 0x31EA,
  0x31CA, 0x31CA, 0x31CA, 0x31EA, 0x31EA, 0x31EA, 0x31EA, 0x31EA, 0x31EA, 0x31EA, 0x31EA, 0x31EA,
  0x31EA, 0x31EA, 0x31EA, 0x31EA, 0x31EA, 0x31EA, 0x31EA, 0x31EA, 0x31EA, 0x31EA, 0x31EA, 0x31EA,
  0x31EA, 0x31EA, 0x31EA, 0x31EA, 0x31EA, 0x39EA, 0x3A0B, 0x422B, 0x3A2B, 0x3A0B, 0x3A0B, 0x31EB,
  0x320B, 0x320B, 0x3A2C, 0x3A0B, 0x31EB, 0x31EB, 0x31EB, 0x31EB, 0x3A0B, 0x3A0B, 0x31EB, 0x31EA,
  0x31EA, 0x31EA, 0x31EA, 0x31EA, 0x31EA, 0x31EA, 0x31EA, 0x31EA, 0x31EA, 0x31EA, 0x31EA, 0x31EA,
  0x31EA, 0x31EA, 0x31EA, 0x31EA, 0x31EA, 0x31EA, 0x31EA, 0x31EA, 0x31EA, 0x31EA, 0x31EA, 0x31EA,
  0x31EA, 0x31EA, 0x31EA, 0x31EA, 0x31EA, 0x31EA, 0x31EA, 0x31EA, 0x31EA, 0x31EA, 0x31EA, 0x31EA,
  0x31EA, 0x31EA, 0x31EA, 0x3A0B, 0x3A2B, 0x3A2B, 0x3A0B, 0x3A0A, 0x31EA, 0x31EA, 0x31CA, 0x31EA,
  0x3A0B, 0x3A2B, 0x424C, 0x3A4C, 0x3A2B, 0x3A0B, 0x320B, 0x31EA, 0x31EB, 0x3A4C, 0x3A2B, 0x31EA,
  0x31EA, 0x31EA, 0x31EA, 0x29CA, 0x2169, 0x1107, 0x08A6, 0x08A6, 0x08A6, 0x08A6, 0x08A6, 0x08A6,
  0x08A6, 0x08A6, 0x08A6, 0x08A6, 0x08A6, 0x08A6, 0x08A6, 0x08A6, 0x08A6, 0x08A6, 0x08A6, 0x08A6,
  0x08A6, 0x08A6, 0x08A6, 0x08A6, 0x08A6, 0x08A6, 0x08A6, 0x08A6, 0x08A6, 0x08A6, 0x08A6, 0x08A6,
  0x08A6, 0x08A6, 0x08A6, 0x08A6, 0x08A6, 0x08A6, 0x08A6, 0x08A6, 0x08A6, 0x08A6, 0x08A6, 0x08C6,
  0x29CB, 0x29CB, 0x29CB, 0x29CB, 0x29CB, 0x29CB, 0x29CB, 0x29C9, 0x21C9, 0x29C9, 0x29E9, 0x29CA,
  0x29EB, 0x31EB, 0x21AA, 0x29CB, 0x29CB, 0x29CB, 0x29CB, 0x29CB, 0x29AA, 0x21AA, 0x21AA, 0x21AA,
  0x21AA, 0x29AA, 0x29AA, 0x29AA, 0x31EB, 0x426D, 0x424C, 0x424C, 0x424C, 0x424D, 0x422D, 0x3A2C,
  0x3A2C, 0x322B, 0x322B, 0x320B, 0x320B, 0x39EB, 0x31EA, 0x31EA, 0x31EA, 0x31EA, 0x31EA, 0x3A0A,
  0x3A0A, 0x3A0A, 0x3A0A, 0x3A0A, 0x3A2B, 0x3A0A, 0x73D1, 0x5B2E, 0x636F, 0x6B6F, 0x39EA, 0x31EA,
  0x39EA, 0x39EA, 0x31EA, 0x31EA, 0x31EA, 0x31EA, 0x31EA, 0x31EA, 0x31EA, 0x31EA, 0x31EA, 0x31EA,
  0x31EA, 0x31EA, 0x31EA, 0x31EA, 0x31EA, 0x39EA, 0x39EA, 0x39EA, 0x39EA, 0x39EA, 0x31EA, 0x31EA,
  0x31EA, 0x31C9, 0x31CA, 0x31EA, 0x31EA, 0x31EA, 0x31EA, 0x31EA, 0x31EA, 0x31EA, 0x31EA, 0x31EA,
  0x31EA, 0x31EA, 0x39EA, 0x39EA, 0x39EA, 0x31EA, 0x31EA, 0x31EA, 0x31EA, 0x31EA, 0x31EA, 0x31EA,
  0x31EA, 0x31EA, 0x31EA, 0x39EA, 0x3A0A, 0x3A2B, 0x3A0A, 0x3A0A, 0x31EA, 0x31EA, 0x31EA, 0x31EA,
  0x39EB, 0x39EB, 0x39EA, 0x3A2B, 0x3A0B, 0x31EB, 0x39EB, 0x39EB, 0x39EB, 0x39EB, 0x39EB, 0x31EA,
  0x31EA, 0x31EA, 0x31EA, 0x31EA, 0x31EA, 0x31EA, 0x31EA, 0x31EA, 0x31EA, 0x31EA, 0x31EA, 0x31EA,
  0x31EA, 0x31EA, 0x31EA, 0x31EA, 0x31EA, 0x31EA, 0x31EA, 0x31EA, 0x31EA, 0x31EA, 0x31EA, 0x31EA,
  0x31EA, 0x31EA, 0x31EA, 0x31EA, 0x31EA, 0x31EA, 0x31EA, 0x31EA, 0x31EA, 0x31EA, 0x31EA, 0x31EA,
  0x31EA, 0x31EA, 0x31EA, 0x31EA, 0x39EA, 0x3A0B, 0x3A2B, 0x3A0B, 0x3A0B, 0x3A0B, 0x3A2B, 0x422B,
  0x3A2B, 0x3A0B, 0x31EA, 0x320B, 0x320B, 0x320B, 0x31EB, 0x31EA, 0x31EA, 0x3A2B, 0x31EB, 0x31EA,
  0x31EA, 0x31EA, 0x31EA, 0x31EA, 0x31CA, 0x31CA, 0x2189, 0x1907, 0x08C6, 0x08A6, 0x08A5, 0x08A6,
  0x08A6, 0x08A6, 0x08A6, 0x08A6, 0x08A6, 0x08A6, 0x08A6, 0x08A6, 0x08A6, 0x08A6, 0x08A6, 0x08A6,
  0x08A6, 0x08A6, 0x08A6, 0x08A6, 0x08A6, 0x08A6, 0x08A6, 0x08A6, 0x08A6, 0x08A6, 0x08A6, 0x08A6,
  0x08A6, 0x08A6, 0x08A6, 0x08A6, 0x08A6, 0x08A6, 0x08A6, 0x08A6, 0x08A6, 0x08A6, 0x08A6, 0x08C6,
  0x29CB, 0x29CA, 0x29CA, 0x29EB, 0x29EB, 0x29CB, 0x29CA, 0x29CA, 0x29CA, 0x29CA, 0x29CA, 0x29CB,
  0x29EB, 0x320C, 0x29EB, 0x29EB, 0x322C, 0x322C, 0x320C, 0x2A0B, 0x2A0C, 0x320C, 0x2A0B, 0x31EB,
  0x320B, 0x31EB, 0x31EB, 0x31EB, 0x3A0B, 0x3A0B, 0x3A0B, 0x3A2C, 0x3A2C, 0x3A0C, 0x3A2C, 0x3A0C,
  0x3A0B, 0x31EB, 0x31EA, 0x31EA, 0x31EA, 0x31EA, 0x31EA, 0x31EA, 0x31EA, 0x31EA, 0x31EA, 0x31EA,
  0x31EA, 0x31EA, 0x31EA, 0x3A0A, 0x3A2A, 0x3A2A, 0x52CD, 0x6B90, 0x4AAC, 0x4AAC, 0x39EA, 0x31EA,
  0x39EA, 0x39EA, 0x39EA, 0x39EA, 0x39EA, 0x39EA, 0x39EA, 0x39EA, 0x39EA, 0x39EA, 0x39EA, 0x39EA,
  0x39EA, 0x39EA, 0x31EA, 0x31EA, 0x31EA, 0x39EA, 0x39EA, 0x39EA, 0x3A0A, 0x3A0A, 0x3A0A, 0x3A0B,
  0x3A2B, 0x39EA, 0x31EA, 0x31EA, 0x31EA, 0x31EA, 0x31EA, 0x31EA, 0x31EA, 0x31EA, 0x31EA, 0x31EA,
  0x31EA, 0x31EA, 0x39EA, 0x3A0A, 0x3A0A, 0x31EA, 0x39EA, 0x39EA, 0x39EA, 0x39EA, 0x39EA, 0x39EA,
  0x39EA, 0x39EA, 0x3A2B, 0x422B, 0x3A0A, 0x39EA, 0x31EA, 0x31EA, 0x31EA, 0x31EA, 0x31EA, 0x31EA,
  0x39EA, 0x39EA, 0x31EA, 0x39EA, 0x39EA, 0x31EA, 0x31EA, 0x31EA, 0x31EA, 0x39EA, 0x31EA, 0x31EA,
  0x31EA, 0x31EA, 0x31EA, 0x31EA, 0x31EA, 0x31EA, 0x39EA, 0x39CA, 0x39CA, 0x39CA, 0x39EA, 0x39EA,
  0x39EA, 0x39EA, 0x31EA, 0x31EA, 0x31EA, 0x31EA, 0x31EA, 0x31EB, 0x31EA, 0x31EA, 0x31EA, 0x31EA,
  0x31EA, 0x31EA, 0x31EB, 0x31EB, 0x39EB, 0x39EB, 0x39EA, 0x31EA, 0x31EA, 0x31EA, 0x31EA, 0x31EA,
  0x31EA, 0x31EA, 0x31EA, 0x31EA, 0x31EA, 0x31EA, 0x3A0B, 0x3A2B, 0x424B, 0x424B, 0x3A0B, 0x3A0A,
  0x31EA, 0x31EA, 0x31EA, 0x31EA, 0x31EA, 0x39EA, 0x39EA, 0x31EA, 0x31EA, 0x3A0B, 0x3A2B, 0x31EA,
  0x31EA, 0x31EA, 0x31EA, 0x31EA, 0x31EA, 0x31EA, 0x31EA, 0x31CA, 0x2189, 0x1907, 0x08C6, 0x08A5,
  0x08A5, 0x08A6, 0x08A6, 0x08A6, 0x08A6, 0x08A6, 0x08A6, 0x08A6, 0x08A6, 0x08A6, 0x08A6, 0x08A6,
  0x08A6, 0x08A6, 0x08A6, 0x08A6, 0x08A6, 0x08A6, 0x08A6, 0x08A6, 0x08A6, 0x08A6, 0x08A6, 0x08A6,
  0x08A6, 0x08A6, 0x08A6, 0x08A6, 0x08A6, 0x08A6, 0x08A6, 0x08A6, 0x08A6, 0x08A6, 0x08A6, 0x08C6,
  0x320B, 0x322C, 0x322B, 0x320B, 0x29CA, 0x29CA, 0x21AA, 0x21AA, 0x29AA, 0x29AA, 0x29AA, 0x29AA,
  0x29CB, 0x29CB, 0x21AA, 0x29EB, 0x29EB, 0x29EB, 0x29CB, 0x21CB, 0x21CB, 0x29CB, 0x29CA, 0x29CA,
  0x29AA, 0x29AA, 0x29AA, 0x29AA, 0x298A, 0x29AA, 0x29AA, 0x29AA, 0x29AA, 0x29AA, 0x29AA, 0x29AA,
  0x29AA, 0x29CA, 0x31EA, 0x31CA, 0x31CA, 0x31CA, 0x31CA, 0x31CA, 0x31CA, 0x31EA, 0x31EA, 0x31EA,
  0x31EA, 0x31EA, 0x31EA, 0x3A0A, 0x3A2A, 0x3A2A, 0x3A0A, 0x422A, 0x3A0A, 0x39E9, 0x31C9, 0x31CA,
  0x39EA, 0x39EA, 0x39EA, 0x31EA, 0x31EA, 0x39EA, 0x39EA, 0x39EA, 0x3A0B, 0x3A0B, 0x3A0B, 0x3A0B,
  0x3A0B, 0x3A0B, 0x3A2B, 0x422B, 0x424B, 0x424B, 0x422B, 0x422B, 0x422B, 0x422B, 0x422B, 0x3A2B,
  0x3A2B, 0x424C, 0x3A0A, 0x31CA, 0x31EA, 0x31EA, 0x31EA, 0x31EA, 0x31EA, 0x31EA, 0x31EA, 0x31EA,
  0x31EA, 0x31EA, 0x31EA, 0x3A0A, 0x422B, 0x31EA, 0x39EA, 0x39EA, 0x39EA, 0x3A0A, 0x39EA, 0x39EA,
  0x3A0A, 0x424B, 0x422B, 0x39EA, 0x31EA, 0x31EA, 0x31EA, 0x31EA, 0x31EA, 0x31EA, 0x31EA, 0x31EA,
  0x31EA, 0x31EA, 0x31EA, 0x31EA, 0x31EA, 0x31EA, 0x31EA, 0x31EA, 0x31EA, 0x31EA, 0x31EA, 0x31EA,
  0x31EA, 0x31EA, 0x31EA, 0x31EA, 0x31EA, 0x31EA, 0x39EA, 0x39CA, 0x39EA, 0x39EA, 0x39EA, 0x39EA,
  0x39EA, 0x39EA, 0x31EA, 0x31EA, 0x31EA, 0x31EA, 0x31EB, 0x31EB, 0x31EB, 0x31EA, 0x31EA, 0x31EA,
  0x39EA, 0x31EB, 0x31EB, 0x31EB, 0x31EB, 0x31EA, 0x39EB, 0x3A0B, 0x39EB, 0x39EB, 0x31EA, 0x31EA,
  0x31EA, 0x31EA, 0x31EA, 0x3A0B, 0x3A0B, 0x3A2B, 0x424C, 0x424C, 0x426C, 0x424B, 0x3A0B, 0x3A0A,
  0x31EA, 0x31EA, 0x31EA, 0x31EA, 0x31EA, 0x39EA, 0x3A0A, 0x39EA, 0x39EA, 0x3A0A, 0x424C, 0x31EA,
  0x31EA, 0x31EA, 0x31EA, 0x31EA, 0x31EA, 0x31EA, 0x31EA, 0x31EA, 0x31EA, 0x31EA, 0x2989, 0x2148,
  0x10E6, 0x08A6, 0x08A6, 0x08A6, 0x08A6, 0x08A6, 0x08A6, 0x08A6, 0x08A6, 0x08A6, 0x08A6, 0x08A6,
  0x08A6, 0x08A6, 0x08A6, 0x08A6, 0x08A6, 0x08A6, 0x08A6, 0x08A6, 0x08A6, 0x08A6, 0x08A6, 0x08A6,
  0x08A6, 0x08A6, 0x08A6, 0x08A6, 0x08A6, 0x08A6, 0x08A6, 0x08A6, 0x08A6, 0x08A6, 0x08A6, 0x08C6,
  0x29CA, 0x29EA, 0x320B, 0x322C, 0x322B, 0x320B, 0x29EB, 0x29CB, 0x29CA, 0x21AA, 0x29AA, 0x29CA,
  0x29AA, 0x29CA, 0x29CB, 0x29CB, 0x21CB, 0x29CB, 0x29CB, 0x29CB, 0x29CB, 0x29CA, 0x29CA, 0x29AA,
  0x29AA, 0x29AA, 0x29AA, 0x29AA, 0x31AA, 0x31A9, 0x31A9, 0x31A9, 0x31A9, 0x31A9, 0x29A9, 0x29A9,
  0x31CA, 0x31CA, 0x31CA, 0x31CA, 0x31CA, 0x31CA, 0x31CA, 0x31CA, 0x31CA, 0x31EA, 0x31EA, 0x31EA,
  0x31EA, 0x31EA, 0x31EA, 0x3A0A, 0x3A2A, 0x3A2B, 0x3A2B, 0x7C12, 0x7C32, 0x7C32, 0x4A8C, 0x39EA,
  0x3A0B, 0x3A0B, 0x3A2B, 0x422B, 0x422B, 0x424C, 0x424C, 0x424C, 0x424C, 0x424C, 0x422B, 0x422B,
  0x422B, 0x422B, 0x3A2B, 0x3A0B, 0x39EA, 0x31EA, 0x31CA, 0x31CA, 0x31EA, 0x31EA, 0x31EA, 0x31CA,
  0x31EA, 0x424B, 0x3A2B, 0x31CA, 0x31EA, 0x31EA, 0x31EA, 0x31EA, 0x31EA, 0x31EA, 0x31EA, 0x31EA,
  0x31EA, 0x31EA, 0x31EA, 0x3A0A, 0x426C, 0x3A0A, 0x39EA, 0x39EA, 0x39EA, 0x3A0A, 0x3A0A, 0x3A2B,
  0x3A2B, 0x3A0B, 0x424C, 0x424B, 0x3A0A, 0x39EA, 0x31EA, 0x31EA, 0x31EA, 0x31EA, 0x31EA, 0x31EA,
  0x31EA, 0x31EA, 0x31EA, 0x31EA, 0x31EA, 0x31EA, 0x31EA, 0x31EA, 0x31EA, 0x31EA, 0x31EA, 0x31EA,
  0x31EA, 0x31EA, 0x39EA, 0x31EA, 0x31EA, 0x39EA, 0x39EA, 0x39EA, 0x39EA, 0x39EA, 0x39EA, 0x39EA,
  0x39EA, 0x39EA, 0x31EA, 0x31EA, 0x31EA, 0x31EA, 0x31EB, 0x31EB, 0x31EB, 0x31EA, 0x31EA, 0x3A0A,
  0x3A0B, 0x39EB, 0x31EB, 0x31EB, 0x31EB, 0x31EB, 0x31EB, 0x3A0B, 0x3A2C, 0x3A0B, 0x39EB, 0x3A0B,
  0x320B, 0x31EA, 0x3A2B, 0x424C, 0x3A2B, 0x3A2B, 0x3A2B, 0x3A0B, 0x39EA, 0x39EA, 0x3A2B, 0x3A2B,
  0x3A0A, 0x3A0A, 0x39EA, 0x31EA, 0x39EA, 0x3A0A, 0x3A0B, 0x3A0B, 0x3A2B, 0x422B, 0x3A0B, 0x31CA,
  0x31EA, 0x31EA, 0x31EA, 0x31EA, 0x31EA, 0x31EA, 0x31EA, 0x31EA, 0x31EA, 0x31EA, 0x31EA, 0x31EA,
  0x31CA, 0x2148, 0x10E6, 0x08A6, 0x08A6, 0x08A6, 0x08A6, 0x08A6, 0x08A6, 0x08A6, 0x08A6, 0x08A6,
  0x08A6, 0x08A6, 0x08A6, 0x08A6, 0x08A6, 0x08A6, 0x08A6, 0x08A6, 0x08A6, 0x08A6, 0x08A6, 0x08A6,
  0x08A6, 0x08A6, 0x08A6, 0x08A6, 0x08A6, 0x08A6, 0x08A6, 0x08A6, 0x08A6, 0x08A6, 0x08A6, 0x08C6,
  0x21C9, 0x21C9, 0x29CA, 0x29EA, 0x29EA, 0x29EB, 0x320B, 0x320B, 0x29EB, 0x29EB, 0x29EA, 0x29CA,
  0x29CA, 0x29CA, 0x31EB, 0x29CA, 0x29CB, 0x29CA, 0x29CA, 0x29CA, 0x29CA, 0x29CA, 0x29CA, 0x29CA,
  0x29CA, 0x29AA, 0x31CA, 0x31AA, 0x31AA, 0x31A9, 0x31A9, 0x31A9, 0x31A9, 0x31A9, 0x31A9, 0x31AA,
  0x31CA, 0x31CA, 0x31CA, 0x31CA, 0x31CA, 0x31CA, 0x31CA, 0x31CA, 0x31CA, 0x31EA, 0x31EA, 0x31EA,
  0x31EA, 0x31EA, 0x31EA, 0x3A0A, 0x3A2A, 0x3A2B, 0x424B, 0x73D1, 0x52ED, 0x7C12, 0x6370, 0x3A0B,
  0x3A0B, 0x3A0B, 0x3A2B, 0x422B, 0x424C, 0x3A0B, 0x39EA, 0x31EA, 0x31CA, 0x31EA, 0x39EA, 0x39EA,
  0x39EA, 0x3A0B, 0x39EA, 0x39EA, 0x31EA, 0x31EA, 0x31EA, 0x31EA, 0x31CA, 0x31CA, 0x31CA, 0x31CA,
  0x31CA, 0x422B, 0x3A2B, 0x31EA, 0x31EA, 0x31EA, 0x31EA, 0x31EA, 0x31EA, 0x31EA, 0x31EA, 0x31EA,
  0x31EA, 0x31EA, 0x39EA, 0x3A0A, 0x424B, 0x3A0A, 0x39EA, 0x39EA, 0x3A0A, 0x3A2B, 0x3A2B, 0x3A0A,
  0x39EA, 0x39EA, 0x3A0A, 0x3A2B, 0x3A2B, 0x3A0A, 0x39EA, 0x39EA, 0x39EA, 0x31EA, 0x31EA, 0x31EA,
  0x31EA, 0x31EA, 0x31EA, 0x31EA, 0x31EA, 0x31EA, 0x31EA, 0x31EA, 0x31EA, 0x31EA, 0x31EA, 0x31EA,
  0x31EA, 0x31EA, 0x39CA, 0x39CA, 0x39CA, 0x39CA, 0x39EA, 0x422B, 0x3A0B, 0x39EA, 0x3A0B, 0x39EA,
  0x39EA, 0x39EA, 0x31EA, 0x31EA, 0x31EA, 0x31EA, 0x31EB, 0x31EB, 0x31EB, 0x31EB, 0x320B, 0x3A2C,
  0x3A2B, 0x320B, 0x320B, 0x31EB, 0x31EB, 0x320B, 0x320B, 0x320B, 0x320B, 0x3A2C, 0x3A4C, 0x3A2B,
  0x3A2B, 0x3A4C, 0x3A2B, 0x320B, 0x31EA, 0x31EA, 0x3A0A, 0x3A2B, 0x3A2B, 0x3A0B, 0x3A0A, 0x3A0A,
  0x3A0A, 0x3A0A, 0x3A0A, 0x3A0B, 0x3A0B, 0x422B, 0x424B, 0x3A2B, 0x3A0B, 0x31EA, 0x31EA, 0x31EA,
  0x31EA, 0x31EA, 0x31EA, 0x31EA, 0x31EA, 0x31EA, 0x31EA, 0x31EA, 0x31EA, 0x31EA, 0x31EA, 0x31EA,
  0x31EA, 0x31EB, 0x31CA, 0x2148, 0x10E7, 0x08A6, 0x08A6, 0x08A6, 0x08A6, 0x08A6, 0x08A6, 0x08A6,
  0x08A6, 0x08A6, 0x08A6, 0x08A6, 0x08A6, 0x08A6, 0x08A6, 0x08A6, 0x08A6, 0x08A6, 0x08A6, 0x08A6,
  0x08A6, 0x08A6, 0x08A6, 0x08A6, 0x08A6, 0x08A6, 0x08A6, 0x08A6, 0x08A6, 0x08A6, 0x08A6, 0x08C6,
  0x21C9, 0x29C9, 0x29CA, 0x29CA, 0x29CA, 0x29CA, 0x29CA, 0x29CA, 0x29EA, 0x322B, 0x322B, 0x320B,
  0x2A0A, 0x320B, 0x29EA, 0x29EA, 0x29CA, 0x29CA, 0x29CA, 0x29CA, 0x29CA, 0x29CA, 0x29CA, 0x29CA,
  0x29CA, 0x31CA, 0x31AA, 0x31A9, 0x31A9, 0x31A9, 0x31A9, 0x31A9, 0x31A9, 0x31A9, 0x31A9, 0x31A9,
  0x31C9, 0x31CA, 0x31CA, 0x31CA, 0x31CA, 0x31CA, 0x31CA, 0x31CA, 0x31EA, 0x31EA, 0x31EA, 0x31EA,
  0x31EA, 0x31EA, 0x31EA, 0x3A0A, 0x3A2A, 0x3A2B, 0x3A0A, 0x73D1, 0x7C12, 0x73B0, 0x52AD, 0x3A0A,
  0x39EA, 0x39EA, 0x39EA, 0x3A0B, 0x424C, 0x31EA, 0x39EA, 0x31CA, 0x31CA, 0x31EA, 0x39EA, 0x3A0B,
  0x3A0B, 0x3A0B, 0x3A0B, 0x3A0B, 0x3A0B, 0x3A0B, 0x3A0B, 0x39EA, 0x31EA, 0x31EA, 0x31EA, 0x31EA,
  0x31CA, 0x3A0B, 0x422B, 0x31EA, 0x31EA, 0x31EA, 0x31EA, 0x31EA, 0x31EA, 0x31EA, 0x31EA, 0x31EA,
  0x31EA, 0x31EA, 0x39EA, 0x3A2B, 0x422B, 0x3A0A, 0x3A0A, 0x3A2B, 0x3A2B, 0x3A0A, 0x39EA, 0x39EA,
  0x39EA, 0x39EA, 0x39EA, 0x39EA, 0x3A0A, 0x39EA, 0x39EA, 0x39EA, 0x39EA, 0x31EA, 0x31EA, 0x31EA,
  0x31EA, 0x31EA, 0x31EA, 0x31EA, 0x31EA, 0x31EA, 0x31EA, 0x31EA, 0x31EA, 0x31EA, 0x31EA, 0x31EA,
  0x31EA, 0x31EA, 0x39CA, 0x39CA, 0x39CA, 0x39CA, 0x39EA, 0x39EB, 0x3A2B, 0x3A0B, 0x31EA, 0x31EA,
  0x3A0A, 0x31EA, 0x31EA, 0x31EA, 0x31EA, 0x31EB, 0x31EB, 0x31EB, 0x31EB, 0x31EB, 0x320B, 0x322C,
  0x3A2C, 0x322B, 0x322B, 0x320B, 0x320B, 0x322B, 0x320B, 0x320B, 0x322B, 0x428D, 0x428D, 0x3A4C,
  0x3A2C, 0x320B, 0x31EB, 0x31EB, 0x31EA, 0x39EA, 0x39EA, 0x3A0B, 0x3A0B, 0x3A0B, 0x3A0B, 0x3A0B,
  0x39EA, 0x39EA, 0x3A0A, 0x424B, 0x424C, 0x3A2B, 0x3A0B, 0x3A0A, 0x3A0B, 0x3A0B, 0x3A2B, 0x3A0A,
  0x31EA, 0x31EA, 0x31EA, 0x31EA, 0x31EA, 0x31EA, 0x31EA, 0x31EA, 0x31EA, 0x31EA, 0x31EA, 0x31EA,
  0x31EA, 0x31EA, 0x31EA, 0x31EA, 0x29CA, 0x2169, 0x10E7, 0x08C6, 0x08A6, 0x08C6, 0x08C6, 0x08C6,
  0x08C6, 0x08C6, 0x08C6, 0x08A6, 0x08A6, 0x08A6, 0x08A6, 0x08A6, 0x08A6, 0x08A6, 0x08A6, 0x08A6,
  0x08A6, 0x08A6, 0x08A6, 0x08A6, 0x08A6, 0x08A6, 0x08A6, 0x08A6, 0x08A6, 0x08A6, 0x08A6, 0x08C6,
  0x29CA, 0x29CA, 0x29CA, 0x29CA, 0x29CA, 0x29CA, 0x29CA, 0x29CA, 0x29EA, 0x29EA, 0x2A0A, 0x29EA,
  0x29EA, 0x29EA, 0x2A0A, 0x2A0A, 0x29EA, 0x29EA, 0x29EA, 0x29CA, 0x29CA, 0x29CA, 0x29CA, 0x29CA,
  0x31CA, 0x31C9, 0x31C9, 0x31A9, 0x31A9, 0x31A9, 0x31A9, 0x31A9, 0x31A9, 0x31A9, 0x31A9, 0x31A9,
  0x31A9, 0x31C9, 0x39CA, 0x31CA, 0x31CA, 0x31CA, 0x31CA, 0x31CA, 0x31EA, 0x31EA, 0x31EA, 0x31EA,
  0x31EA, 0x31EA, 0x31EA, 0x3A0A, 0x3A0A, 0x3A2A, 0x3A0A, 0x6BB0, 0x7C32, 0x52ED, 0x31C9, 0x39EA,
  0x39EA, 0x39EA, 0x39EA, 0x3A0B, 0x424C, 0x3A0B, 0x3A2B, 0x3A2B, 0x422B, 0x422B, 0x424C, 0x424C,
  0x424C, 0x422B, 0x3A0B, 0x3A0B, 0x3A0B, 0x3A0B, 0x422B, 0x3A0B, 0x39EA, 0x39EA, 0x39EA, 0x39EA,
  0x31EA, 0x3A0B, 0x422B, 0x31EA, 0x31EA, 0x31EA, 0x31EA, 0x31EA, 0x31EA, 0x31EA, 0x31EA, 0x31EA,
  0x31EA, 0x31EA, 0x39EA, 0x424B, 0x424B, 0x422B, 0x422B, 0x3A0A, 0x39EA, 0x3A0A, 0x39EA, 0x39EA,
  0x39EA, 0x39EA, 0x39EA, 0x39EA, 0x39EA, 0x39EA, 0x39EA, 0x39EA, 0x39EA, 0x31EA, 0x31EA, 0x31EA,
  0x31EA, 0x31EA, 0x31EA, 0x31EA, 0x31EA, 0x31EA, 0x31EA, 0x31EA, 0x31EA, 0x31EA, 0x31EA, 0x31EA,
  0x31EA, 0x31EA, 0x31EA, 0x39CB, 0x31CB, 0x31CB, 0x31CA, 0x31EA, 0x3A0B, 0x3A2B, 0x31EA, 0x31EA,
  0x31EA, 0x31EA, 0x31EA, 0x31EA, 0x31EA, 0x31EB, 0x31EB, 0x31EB, 0x31EB, 0x31EB, 0x29EB, 0x320B,
  0x322C, 0x3A6C, 0x3A6C, 0x324B, 0x322C, 0x322C, 0x320B, 0x320B, 0x320B, 0x3A4C, 0x3A6C, 0x320B,
  0x320B, 0x320B, 0x320B, 0x320B, 0x320B, 0x320C, 0x320B, 0x31EB, 0x31EA, 0x3A0A, 0x3A0B, 0x3A0B,
  0x3A2B, 0x424C, 0x424C, 0x424C, 0x424B, 0x422B, 0x424C, 0x424B, 0x3A2B, 0x3A2B, 0x3A0B, 0x39EA,
  0x31EA, 0x31EA, 0x31EA, 0x31EA, 0x31EA, 0x31EA, 0x31EA, 0x31EA, 0x31EA, 0x31EA, 0x31EA, 0x31EA,
  0x31EA, 0x31EA, 0x31EA, 0x31EA, 0x31EA, 0x31EB, 0x29AA, 0x2169, 0x1107, 0x08C6, 0x08C6, 0x08C6,
  0x08A6, 0x08A6, 0x08A6, 0x08A6, 0x08A6, 0x08A6, 0x08A6, 0x08A6, 0x08A6, 0x08A6, 0x08A6, 0x08A6,
  0x08A6, 0x08A6, 0x08A6, 0x08A6, 0x08A6, 0x08A6, 0x08A6, 0x08A6, 0x08A6, 0x08A6, 0x08A6, 0x08C6,
  0x29AB, 0x29AB, 0x29CB, 0x29CB, 0x29CA, 0x29CA, 0x29CA, 0x29CA, 0x29CA, 0x29CA, 0x29CA, 0x29CA,
  0x29CA, 0x29CA, 0x29CA, 0x31CA, 0x31CA, 0x29CA, 0x29CA, 0x29CA, 0x29CA, 0x29CA, 0x29CA, 0x31C9,
  0x31C9, 0x31A9, 0x31A9, 0x31A9, 0x31A9, 0x31A9, 0x31A9, 0x31A9, 0x31A9, 0x31A9, 0x31A9, 0x31A9,
  0x31A9, 0x31C9, 0x39CA, 0x31CA, 0x31CA, 0x31CA, 0x31CA, 0x31CA, 0x31EA, 0x31EA, 0x31EA, 0x31EA,
  0x31EA, 0x31EA, 0x31EA, 0x3A0A, 0x3A0A, 0x3A0A, 0x4A8C, 0x6BB0, 0x4A6B, 0x3A2A, 0x39EA, 0x39EA,
  0x39EB, 0x39EB, 0x39EA, 0x3A0B, 0x4A8D, 0x3A2B, 0x3A2B, 0x3A2B, 0x3A2B, 0x3A0B, 0x3A0B, 0x39EA,
  0x39EA, 0x39EA, 0x39EA, 0x39EA, 0x39EA, 0x39EA, 0x3A0B, 0x3A0B, 0x39EA, 0x3A0B, 0x3A0B, 0x39EA,
  0x39EA, 0x3A0B, 0x424C, 0x31EA, 0x31EA, 0x31EA, 0x31EA, 0x31EA, 0x31EA, 0x31EA, 0x31EA, 0x31EA,
  0x31EA, 0x39EA, 0x31EA, 0x424B, 0x4A6C, 0x3A2B, 0x3A0A, 0x39EA, 0x39EA, 0x39EA, 0x39EA, 0x39EA,
  0x39EA, 0x39EA, 0x39EA, 0x39EA, 0x39EA, 0x39EA, 0x39EA, 0x39EA, 0x39EA, 0x31EA, 0x31EA, 0x31EA,
  0x31EA, 0x31EA, 0x31EA, 0x31EA, 0x31EA, 0x31EA, 0x31EA, 0x31EA, 0x31EA, 0x31EA, 0x31EA, 0x31EA,
  0x31EA, 0x31EA, 0x31EB, 0x31EB, 0x31EB, 0x31EB, 0x31EB, 0x31EA, 0x31EA, 0x3A2C, 0x3A2B, 0x3A0B,
  0x320A, 0x320A, 0x31EA, 0x31EA, 0x31EA, 0x31EB, 0x31EB, 0x31EB, 0x31EB, 0x31EB, 0x31EB, 0x29EB,
  0x31EB, 0x322B, 0x3A6C, 0x322B, 0x320B, 0x320B, 0x320B, 0x322C, 0x3A4C, 0x3A4C, 0x3A6D, 0x3A4C,
  0x3A6D, 0x3A4C, 0x322C, 0x322C, 0x320C, 0x2A0C, 0x320C, 0x31EB, 0x31EB, 0x320B, 0x31EA, 0x31EA,
  0x31EA, 0x3A0B, 0x3A0B, 0x422B, 0x3A2B, 0x3A0B, 0x3A0A, 0x39EA, 0x31EA, 0x31EA, 0x39EA, 0x39EA,
  0x31EA, 0x31EA, 0x31EA, 0x31EA, 0x31EA, 0x31EA, 0x31EA, 0x31EA, 0x31EA, 0x31EA, 0x31EA, 0x31EA,
  0x31EA, 0x31EA, 0x31EA, 0x39EB, 0x31EB, 0x31EB, 0x31EB, 0x31EB, 0x29CA, 0x2169, 0x1107, 0x08C6,
  0x08A6, 0x08A6, 0x08A6, 0x08A6, 0x08A6, 0x08A6, 0x08A6, 0x08A6, 0x08A6, 0x08A6, 0x08A6, 0x08A6,
  0x08A6, 0x08A6, 0x08A6, 0x08A6, 0x08A6, 0x08A6, 0x08A6, 0x08A6, 0x08A6, 0x08A6, 0x08A6, 0x08C6,
  0x29AB, 0x29AB, 0x29AB, 0x29CA, 0x29CA, 0x29CA, 0x29CA, 0x29CA, 0x29CA, 0x29A9, 0x29A9, 0x29CA,
  0x29CA, 0x29CA, 0x29CA, 0x31CA, 0x31CA, 0x31CA, 0x29CA, 0x31CA, 0x31CA, 0x31C9, 0x29A9, 0x29A9,
  0x29A9, 0x31A9, 0x31A9, 0x31A9, 0x31A9, 0x31A9, 0x31A9, 0x31A9, 0x31A9, 0x31A9, 0x31A9, 0x31A9,
  0x31C9, 0x31C9, 0x31CA, 0x31CA, 0x31CA, 0x31CA, 0x31CA, 0x31CA, 0x31CA, 0x31CA, 0x31CA, 0x31EA,
  0x31EA, 0x31EA, 0x31EA, 0x3A0A, 0x3A0A, 0x31EA, 0x4A8C, 0x7C32, 0x7C12, 0x52CD, 0x39EA, 0x39EB,
  0x39EB, 0x39EB, 0x39EB, 0x3A0B, 0x424C, 0x31EA, 0x31CA, 0x39EA, 0x39EA, 0x39EA, 0x39EA, 0x39EA,
  0x39EA, 0x3A0B, 0x3A0B, 0x3A0B, 0x3A2B, 0x422B, 0x422B, 0x3A0B, 0x39EA, 0x39EA, 0x39EA, 0x39EA,
  0x39EA, 0x39EA, 0x424C, 0x39EA, 0x31EA, 0x31EA, 0x31EA, 0x31EA, 0x31EA, 0x31EA, 0x31EA, 0x39EA,
  0x39EA, 0x3A0A, 0x3A0B, 0x3A0B, 0x3A0A, 0x3A0A, 0x39EA, 0x31EA, 0x31EA, 0x31EA, 0x31EA, 0x31EA,
  0x31EA, 0x31EA, 0x31EA, 0x31EA, 0x31EA, 0x31EA, 0x31EA, 0x31EA, 0x31EA, 0x31EA, 0x31EA, 0x31EA,
  0x31EA, 0x31EA, 0x31EA, 0x31EA, 0x31EA, 0x31EA, 0x31EA, 0x31EA, 0x31EA, 0x31EA, 0x31EA, 0x31EA,
  0x31EA, 0x31EA, 0x31CA, 0x31CA, 0x39EB, 0x3A0B, 0x3A0B, 0x3A2B, 0x424B, 0x424C, 0x426C, 0x3A0B,
  0x3A0B, 0x3A0B, 0x320A, 0x320A, 0x31EA, 0x31EB, 0x31EB, 0x31EB, 0x320C, 0x320C, 0x31EB, 0x29EB,
  0x29EB, 0x29EB, 0x322C, 0x3A4C, 0x322C, 0x320B, 0x320B, 0x322C, 0x322C, 0x320B, 0x320B, 0x3A4C,
  0x3A4C, 0x320B, 0x320B, 0x320B, 0x320C, 0x320C, 0x320B, 0x320B, 0x320B, 0x31EB, 0x31EB, 0x31EA,
  0x31EA, 0x31EA, 0x31EA, 0x31EB, 0x39EB, 0x31EA, 0x31EA, 0x39EA, 0x39EA, 0x3A0A, 0x3A0A, 0x3A0A,
  0x3A0A, 0x39EA, 0x39EA, 0x39EA, 0x39EA, 0x39EA, 0x39EA, 0x39EA, 0x39EA, 0x39EA, 0x31EA, 0x31EA,
  0x3A0A, 0x3A2B, 0x424B, 0x424C, 0x424C, 0x424C, 0x422C, 0x3A0B, 0x39EB, 0x31EA, 0x31CA, 0x2989,
  0x1907, 0x10C6, 0x08A6, 0x08A6, 0x08A6, 0x08A6, 0x08A6, 0x08A6, 0x08A6, 0x08A6, 0x08A6, 0x08A6,
  0x08A6, 0x08A6, 0x08A6, 0x08A6, 0x08A6, 0x08A6, 0x08A6, 0x08A6, 0x08A6, 0x08A6, 0x08A6, 0x08C6,
  0x29AB, 0x29AB, 0x29AB, 0x29CA, 0x29CA, 0x29CA, 0x29CA, 0x31CA, 0x31AA, 0x31CA, 0x31CA, 0x31CA,
  0x31CA, 0x31CA, 0x31CA, 0x31C9, 0x31C9, 0x31C9, 0x31C9, 0x31C9, 0x31C9, 0x31C9, 0x29A9, 0x29A9,
  0x29A9, 0x31A9, 0x31A9, 0x31A9, 0x31A9, 0x31A9, 0x31A9, 0x31A9, 0x31A9, 0x31A9, 0x31A9, 0x31A9,
  0x31C9, 0x31C9, 0x31CA, 0x31CA, 0x31CA, 0x31CA, 0x31CA, 0x31CA, 0x31CA, 0x31CA, 0x31CA, 0x31EA,
  0x31EA, 0x31EA, 0x31EA, 0x3A0A, 0x3A0A, 0x31EA, 0x634F, 0x7C12, 0x7BF1, 0x4A8C, 0x3A0A, 0x39EB,
  0x39EB, 0x39EB, 0x39EB, 0x3A0B, 0x4A6D, 0x422C, 0x422C, 0x422C, 0x422C, 0x422B, 0x422B, 0x422B,
  0x422B, 0x422B, 0x3A2B, 0x3A0B, 0x3A0B, 0x3A0B, 0x39EA, 0x39EA, 0x39EA, 0x39EA, 0x39EA, 0x31EA,
  0x31EA, 0x31EA, 0x424C, 0x39EA, 0x31EA, 0x31EA, 0x31EA, 0x31EA, 0x31EA, 0x31EA, 0x39EA, 0x3A2B,
  0x3A2B, 0x3A0A, 0x3A0A, 0x39EA, 0x3A0A, 0x3A0A, 0x39EA, 0x31EA, 0x31EA, 0x31EA, 0x31EA, 0x31EA,
  0x31EA, 0x31EA, 0x31EA, 0x31EA, 0x31EA, 0x31EA, 0x31EA, 0x31EA, 0x31EA, 0x31EA, 0x31EA, 0x31EA,
  0x31EA, 0x31EA, 0x31EA, 0x31EA, 0x31EA, 0x31EA, 0x31EA, 0x31EA, 0x31EA, 0x31EA, 0x31EA, 0x31EA,
  0x39EA, 0x3A0B, 0x422B, 0x424B, 0x424B, 0x422B, 0x422B, 0x3A2B, 0x3A0B, 0x39EA, 0x3A2B, 0x424C,
  0x320A, 0x31EA, 0x320A, 0x320A, 0x320B, 0x320B, 0x31EB, 0x31EB, 0x3A2C, 0x3A2C, 0x320B, 0x29EB,
  0x29EB, 0x29EB, 0x320B, 0x322B, 0x322C, 0x322C, 0x320B, 0x320B, 0x320B, 0x320B, 0x320B, 0x320B,
  0x3A6D, 0x3A6D, 0x3A4C, 0x3A4C, 0x322B, 0x320B, 0x320B, 0x322C, 0x322B, 0x320B, 0x29EB, 0x29EB,
  0x29EB, 0x29EB, 0x31EB, 0x31CA, 0x31EB, 0x31EA, 0x3A0A, 0x3A0A, 0x3A0A, 0x3A0A, 0x3A0A, 0x3A0A,
  0x3A0A, 0x39EA, 0x39EA, 0x39EA, 0x39EA, 0x39EA, 0x39EA, 0x39EA, 0x39EA, 0x3A0B, 0x3A2B, 0x424B,
  0x424C, 0x422B, 0x3A0B, 0x31EA, 0x31EA, 0x31EA, 0x39EA, 0x39EA, 0x39EA, 0x39CA, 0x39CA, 0x39CA,
  0x31CA, 0x31A9, 0x2148, 0x1907, 0x10C6, 0x08A6, 0x08A6, 0x08A6, 0x08A6, 0x08A6, 0x08A6, 0x08A6,
  0x08A6, 0x08A6, 0x08A6, 0x08A6, 0x08A6, 0x08A6, 0x08A6, 0x08A6, 0x08A6, 0x08A6, 0x08A6, 0x08C6,
  0x29AB, 0x29AB, 0x29AB, 0x29CA, 0x29CA, 0x29CA, 0x29CA, 0x31CA, 0x31CA, 0x31CA, 0x31CA, 0x31CA,
  0x31CA, 0x31CA, 0x31CA, 0x31C9, 0x31C9, 0x31C9, 0x31C9, 0x31C9, 0x31C9, 0x31C9, 0x29A9, 0x29A9,
  0x29A9, 0x31A9, 0x31A9, 0x31A9, 0x31A9, 0x31A9, 0x31A9, 0x31A9, 0x31A9, 0x31A9, 0x31A9, 0x31A9,
  0x31C9, 0x31C9, 0x31CA, 0x31CA, 0x31CA, 0x31CA, 0x31CA, 0x31CA, 0x31CA, 0x31CA, 0x31CA, 0x31EA,
  0x31EA, 0x31EA, 0x31EA, 0x3A0A, 0x3A0A, 0x424B, 0x6B90, 0x73D1, 0x5AED, 0x634F, 0x3A0A, 0x3A0B,
  0x3A0B, 0x3A0B, 0x39EB, 0x3A0B, 0x4A6D, 0x422C, 0x3A0B, 0x3A0B, 0x3A0B, 0x3A0B, 0x39EA, 0x39EA,
  0x31EA, 0x31EA, 0x31EA, 0x31EA, 0x31EA, 0x31EA, 0x31EA, 0x31EA, 0x31EA, 0x31EA, 0x31EA, 0x31EA,
  0x31CA, 0x39EA, 0x424C, 0x3A0B, 0x3A0A, 0x3A0A, 0x3A0A, 0x3A2B, 0x422B, 0x424B, 0x422B, 0x3A2B,
  0x3A0A, 0x39EA, 0x39EA, 0x39EA, 0x3A0A, 0x3A0A, 0x39EA, 0x31EA, 0x31EA, 0x31EA, 0x31EA, 0x31EA,
  0x31EA, 0x31EA, 0x31EA, 0x31EA, 0x31EA, 0x31EA, 0x31EA, 0x31EA, 0x31EA, 0x39EA, 0x39EA, 0x31EA,
  0x31EA, 0x31EA, 0x31EA, 0x31EA, 0x31EA, 0x31EA, 0x31EA, 0x31EA, 0x31EA, 0x31EA, 0x31EA, 0x31EA,
  0x39EA, 0x39EA, 0x3A0A, 0x3A0A, 0x39EA, 0x31EA, 0x31EA, 0x31EA, 0x31EA, 0x39EA, 0x3A0A, 0x424C,
  0x3A0B, 0x31EA, 0x3A2B, 0x3A4B, 0x3A4C, 0x3A2C, 0x320B, 0x31EB, 0x31EB, 0x3A2C, 0x3A4C, 0x320B,
  0x29EB, 0x29EB, 0x29EB, 0x320B, 0x322C, 0x3A4C, 0x320B, 0x320B, 0x320B, 0x320B, 0x320B, 0x320B,
  0x322B, 0x3A6D, 0x3A4C, 0x320B, 0x320B, 0x322C, 0x3A4C, 0x322C, 0x320B, 0x320B, 0x29EB, 0x29EB,
  0x29EB, 0x29EB, 0x31EB, 0x31CA, 0x31EB, 0x31EA, 0x39EA, 0x3A0A, 0x3A0A, 0x3A0A, 0x3A0A, 0x3A0A,
  0x3A0A, 0x39EA, 0x39EA, 0x39EA, 0x3A0A, 0x3A0A, 0x3A0A, 0x3A0B, 0x424B, 0x424C, 0x424C, 0x3A2B,
  0x39EA, 0x31EA, 0x31CA, 0x31CA, 0x31EA, 0x31EA, 0x31EA, 0x31CA, 0x39CA, 0x39CA, 0x39CA, 0x39CA,
  0x39CA, 0x39EA, 0x31EA, 0x31CA, 0x29AA, 0x2148, 0x10C6, 0x08A5, 0x08A6, 0x08A6, 0x08A6, 0x08A6,
  0x08A6, 0x08A6, 0x08A6, 0x08A6, 0x08A6, 0x08A6, 0x08A6, 0x08A6, 0x08A6, 0x08A6, 0x08A6, 0x08C6,
  0x29AB, 0x29AB, 0x29AB, 0x29CA, 0x29CA, 0x29CA, 0x29CA, 0x31CA, 0x31CA, 0x31AA, 0x31CA, 0x31CA,
  0x31CA, 0x31CA, 0x31CA, 0x31C9, 0x31C9, 0x31C9, 0x31C9, 0x31C9, 0x31C9, 0x31C9, 0x29A9, 0x29A9,
  0x29A9, 0x31A9, 0x31A9, 0x31A9, 0x31A9, 0x31A9, 0x31A9, 0x31A9, 0x31A9, 0x31A9, 0x31A9, 0x31A9,
  0x31C9, 0x31C9, 0x31CA, 0x31CA, 0x31CA, 0x31CA, 0x31CA, 0x31CA, 0x31CA, 0x31CA, 0x31CA, 0x31EA,
  0x31EA, 0x31EA, 0x31EA, 0x3A0A, 0x3A0A, 0x3A2B, 0x4A6C, 0x6BB0, 0x73B0, 0x4AAC, 0x422B, 0x3A0B,
  0x3A0B, 0x3A0B, 0x39EB, 0x39EB, 0x4A6D, 0x3A0B, 0x3A0B, 0x3A0B, 0x39EB, 0x39EB, 0x39EA, 0x39CA,
  0x31CA, 0x39CA, 0x39EA, 0x39EA, 0x39EA, 0x39EA, 0x3A0B, 0x3A0B, 0x3A0B, 0x3A0B, 0x3A2B, 0x422B,
  0x422B, 0x422B, 0x424C, 0x422B, 0x422B, 0x422B, 0x422B, 0x3A2B, 0x3A2B, 0x3A0A, 0x39EA, 0x39EA,
  0x39EA, 0x31EA, 0x39EA, 0x39EA, 0x39EA, 0x39EA, 0x31EA, 0x31EA, 0x31EA, 0x31EA, 0x31EA, 0x31EA,
  0x31EA, 0x31EA, 0x31EA, 0x31EA, 0x31EA, 0x31EA, 0x31EA, 0x31EA, 0x31EA, 0x3A0A, 0x424B, 0x3A0A,
  0x39EA, 0x31EA, 0x31EA, 0x31EA, 0x31EA, 0x31EA, 0x31EA, 0x31EA, 0x31EA, 0x31EA, 0x31EA, 0x31EA,
  0x31EA, 0x31EA, 0x31EA, 0x39EA, 0x31EA, 0x31EA, 0x31EA, 0x31EA, 0x31EA, 0x31EA, 0x31EA, 0x3A2B,
  0x426C, 0x3A4B, 0x3A2B, 0x3A2B, 0x320B, 0x31EA, 0x31EB, 0x31EB, 0x31EB, 0x320B, 0x322C, 0x322B,
  0x320B, 0x29EB, 0x29EB, 0x29EB, 0x320B, 0x322C, 0x3A6C, 0x320B, 0x320B, 0x320B, 0x320B, 0x320B,
  0x320B, 0x320B, 0x322C, 0x3A4C, 0x3A4D, 0x3A4C, 0x320B, 0x320B, 0x29EB, 0x29EB, 0x29EB, 0x29EB,
  0x29EB, 0x29EB, 0x31EB, 0x31CB, 0x31CA, 0x31EA, 0x39EA, 0x39EA, 0x39EA, 0x39EA, 0x39EA, 0x31EA,
  0x31E9, 0x31EA, 0x31EA, 0x3A0A, 0x3A2B, 0x3A2B, 0x3A2B, 0x424C, 0x424B, 0x3A0B, 0x3A0A, 0x3A0A,
  0x39EA, 0x31EA, 0x31EA, 0x31CA, 0x31CA, 0x31EA, 0x31CA, 0x31CA, 0x39EA, 0x39EA, 0x39EA, 0x39EA,
  0x39EA, 0x39EA, 0x39EA, 0x31EA, 0x31EA, 0x31EA, 0x29A9, 0x1927, 0x10C6, 0x08A6, 0x08A6, 0x08A6,
  0x08A6, 0x08A6, 0x08A6, 0x08A6, 0x08A6, 0x08A6, 0x08A6, 0x08A6, 0x08A6, 0x08A6, 0x08A6, 0x08C6,
  0x29CB, 0x29AB, 0x29AB, 0x29AA, 0x29CA, 0x29CA, 0x31EA, 0x3A0B, 0x3A0B, 0x31EA, 0x31CA, 0x31CA,
  0x31CA, 0x31CA, 0x31CA, 0x31C9, 0x31C9, 0x31C9, 0x31C9, 0x31C9, 0x31C9, 0x31C9, 0x29A9, 0x29A9,
  0x29A9, 0x29A9, 0x31A9, 0x31A9, 0x31A9, 0x31A9, 0x31A9, 0x31A9, 0x31A9, 0x31A9, 0x31A9, 0x31C9,
  0x31C9, 0x31C9, 0x31CA, 0x31CA, 0x31CA, 0x31CA, 0x31CA, 0x31CA, 0x31CA, 0x31CA, 0x31CA, 0x31CA,
  0x31CA, 0x31CA, 0x39EA, 0x3A0A, 0x3A2B, 0x3A0A, 0x634F, 0x73F1, 0x73F1, 0x52CD, 0x424B, 0x3A0B,
  0x3A0B, 0x3A0B, 0x3A0B, 0x3A0B, 0x426D, 0x3A0B, 0x320B, 0x320B, 0x3A0B, 0x3A0B, 0x3A0B, 0x3A0B,
  0x3A0B, 0x422B, 0x424C, 0x424C, 0x424C, 0x424C, 0x422B, 0x422B, 0x3A2B, 0x3A2B, 0x3A2B, 0x3A0B,
  0x3A0B, 0x39EA, 0x39EA, 0x31EA, 0x31EA, 0x31CA, 0x31CA, 0x31EA, 0x31EA, 0x31EA, 0x31EA, 0x31EA,
  0x31EA, 0x31EA, 0x31EA, 0x31EA, 0x31EA, 0x31EA, 0x31EA, 0x31EA, 0x31EA, 0x31EA, 0x31EA, 0x31EA,
  0x31EA, 0x31EA, 0x31EA, 0x31EA, 0x31EA, 0x31EA, 0x31EA, 0x31EA, 0x31EA, 0x3A0A, 0x424B, 0x422B,
  0x3A0A, 0x39EA, 0x31EA, 0x31EA, 0x31EA, 0x31EA, 0x31EA, 0x31EA, 0x31EA, 0x31EA, 0x31EA, 0x31EA,
  0x31EA, 0x31EA, 0x31EA, 0x31EA, 0x31EA, 0x31EA, 0x31EA, 0x31EA, 0x31EA, 0x31EA, 0x31EA, 0x39EA,
  0x422B, 0x424C, 0x3A0B, 0x31CB, 0x31CB, 0x31CA, 0x31EB, 0x31EB, 0x31EB, 0x320B, 0x320B, 0x322C,
  0x3A4C, 0x322C, 0x322C, 0x3A4C, 0x3A4C, 0x3A4C, 0x3A4C, 0x3A4C, 0x3A4C, 0x320B, 0x320B, 0x320B,
  0x29EB, 0x320B, 0x320B, 0x320B, 0x322C, 0x3A4C, 0x322C, 0x320B, 0x320B, 0x29EB, 0x29EB, 0x29EB,
  0x29EB, 0x320B, 0x3A2C, 0x3A0B, 0x31EB, 0x31EB, 0x39EB, 0x39EB, 0x31CA, 0x31A9, 0x31CA, 0x31EA,
  0x31EA, 0x31EA, 0x3A2B, 0x424B, 0x424C, 0x3A2B, 0x3A0B, 0x3A0B, 0x39EA, 0x39EA, 0x3A0A, 0x3A0A,
  0x31EA, 0x31EA, 0x31EA, 0x31EA, 0x31EA, 0x31EA, 0x31EA, 0x39EA, 0x39EA, 0x39E9, 0x39C9, 0x31C9,
  0x31CA, 0x31CA, 0x31CA, 0x31CA, 0x31CA, 0x31CA, 0x31CA, 0x31CA, 0x29A9, 0x1927, 0x08C6, 0x08A6,
  0x08A6, 0x08A6, 0x08A6, 0x08A6, 0x08A6, 0x08A6, 0x08A6, 0x08A6, 0x08A6, 0x08A6, 0x08A6, 0x08C6,
  0x3A0C, 0x31EC, 0x29AB, 0x29AA, 0x29CA, 0x29CA, 0x31CA, 0x31EB, 0x3A0B, 0x3A0B, 0x3A0B, 0x3A0B,
  0x3A0B, 0x31EA, 0x31CA, 0x31A9, 0x31C9, 0x31C9, 0x31C9, 0x31C9, 0x31C9, 0x31C9, 0x29A9, 0x29A9,
  0x29A9, 0x29A9, 0x31A9, 0x31A9, 0x31A9, 0x31A9, 0x31A9, 0x31A9, 0x31A9, 0x31A9, 0x31A9, 0x31C9,
  0x31C9, 0x31C9, 0x31CA, 0x31CA, 0x31CA, 0x31CA, 0x31CA, 0x31CA, 0x31CA, 0x31CA, 0x31CA, 0x31CA,
  0x31CA, 0x31CA, 0x39EA, 0x3A0A, 0x3A2B, 0x422B, 0x422B, 0x4A8C, 0x5B0E, 0x5B0E, 0x3A4B, 0x3A4C,
  0x3A4C, 0x3A4C, 0x426C, 0x426C, 0x4A8D, 0x3A4C, 0x3A4C, 0x3A4C, 0x3A4C, 0x3A4C, 0x3A4C, 0x3A4C,
  0x3A4B, 0x3A0B, 0x39EA, 0x39EA, 0x39EA, 0x39EA, 0x39EA, 0x39EB, 0x39EA, 0x39EA, 0x31EA, 0x31EA,
  0x31EA, 0x31CA, 0x31CA, 0x31CA, 0x31CA, 0x31CA, 0x31CA, 0x31EA, 0x31EA, 0x31EA, 0x31EA, 0x31EA,
  0x31EA, 0x31EA, 0x31EA, 0x31EA, 0x31EA, 0x31EA, 0x31EA, 0x31EA, 0x31EA, 0x31EA, 0x31EA, 0x31EA,
  0x31EA, 0x31EA, 0x31EA, 0x31EA, 0x31EA, 0x31EA, 0x31EA, 0x31EA, 0x31EA, 0x31EA, 0x39EA, 0x424B,
  0x422B, 0x39EA, 0x39EA, 0x31EA, 0x31EA, 0x31EA, 0x31EA, 0x31EA, 0x31EA, 0x31EA, 0x31EA, 0x31EA,
  0x31EA, 0x31EA, 0x31EA, 0x31EA, 0x31EA, 0x31EA, 0x31EA, 0x31EA, 0x31EA, 0x31EA, 0x31EA, 0x31EA,
  0x31EA, 0x422C, 0x31CB, 0x530E, 0x31EA, 0x3A0C, 0x3A4C, 0x3A2C, 0x3A2C, 0x3A2C, 0x3A4C, 0x322C,
  0x322C, 0x322B, 0x320B, 0x320B, 0x320B, 0x29EB, 0x29EB, 0x320B, 0x322C, 0x3A4C, 0x322C, 0x320C,
  0x320B, 0x320B, 0x320B, 0x322C, 0x3A4C, 0x428D, 0x3A4C, 0x29EB, 0x320B, 0x320B, 0x29EB, 0x29EB,
  0x320C, 0x3A4C, 0x3A4C, 0x39EB, 0x31EB, 0x31CA, 0x31CA, 0x29A9, 0x3A2B, 0x634F, 0x636F, 0x320A,
  0x422B, 0x424C, 0x424C, 0x3A2B, 0x3A0A, 0x3A0B, 0x3A0A, 0x39EA, 0x39EA, 0x39EA, 0x39EA, 0x39EA,
  0x31EA, 0x31EA, 0x31EA, 0x31EA, 0x31EA, 0x31EA, 0x31EA, 0x39EA, 0x39E9, 0x39E9, 0x31C9, 0x31A8,
  0x2988, 0x2988, 0x2988, 0x3188, 0x31A8, 0x31A8, 0x31A8, 0x31A8, 0x31C9, 0x31C9, 0x2168, 0x10E7,
  0x08A6, 0x08A6, 0x08A6, 0x08A6, 0x08A6, 0x08A6, 0x08A6, 0x08A6, 0x08A6, 0x08A6, 0x08A6, 0x08C6,
  0x29CB, 0x320C, 0x31EC, 0x29AA, 0x29CA, 0x29CA, 0x29CA, 0x31CA, 0x31CA, 0x31CA, 0x31CA, 0x31CA,
  0x39EB, 0x3A0B, 0x39EA, 0x31CA, 0x31C9, 0x31C9, 0x31C9, 0x31C9, 0x31C9, 0x31C9, 0x29A9, 0x29A9,
  0x29A9, 0x29A9, 0x31A9, 0x31A9, 0x31A9, 0x31A9, 0x31A9, 0x31A9, 0x31A9, 0x31A9, 0x31A9, 0x31C9,
  0x31C9, 0x31CA, 0x31CA, 0x31CA, 0x31CA, 0x31CA, 0x31CA, 0x31CA, 0x31CA, 0x31CA, 0x31CA, 0x31CA,
  0x31CA, 0x31CA, 0x31EA, 0x3A0A, 0x3A0A, 0x39EA, 0x4AAC, 0x73D1, 0x73D1, 0x5AEE, 0x426C, 0x3A4C,
  0x3A4C, 0x3A4C, 0x3A4C, 0x3A4C, 0x324C, 0x320B, 0x31EB, 0x320B, 0x320B, 0x322B, 0x3A0B, 0x3A0B,
  0x3A0B, 0x3A0B, 0x39EA, 0x39EA, 0x39EA, 0x39EA, 0x39EA, 0x39EA, 0x39EA, 0x39CA, 0x39CA, 0x39EA,
  0x39EA, 0x39EA, 0x39EA, 0x31EA, 0x31CA, 0x31EA, 0x31EA, 0x31EA, 0x31EA, 0x31EA, 0x31EA, 0x31EA,
  0x31EA, 0x31EA, 0x31EA, 0x31EA, 0x31EA, 0x31EA, 0x31EA, 0x31EA, 0x31EA, 0x31EA, 0x31EA, 0x31EA,
  0x31EA, 0x31EA, 0x31EA, 0x31EA, 0x31EA, 0x31EA, 0x31EA, 0x31EA, 0x31EA, 0x31EA, 0x31EA, 0x39EA,
  0x422B, 0x3A0B, 0x39EA, 0x31EA, 0x31EA, 0x31EA, 0x31EA, 0x31EA, 0x31EA, 0x31EA, 0x31EA, 0x31EA,
  0x31EA, 0x39EA, 0x39EA, 0x31EA, 0x31EA, 0x31EA, 0x31EA, 0x39EA, 0x3A0A, 0x3A0A, 0x3A0B, 0x3A0B,
  0x31EA, 0x31CA, 0x4AAC, 0x636E, 0x3209, 0x3A2B, 0x31EB, 0x31CA, 0x31CA, 0x31EB, 0x31EB, 0x31EB,
  0x31EB, 0x320B, 0x29EB, 0x320B, 0x320B, 0x320B, 0x320B, 0x320B, 0x320C, 0x3A4C, 0x428D, 0x3A6D,
  0x3A2C, 0x320C, 0x320C, 0x322C, 0x3A4C, 0x3A6D, 0x3A4C, 0x322C, 0x320B, 0x320B, 0x320B, 0x322C,
  0x3A4C, 0x322C, 0x320B, 0x31CB, 0x31EB, 0x3A0B, 0x634F, 0x5B0D, 0x5B0D, 0x426B, 0x4AAC, 0x52EE,
  0x3A0B, 0x422B, 0x3A2B, 0x3A0A, 0x3A0A, 0x39EA, 0x39EA, 0x39EA, 0x39EA, 0x39EA, 0x39EA, 0x39EA,
  0x39EA, 0x39EA, 0x31EA, 0x31EA, 0x31EA, 0x31EA, 0x31EA, 0x31C9, 0x31C9, 0x31A8, 0x2988, 0x2987,
  0x2967, 0x2967, 0x2987, 0x2987, 0x29A7, 0x29A7, 0x29A7, 0x29A7, 0x29A7, 0x31A7, 0x29C9, 0x29A9,
  0x1928, 0x08C6, 0x08A6, 0x08C6, 0x08C6, 0x08A6, 0x08A6, 0x08A6, 0x08A6, 0x08A6, 0x08A6, 0x08C6,
  0x29AB, 0x29CB, 0x3A0C, 0x29CA, 0x29AA, 0x29A9, 0x29A9, 0x29A9, 0x29A9, 0x31A9, 0x29A9, 0x29A9,
  0x31AA, 0x31CA, 0x39EA, 0x3A2B, 0x3A0A, 0x31C9, 0x31C9, 0x31C9, 0x31C9, 0x31C9, 0x29A9, 0x29A9,
  0x29A9, 0x29A9, 0x31A9, 0x31A9, 0x31A9, 0x31A9, 0x29A9, 0x29A9, 0x31A9, 0x31A9, 0x31A9, 0x31A9,
  0x31AA, 0x31AA, 0x31CA, 0x31CA, 0x31CA, 0x31AA, 0x31AA, 0x31AA, 0x29AA, 0x29AA, 0x29AA, 0x29AA,
  0x29AA, 0x29AA, 0x31CA, 0x3A0B, 0x31CA, 0x52CD, 0x73F1, 0x73F1, 0x4AAC, 0x424B, 0x3A2B, 0x3A0B,
  0x3A0B, 0x320B, 0x320B, 0x320B, 0x320B, 0x320B, 0x31EA, 0x31EB, 0x320B, 0x3A0B, 0x39EB, 0x39EB,
  0x3A0B, 0x39EA, 0x39EA, 0x39EA, 0x39EA, 0x39EA, 0x39EA, 0x39EA, 0x39EA, 0x39EA, 0x39EA, 0x39EA,
  0x39EA, 0x39EA, 0x39EA, 0x39EA, 0x31EA, 0x31EA, 0x31EA, 0x31EA, 0x31EA, 0x31EA, 0x31EA, 0x31EA,
  0x31EA, 0x31EA, 0x31EA, 0x31EA, 0x31EA, 0x31EA, 0x31EA, 0x31EA, 0x31EA, 0x31EA, 0x31EA, 0x31EA,
  0x31EA, 0x31EA, 0x31EA, 0x31EA, 0x31EA, 0x31EA, 0x31EA, 0x31EA, 0x31EA, 0x31EA, 0x39EA, 0x39EA,
  0x3A0A, 0x424B, 0x3A0B, 0x39EA, 0x39EA, 0x39EA, 0x39EA, 0x39EA, 0x39EA, 0x39EA, 0x39EA, 0x39EA,
  0x39EA, 0x39EA, 0x39EA, 0x39EA, 0x3A0A, 0x3A2B, 0x3A2B, 0x3A0A, 0x3A0A, 0x3A0A, 0x3A0B, 0x3A0A,
  0x31EA, 0x39EA, 0x6B8F, 0x636F, 0x4A8B, 0x636F, 0x31EA, 0x31EA, 0x31EA, 0x320B, 0x320B, 0x320B,
  0x31EB, 0x320B, 0x320B, 0x320B, 0x320B, 0x320B, 0x322C, 0x3A4D, 0x3A6D, 0x3A4C, 0x322C, 0x3A2C,
  0x320C, 0x320B, 0x320B, 0x320B, 0x320B, 0x320C, 0x3A2C, 0x3A2C, 0x3A2C, 0x322C, 0x322C, 0x322C,
  0x320B, 0x320B, 0x31EB, 0x31CB, 0x31CB, 0x4A6D, 0x424B, 0x634E, 0x5B0D, 0x52EC, 0x3A09, 0x634F,
  0x31C9, 0x3A0A, 0x3A0A, 0x3A0A, 0x3A0A, 0x3A0A, 0x31EA, 0x39EA, 0x3A0A, 0x3A0A, 0x39EA, 0x39EA,
  0x39EA, 0x39EA, 0x31EA, 0x39EA, 0x39EA, 0x39EA, 0x39C9, 0x31A8, 0x3188, 0x3187, 0x2967, 0x2967,
  0x2967, 0x2966, 0x2966, 0x2986, 0x2986, 0x2986, 0x2986, 0x2986, 0x2986, 0x2987, 0x29A8, 0x31C9,
  0x31CA, 0x2169, 0x10E7, 0x10C6, 0x08A6, 0x08A6, 0x08A6, 0x08A6, 0x08A6, 0x08A6, 0x08A6, 0x08C6,
  0x29CB, 0x320C, 0x320C, 0x29AA, 0x29A9, 0x29A9, 0x29A9, 0x29A9, 0x29A9, 0x29A9, 0x29A9, 0x29A9,
  0x29A9, 0x31AA, 0x29A9, 0x31EA, 0x3A2B, 0x31C9, 0x29A9, 0x31C9, 0x31C9, 0x31A9, 0x29A9, 0x29A9,
  0x29A9, 0x29A9, 0x29A9, 0x29A9, 0x29A9, 0x29A9, 0x29A9, 0x29A9, 0x29A9, 0x29A9, 0x2989, 0x2989,
  0x2969, 0x2989, 0x2989, 0x2989, 0x2989, 0x2989, 0x298A, 0x298A, 0x298A, 0x298A, 0x218A, 0x218A,
  0x21AA, 0x21AA, 0x29CB, 0x31EB, 0x3A0B, 0x6BB0, 0x426B, 0x52ED, 0x6BD1, 0x3A0A, 0x3A0A, 0x3A0B,
  0x3A0B, 0x3A0B, 0x320B, 0x320B, 0x320B, 0x31EB, 0x31EA, 0x31EA, 0x3A0B, 0x3A0B, 0x3A0A, 0x3A0A,
  0x3A0A, 0x39EA, 0x39EA, 0x39EA, 0x39EA, 0x39EA, 0x39EA, 0x39EA, 0x39EA, 0x39EA, 0x39EA, 0x39EA,
  0x39EA, 0x39EA, 0x39EA, 0x31EA, 0x31EA, 0x31EA, 0x31EA, 0x31EA, 0x31EA, 0x31EA, 0x31EA, 0x31EA,
  0x31EA, 0x31EA, 0x31EA, 0x31EA, 0x31EA, 0x31EA, 0x31EA, 0x31EA, 0x31EA, 0x31EA, 0x31EA, 0x31EA,
  0x31EA, 0x31EA, 0x31EA, 0x31EA, 0x31EA, 0x31EA, 0x39EA, 0x3A0A, 0x3A0B, 0x422B, 0x424B, 0x424C,
  0x424B, 0x424B, 0x426C, 0x3A0A, 0x39EA, 0x39EA, 0x39EA, 0x39EA, 0x39EA, 0x39EA, 0x39EA, 0x39EA,
  0x3A0A, 0x3A0A, 0x3A0B, 0x422B, 0x424C, 0x424B, 0x3A0A, 0x31EA, 0x39EA, 0x39EA, 0x31EA, 0x31EA,
  0x31CA, 0x424B, 0x424B, 0x31C9, 0x6BB0, 0x634F, 0x4A8C, 0x52ED, 0x3A2B, 0x3A0B, 0x31EB, 0x31EB,
  0x31EB, 0x31EB, 0x320C, 0x320C, 0x320C, 0x320B, 0x320B, 0x29EB, 0x29EB, 0x29EB, 0x29EB, 0x31EB,
  0x320B, 0x31EB, 0x31EB, 0x31EB, 0x31EB, 0x31EB, 0x31EB, 0x320C, 0x322C, 0x3A2C, 0x3A4C, 0x3A4C,
  0x322C, 0x320B, 0x31EB, 0x31EB, 0x31EC, 0x320B, 0x3A2B, 0x5B2E, 0x31C8, 0x636E, 0x634E, 0x52CC,
  0x31E9, 0x3A0A, 0x31EA, 0x39EA, 0x3A0B, 0x3A0B, 0x3A0B, 0x3A0B, 0x3A0A, 0x39EA, 0x3A0A, 0x3A0A,
  0x3A0A, 0x3A0A, 0x3A0A, 0x39EA, 0x39E9, 0x39E9, 0x31A8, 0x3187, 0x3167, 0x3166, 0x3166, 0x3166,
  0x3166, 0x3166, 0x3166, 0x2966, 0x2966, 0x2966, 0x2966, 0x2966, 0x2966, 0x2966, 0x2987, 0x2988,
  0x31A9, 0x31EA, 0x31C9, 0x2148, 0x10C6, 0x10A6, 0x08A6, 0x08A6, 0x08A6, 0x08A6, 0x08A6, 0x08C6,
  0x29EB, 0x3A4C, 0x29EB, 0x29A9, 0x29A9, 0x29A9, 0x29A9, 0x29A9, 0x29A9, 0x29A9, 0x29A9, 0x29A9,
  0x31AA, 0x31CA, 0x31CA, 0x31EA, 0x31EA, 0x31C9, 0x29A9, 0x29A9, 0x29A9, 0x29A9, 0x29A9, 0x29A9,
  0x2989, 0x2989, 0x2989, 0x2989, 0x2989, 0x2989, 0x2189, 0x2189, 0x2189, 0x2189, 0x2189, 0x2168,
  0x2169, 0x2189, 0x2189, 0x21AA, 0x29CA, 0x29CA, 0x29EB, 0x29EB, 0x29EB, 0x2A0B, 0x29EB, 0x29EB,
  0x29EB, 0x29EB, 0x322C, 0x320C, 0x426D, 0x7C53, 0x73F1, 0x52ED, 0x6B90, 0x320A, 0x320B, 0x320B,
  0x320B, 0x320B, 0x320B, 0x320B, 0x320B, 0x31EB, 0x31EA, 0x320A, 0x3A0B, 0x3A0A, 0x3A0A, 0x3A0A,
  0x3A0A, 0x39EA, 0x39EA, 0x39EA, 0x39EA, 0x39EA, 0x39EA, 0x39EA, 0x39EA, 0x39EA, 0x39EA, 0x39EA,
  0x39EA, 0x39EA, 0x39EA, 0x31EA, 0x31EA, 0x31EA, 0x31EA, 0x31EA, 0x31EA, 0x31EA, 0x31EA, 0x31EA,
  0x31EA, 0x31EA, 0x31EA, 0x31EA, 0x31EA, 0x31EA, 0x31EA, 0x31EA, 0x31EA, 0x31EA, 0x31EA, 0x31EA,
  0x31EA, 0x31EA, 0x31EA, 0x31EA, 0x31EA, 0x31EA, 0x39EA, 0x3A0A, 0x3A2B, 0x422B, 0x3A0B, 0x3A0A,
  0x39EA, 0x39EA, 0x3A2B, 0x426C, 0x3A0A, 0x39EA, 0x39EA, 0x39EA, 0x31EA, 0x31EA, 0x39EA, 0x3A0A,
  0x422B, 0x424B, 0x3A2B, 0x3A0B, 0x3A0A, 0x39EA, 0x39EA, 0x31EA, 0x31EA, 0x31EA, 0x31EA, 0x31EA,
  0x31EA, 0x31EA, 0x31C9, 0x3A0A, 0x6B90, 0x73F1, 0x6B90, 0x632E, 0x31A9, 0x31C9, 0x31EA, 0x31EB,
  0x31EB, 0x31EB, 0x320C, 0x320C, 0x320B, 0x320B, 0x320B, 0x29EB, 0x29EB, 0x29EB, 0x29EB, 0x31EB,
  0x31EB, 0x31EB, 0x31EB, 0x31EB, 0x31EB, 0x31EB, 0x31EB, 0x31EB, 0x31EB, 0x31EB, 0x320B, 0x3A4C,
  0x3A4D, 0x3A4C, 0x3A2C, 0x3A0C, 0x3A2C, 0x320B, 0x4A8C, 0x6BD0, 0x530D, 0x3A09, 0x3A4A, 0x31C8,
  0x31E9, 0x31EA, 0x31EA, 0x39EA, 0x39EA, 0x31EA, 0x3A0A, 0x3A0A, 0x3A0B, 0x39EA, 0x39EA, 0x3A0A,
  0x3A0A, 0x3A0A, 0x3A0A, 0x39EA, 0x39E9, 0x39C8, 0x3187, 0x3167, 0x3166, 0x3166, 0x3166, 0x3166,
  0x3166, 0x3166, 0x3166, 0x2966, 0x2965, 0x2965, 0x2965, 0x2965, 0x2965, 0x2966, 0x2966, 0x2967,
  0x2968, 0x31C9, 0x39EA, 0x39EA, 0x2989, 0x1907, 0x10C6, 0x08A6, 0x08A6, 0x08A6, 0x08A6, 0x08C6,
  0x31EB, 0x320B, 0x29AA, 0x29A9, 0x29A9, 0x29A9, 0x29A9, 0x29A9, 0x29A9, 0x29A9, 0x29A9, 0x29A9,
  0x29A9, 0x29AA, 0x31CA, 0x31C9, 0x29A9, 0x29A9, 0x29A9, 0x29A9, 0x29A9, 0x2989, 0x2989, 0x2989,
  0x2169, 0x2989, 0x2989, 0x2169, 0x2989, 0x29AA, 0x29CA, 0x29CA, 0x29CA, 0x29EA, 0x29EA, 0x29EB,
  0x2A0B, 0x2A0B, 0x29EB, 0x29EB, 0x29EB, 0x29EA, 0x21EA, 0x21EB, 0x21EB, 0x21EB, 0x21CA, 0x21CA,
  0x21CB, 0x29EB, 0x322C, 0x320C, 0x31EB, 0x426C, 0x73F2, 0x7412, 0x5B4F, 0x320A, 0x322B, 0x322C,
  0x322C, 0x320C, 0x320B, 0x320B, 0x320B, 0x320B, 0x3A0A, 0x3A0A, 0x3A0A, 0x3A0A, 0x3A0A, 0x3A0A,
  0x3A0A, 0x39EA, 0x39EA, 0x39EA, 0x39EA, 0x39EA, 0x39EA, 0x39EA, 0x39EA, 0x39EA, 0x39EA, 0x39EA,
  0x39EA, 0x39EA, 0x39EA, 0x31EA, 0x31EA, 0x31CA, 0x31EA, 0x31EA, 0x31EA, 0x31EA, 0x31EA, 0x31EA,
  0x31EA, 0x31EA, 0x31EA, 0x31EA, 0x31EA, 0x31EA, 0x31EA, 0x31EA, 0x31EA, 0x31EA, 0x31EA, 0x31EA,
  0x31EA, 0x31EA, 0x31EA, 0x31EA, 0x31EA, 0x31EA, 0x31EA, 0x31EA, 0x31EA, 0x39EA, 0x31EA, 0x31EA,
  0x31EA, 0x31EA, 0x3A0A, 0x3A2B, 0x422B, 0x3A0A, 0x3A0A, 0x3A0A, 0x3A0A, 0x3A0A, 0x3A2B, 0x424B,
  0x3A2B, 0x3A0A, 0x31EA, 0x31EA, 0x31EA, 0x31EA, 0x31EA, 0x31EA, 0x31EA, 0x31EA, 0x31EA, 0x31EA,
  0x39EA, 0x39EA, 0x31EA, 0x31C9, 0x39EA, 0x6B90, 0x52ED, 0x6B90, 0x6B90, 0x52CE, 0x31C9, 0x31EA,
  0x31EB, 0x31EB, 0x320C, 0x320C, 0x31EB, 0x320B, 0x322B, 0x320B, 0x31EB, 0x31EB, 0x31EB, 0x31EB,
  0x31EB, 0x31CB, 0x31CB, 0x31CB, 0x31CB, 0x31EB, 0x31CB, 0x31EB, 0x31EB, 0x3A2C, 0x3A6D, 0x3A6D,
  0x3A4C, 0x322C, 0x3A2C, 0x3A2C, 0x31EC, 0x31EB, 0x426C, 0x4A8C, 0x3A0A, 0x3A0A, 0x320A, 0x320A,
  0x31EA, 0x31EA, 0x31EB, 0x39EB, 0x3A0B, 0x3A2B, 0x3A2B, 0x3A0B, 0x39EA, 0x31EA, 0x31EA, 0x3A0A,
  0x3A0A, 0x3A0A, 0x3A0A, 0x39EA, 0x39E9, 0x31A8, 0x3167, 0x3167, 0x3166, 0x3166, 0x2966, 0x2966,
  0x2966, 0x2966, 0x3166, 0x2966, 0x3166, 0x2966, 0x2966, 0x2985, 0x2965, 0x2966, 0x2966, 0x2967,
  0x2967, 0x31A9, 0x39CA, 0x39EA, 0x39EA, 0x31EA, 0x29A9, 0x2128, 0x10E7, 0x08C6, 0x08A6, 0x08C6,
  0x320B, 0x29AA, 0x29A9, 0x29A9, 0x29A9, 0x29A9, 0x29A9, 0x29A9, 0x29AA, 0x29AA, 0x29AA, 0x29AA,
  0x29AA, 0x29A9, 0x29A9, 0x29A9, 0x29A9, 0x29A9, 0x29A9, 0x31C9, 0x29A9, 0x2989, 0x2189, 0x2188,
  0x2168, 0x2189, 0x2189, 0x29A9, 0x29CA, 0x29CA, 0x29CA, 0x21AA, 0x21A9, 0x21AA, 0x21CA, 0x21CA,
  0x21CA, 0x21AA, 0x21A9, 0x21A9, 0x21A9, 0x21AA, 0x21AA, 0x21CA, 0x21CA, 0x21CA, 0x21CA, 0x21CB,
  0x21CB, 0x21CB, 0x322C, 0x29EB, 0x29AA, 0x29A9, 0x3A2B, 0x31EA, 0x320B, 0x320B, 0x320B, 0x320B,
  0x322B, 0x320B, 0x320B, 0x3A0B, 0x3A0B, 0x3A0A, 0x3A0A, 0x3A0A, 0x3A0A, 0x3A0A, 0x3A0A, 0x3A0A,
  0x3A0A, 0x39EA, 0x39EA, 0x39EA, 0x39EA, 0x39EA, 0x39EA, 0x39EA, 0x39EA, 0x39EA, 0x39EA, 0x39EA,
  0x39EA, 0x39EA, 0x39EA, 0x39EA, 0x31EA, 0x31CA, 0x31CA, 0x31EA, 0x31EA, 0x31EA, 0x31EA, 0x31EA,
  0x31EA, 0x31EA, 0x31EA, 0x31EA, 0x31EA, 0x31EA, 0x31EA, 0x31EA, 0x31EA, 0x31EA, 0x31EA, 0x31EA,
  0x31EA, 0x31EA, 0x31EA, 0x31EA, 0x31EA, 0x31EA, 0x31EA, 0x31EA, 0x31EA, 0x31EA, 0x31EA, 0x31EA,
  0x31EA, 0x31EA, 0x31EA, 0x39EA, 0x3A2B, 0x424B, 0x424B, 0x424C, 0x424C, 0x424B, 0x3A2B, 0x3A0A,
  0x31EA, 0x31EA, 0x31EA, 0x31EA, 0x31EA, 0x31EA, 0x31EA, 0x31EA, 0x31EA, 0x31EA, 0x31EA, 0x31EA,
  0x31EA, 0x31EA, 0x31E9, 0x31C9, 0x31E9, 0x52CD, 0x5B0E, 0x5AEE, 0x52CD, 0x634F, 0x634F, 0x424B,
  0x31EA, 0x31EB, 0x31EB, 0x31EB, 0x31EB, 0x31EB, 0x3A2B, 0x426C, 0x320B, 0x31EA, 0x31EA, 0x31EA,
  0x31CA, 0x31CA, 0x31CB, 0x31EB, 0x31EB, 0x31EB, 0x31CA, 0x31CA, 0x31EB, 0x320B, 0x31EB, 0x31EB,
  0x31EB, 0x31EB, 0x31EB, 0x320C, 0x3A2C, 0x3A0C, 0x31EA, 0x3A0A, 0x3A0A, 0x320A, 0x31EA, 0x31EA,
  0x31CA, 0x31CA, 0x31CB, 0x3A0B, 0x424C, 0x424C, 0x3A2B, 0x3A0B, 0x31EA, 0x31EA, 0x31EA, 0x31EA,
  0x3A0A, 0x3A0A, 0x3A0A, 0x39EA, 0x31C8, 0x3187, 0x2967, 0x3167, 0x3166, 0x3166, 0x2966, 0x2966,
  0x2966, 0x3185, 0x6924, 0x3946, 0x3166, 0x2986, 0x2186, 0x2986, 0x2965, 0x2966, 0x2966, 0x2966,
  0x2967, 0x2988, 0x31C9, 0x39EA, 0x39EA, 0x39EA, 0x31CA, 0x31CA, 0x31A9, 0x2148, 0x10E6, 0x10E6,
  0x29A9, 0x29A9, 0x29A9, 0x29A9, 0x29A9, 0x29A9, 0x29A9, 0x29AA, 0x29CA, 0x29CA, 0x29CA, 0x29CA,
  0x29CA, 0x29AA, 0x29A9, 0x29A9, 0x29A9, 0x29A9, 0x29A9, 0x31C9, 0x29A9, 0x2168, 0x2168, 0x2188,
  0x1988, 0x2188, 0x21A9, 0x3A4B, 0x29EA, 0x21AA, 0x21AA, 0x218A, 0x198A, 0x198A, 0x21CA, 0x21CA,
  0x21AA, 0x2189, 0x2189, 0x2189, 0x2189, 0x2189, 0x21A9, 0x21AA, 0x21AA, 0x21AA, 0x21AA, 0x21AA,
  0x21AA, 0x21AA, 0x324C, 0x322C, 0x320B, 0x320B, 0x428D, 0x3A4C, 0x426C, 0x3A4C, 0x3A4C, 0x424C,
  0x3A2B, 0x3A0B, 0x3A0B, 0x3A0B, 0x3A0B, 0x3A0A, 0x3A0A, 0x3A0A, 0x3A0A, 0x3A0A, 0x3A0A, 0x3A0A,
  0x3A0A, 0x39EA, 0x39EA, 0x3A0B, 0x3A0B, 0x39EA, 0x39EA, 0x39EA, 0x39EA, 0x39EA, 0x39EA, 0x39EA,
  0x39EA, 0x39EA, 0x39EA, 0x39EA, 0x31EA, 0x31C9, 0x31CA, 0x31EA, 0x31EA, 0x31EA, 0x31EA, 0x31EA,
  0x31EA, 0x31EA, 0x31EA, 0x31EA, 0x31EA, 0x31EA, 0x31EA, 0x31EA, 0x31EA, 0x31EA, 0x31EA, 0x31EA,
  0x31EA, 0x31EA, 0x31EA, 0x31EA, 0x31EA, 0x31EA, 0x31EA, 0x31EA, 0x31EA, 0x31EA, 0x31EA, 0x31EA,
  0x31EA, 0x31EA, 0x31EA, 0x31EA, 0x39EA, 0x424B, 0x3A2B, 0x3A0A, 0x3A0A, 0x3A0A, 0x39EA, 0x39EA,
  0x31EA, 0x31EA, 0x31EA, 0x31EA, 0x31EA, 0x31EA, 0x31EA, 0x31EA, 0x31EA, 0x31EA, 0x31EA, 0x31EA,
  0x31EA, 0x31EA, 0x31E9, 0x31E9, 0x422A, 0x3A2A, 0x31C9, 0x4A8C, 0x31C9, 0x634F, 0x4A8B, 0x636F,
  0x31C9, 0x39EB, 0x428C, 0x31EA, 0x3A4C, 0x424C, 0x3A4B, 0x3A4B, 0x3A2B, 0x320B, 0x31EA, 0x31EA,
  0x31EA, 0x31EA, 0x31EA, 0x3A0B, 0x424C, 0x3A0B, 0x31EA, 0x31EA, 0x31EA, 0x31EA, 0x31CA, 0x31CB,
  0x31EB, 0x31EB, 0x31EB, 0x31EC, 0x320C, 0x3A2C, 0x426D, 0x424C, 0x3A0B, 0x31EB, 0x31EB, 0x31EB,
  0x31EB, 0x3A0B, 0x3A2C, 0x3A2C, 0x3A0B, 0x31EB, 0x31EA, 0x31EA, 0x31EA, 0x3A0B, 0x3A0B, 0x3A0B,
  0x3A0A, 0x3A0A, 0x3A0A, 0x31C9, 0x31A8, 0x2967, 0x2967, 0x3167, 0x3166, 0x3166, 0x2966, 0x2966,
  0x2965, 0x39A6, 0x9925, 0x70E6, 0x3946, 0x3166, 0x2966, 0x2966, 0x2965, 0x2966, 0x2966, 0x2966,
  0x2967, 0x2987, 0x31A8, 0x39E9, 0x39EA, 0x39EA, 0x39CA, 0x31CA, 0x31EA, 0x31EA, 0x29CA, 0x2989,
  0x29A9, 0x29A9, 0x29A9, 0x29CA, 0x29EB, 0x29EB, 0x29EB, 0x29EB, 0x31EB, 0x320B, 0x320B, 0x320B,
  0x320B, 0x31EB, 0x29A9, 0x29A9, 0x29A9, 0x29A9, 0x31C9, 0x29A9, 0x29A9, 0x2168, 0x2168, 0x1968,
  0x2189, 0x21A9, 0x320B, 0x3A4C, 0x29EA, 0x29CA, 0x21AA, 0x21AA, 0x198A, 0x198A, 0x21CB, 0x21AA,
  0x218A, 0x2189, 0x2189, 0x2189, 0x2189, 0x2189, 0x2189, 0x218A, 0x218A, 0x21AA, 0x21AA, 0x21AA,
  0x21AA, 0x21AA, 0x322C, 0x29CA, 0x29CA, 0x29CA, 0x428D, 0x320A, 0x322B, 0x320B, 0x320B, 0x3A0B,
  0x3A0B, 0x3A0A, 0x320A, 0x320A, 0x3A0A, 0x3A0A, 0x3A0A, 0x3A0A, 0x3A0A, 0x3A0A, 0x3A0A, 0x3A0A,
  0x3A0A, 0x3A0A, 0x3A0B, 0x3A0B, 0x39EA, 0x31CA, 0x31CA, 0x39EA, 0x31CA, 0x31CA, 0x39EA, 0x39EA,
  0x39EA, 0x39EA, 0x39EA, 0x39EA, 0x31EA, 0x31C9, 0x31CA, 0x31EA, 0x31EA, 0x31EA, 0x31EA, 0x31EA,
  0x31EA, 0x31EA, 0x31EA, 0x31EA, 0x31EA, 0x31EA, 0x31EA, 0x31EA, 0x31EA, 0x31EA, 0x31EA, 0x31EA,
  0x31EA, 0x31EA, 0x31EA, 0x31EA, 0x31EA, 0x31EA, 0x31EA, 0x31EA, 0x31EA, 0x31EA, 0x31EA, 0x31EA,
  0x31EA, 0x31EA, 0x31EA, 0x31EA, 0x39EA, 0x424B, 0x3A2B, 0x3A0A, 0x31EA, 0x31EA, 0x31EA, 0x31EA,
  0x31EA, 0x31EA, 0x31EA, 0x31EA, 0x31EA, 0x31EA, 0x31EA, 0x31EA, 0x31EA, 0x31EA, 0x31EA, 0x31EA,
  0x31EA, 0x31EA, 0x31EA, 0x31E9, 0x39E9, 0x39EA, 0x31E9, 0x31C9, 0x3A0A, 0x3A09, 0x5B2E, 0x4A8B,
  0x3A09, 0x426B, 0x52CD, 0x5B4F, 0x31E8, 0x320A, 0x424B, 0x424B, 0x3A2B, 0x320B, 0x31EA, 0x31EA,
  0x31EA, 0x31EA, 0x39EB, 0x3A2B, 0x4A6D, 0x3A2B, 0x31EA, 0x31EA, 0x31EA, 0x31EA, 0x31CA, 0x31CA,
  0x31EB, 0x3A2C, 0x3A2C, 0x3A2C, 0x320C, 0x320C, 0x3A0B, 0x3A0B, 0x3A0B, 0x3A2B, 0x3A2C, 0x424D,
  0x424D, 0x3A2C, 0x3A0B, 0x31EA, 0x31EA, 0x31EA, 0x31EA, 0x31EB, 0x3A0B, 0x3A2B, 0x3A2B, 0x3A0B,
  0x3A0A, 0x3A0A, 0x3A0A, 0x31C9, 0x2988, 0x2987, 0x2967, 0x3167, 0x3166, 0x3166, 0x3146, 0x3166,
  0x2985, 0x41A6, 0xB8E5, 0xA885, 0x4185, 0x2966, 0x2966, 0x2966, 0x2965, 0x2966, 0x2966, 0x2966,
  0x2967, 0x2967, 0x2987, 0x31C9, 0x39E9, 0x39EA, 0x39EA, 0x39C9, 0x31EA, 0x31EA, 0x31EA, 0x31EA,
  0x29AA, 0x31CA, 0x31EA, 0x29EA, 0x29EB, 0x29EB, 0x29EB, 0x29CA, 0x29AA, 0x29AA, 0x29AA, 0x29AA,
  0x31CA, 0x3A0B, 0x31CA, 0x29A9, 0x29A9, 0x29A9, 0x29A9, 0x29A9, 0x2188, 0x2168, 0x2189, 0x2189,
  0x29AA, 0x29EB, 0x29EA, 0x322B, 0x29EA, 0x29CB, 0x21AA, 0x21AA, 0x1989, 0x21AA, 0x21CB, 0x21AA,
  0x2189, 0x2189, 0x2189, 0x2189, 0x2189, 0x2189, 0x2189, 0x218A, 0x218A, 0x21AA, 0x21AA, 0x21AA,
  0x218A, 0x21AA, 0x322C, 0x21AA, 0x21AA, 0x29AA, 0x426D, 0x29EA, 0x320B, 0x320B, 0x320A, 0x320A,
  0x320A, 0x320A, 0x320A, 0x320A, 0x3A0A, 0x320A, 0x3A0A, 0x3A0A, 0x3A0A, 0x3A0A, 0x3A0A, 0x3A2A,
  0x31EA, 0x31C9, 0x39EA, 0x39EA, 0x3A2B, 0x5B0E, 0x426C, 0x31C9, 0x52CD, 0x632F, 0x31EA, 0x3A0A,
  0x39EA, 0x39EA, 0x39EA, 0x39EA, 0x39EA, 0x31EA, 0x31CA, 0x31EA, 0x31EA, 0x31EA, 0x31EA, 0x31EA,
  0x31EA, 0x31EA, 0x31EA, 0x31EA, 0x31EA, 0x31EA, 0x31EA, 0x31EA, 0x31EA, 0x31EA, 0x31EA, 0x31EA,
  0x31EA, 0x31EA, 0x31EA, 0x31EA, 0x31EA, 0x31EA, 0x39EA, 0x39EA, 0x31EA, 0x39EA, 0x39EA, 0x3A0A,
  0x39EA, 0x39EA, 0x39EA, 0x39EA, 0x3A0A, 0x424B, 0x3A2B, 0x39EA, 0x31EA, 0x31EA, 0x31EA, 0x31EA,
  0x31EA, 0x31EA, 0x31EA, 0x31EA, 0x31EA, 0x31EA, 0x31EA, 0x31EA, 0x31EA, 0x31EA, 0x31EA, 0x31EA,
  0x31EA, 0x31EA, 0x31EA, 0x31EA, 0x31EA, 0x31EA, 0x31EA, 0x39EA, 0x31C9, 0x31C9, 0x4AAC, 0x31A8,
  0x31E9, 0x3A09, 0x4AAB, 0x636E, 0x426A, 0x5B2E, 0x3A0A, 0x31EA, 0x31E9, 0x29EA, 0x31EA, 0x31EB,
  0x31EB, 0x3A2C, 0x426C, 0x424C, 0x3A2B, 0x39EB, 0x31EA, 0x31EA, 0x31EA, 0x31EA, 0x3A0B, 0x3A2C,
  0x3A4C, 0x3A4C, 0x3A2C, 0x320C, 0x31EB, 0x31EB, 0x31EB, 0x31EA, 0x31EA, 0x3A0B, 0x424D, 0x3A2C,
  0x3A0B, 0x31EB, 0x320B, 0x31EA, 0x31EA, 0x31EB, 0x3A0B, 0x3A2C, 0x3A2B, 0x3A0B, 0x3A0B, 0x3A0A,
  0x3A0A, 0x3A0A, 0x39EA, 0x31A9, 0x2987, 0x3187, 0x3187, 0x3167, 0x3166, 0x3166, 0x3166, 0x3166,
  0x2966, 0x41A6, 0xC0E6, 0xC085, 0x80C5, 0x3966, 0x2966, 0x2966, 0x2966, 0x2966, 0x2966, 0x2966,
  0x2966, 0x2966, 0x2987, 0x31A8, 0x39C9, 0x39EA, 0x39EA, 0x39CA, 0x31EA, 0x31EA, 0x31EA, 0x31EA,
  0x31EA, 0x29CA, 0x29CA, 0x29CA, 0x29AA, 0x29AA, 0x29AA, 0x29AA, 0x29AA, 0x29AA, 0x29AA, 0x29AA,
  0x31EB, 0x39EB, 0x29AA, 0x29A9, 0x29A9, 0x29A9, 0x29CA, 0x21A9, 0x2188, 0x2189, 0x29CA, 0x29CA,
  0x29CA, 0x21AA, 0x29CA, 0x320B, 0x29CA, 0x29CB, 0x21AB, 0x21A9, 0x1989, 0x21AA, 0x21CA, 0x21AA,
  0x218A, 0x2189, 0x2189, 0x21AA, 0x21AA, 0x21AA, 0x21AA, 0x21AA, 0x218A, 0x21AA, 0x21AA, 0x29CB,
  0x29CB, 0x29EB, 0x322C, 0x2189, 0x21AA, 0x21AA, 0x426D, 0x29EA, 0x320B, 0x320B, 0x320A, 0x320A,
  0x320A, 0x320A, 0x3209, 0x320A, 0x320A, 0x31E9, 0x3A0A, 0x31E9, 0x3A2A, 0x424B, 0x3A2A, 0x3A4A,
  0x29C9, 0x2167, 0x31E9, 0x31E9, 0x638F, 0x4A8C, 0x6B90, 0x2988, 0x636F, 0x6BB0, 0x3A2A, 0x424B,
  0x424B, 0x424C, 0x426C, 0x4A6C, 0x4A8C, 0x424C, 0x31EA, 0x31EA, 0x31EA, 0x31EA, 0x31EA, 0x31EA,
  0x31EA, 0x31EA, 0x31EA, 0x31EA, 0x31EA, 0x31EA, 0x31EA, 0x31EA, 0x31EA, 0x31EA, 0x31EA, 0x31EA,
  0x31EA, 0x31EA, 0x31EA, 0x31EA, 0x31EA, 0x31EA, 0x39EA, 0x3A0A, 0x422B, 0x426C, 0x426C, 0x426C,
  0x426C, 0x426C, 0x426C, 0x424C, 0x424B, 0x424B, 0x422B, 0x3A0A, 0x39EA, 0x31EA, 0x31EA, 0x31EA,
  0x31EA, 0x31EA, 0x31EA, 0x31EA, 0x31EA, 0x31EA, 0x31EA, 0x31EA, 0x31EA, 0x31EA, 0x31EA, 0x31EA,
  0x31EA, 0x31EA, 0x31EA, 0x31EA, 0x31EA, 0x31EA, 0x31EA, 0x31EA, 0x39EA, 0x31EA, 0x31E9, 0x31E9,
  0x6BB0, 0x634E, 0x428B, 0x3A29, 0x29C8, 0x52ED, 0x636F, 0x31E9, 0x29C8, 0x31E9, 0x31EB, 0x320C,
  0x424D, 0x3A4C, 0x3A2C, 0x31EB, 0x320A, 0x3A0B, 0x31EA, 0x31EA, 0x3A2B, 0x426C, 0x424C, 0x320B,
  0x31EB, 0x31CB, 0x31EB, 0x31EB, 0x31EB, 0x31EB, 0x31EA, 0x31EA, 0x31EA, 0x31EA, 0x31EB, 0x3A0C,
  0x3A0C, 0x3A0C, 0x3A0B, 0x31EB, 0x31EB, 0x424C, 0x424D, 0x3A2C, 0x3A0B, 0x31EB, 0x320A, 0x320B,
  0x320A, 0x31EB, 0x31EB, 0x31C9, 0x2987, 0x3186, 0x3186, 0x3166, 0x3166, 0x3166, 0x3166, 0x2966,
  0x3146, 0x5186, 0xC906, 0xC884, 0xA084, 0x5905, 0x3165, 0x2966, 0x2966, 0x2966, 0x2966, 0x2966,
  0x2986, 0x2986, 0x2986, 0x31A8, 0x39C9, 0x39EA, 0x39EA, 0x39EA, 0x39EA, 0x31EA, 0x31EA, 0x31EA,
  0x21A9, 0x29CA, 0x29CA, 0x29CA, 0x29AA, 0x29AA, 0x31AA, 0x31AA, 0x31AA, 0x31AA, 0x31AA, 0x31AA,
  0x3A0B, 0x31CA, 0x29A9, 0x29A9, 0x29A9, 0x29A9, 0x29A9, 0x2189, 0x2189, 0x29EA, 0x29AA, 0x2189,
  0x2169, 0x2189, 0x29CA, 0x320B, 0x29CA, 0x21AB, 0x21AB, 0x2189, 0x2189, 0x21AA, 0x21AA, 0x198A,
  0x1989, 0x2189, 0x2189, 0x21AA, 0x21AA, 0x21AA, 0x21AA, 0x21AA, 0x21AA, 0x21AA, 0x21AA, 0x21AA,
  0x198A, 0x21AA, 0x322C, 0x21AA, 0x2189, 0x21AA, 0x428D, 0x320B, 0x320B, 0x320A, 0x3A4B, 0x52ED,
  0x530D, 0x3A4A, 0x31E9, 0x3209, 0x3A0A, 0x3A4A, 0x4AAC, 0x4A8B, 0x3A4A, 0x52ED, 0x530D, 0x31C8,
  0x5B2E, 0x638F, 0x4ACC, 0x3209, 0x634F, 0x8473, 0x73D1, 0x31E9, 0x7C12, 0x636F, 0x636F, 0x3A0A,
  0x3A2B, 0x3A0B, 0x3A0B, 0x3A0A, 0x3A2B, 0x4A6C, 0x39EA, 0x31EA, 0x31EA, 0x31EA, 0x31EA, 0x31EA,
  0x31EA, 0x31EA, 0x31EA, 0x31EA, 0x31EA, 0x31EA, 0x31EA, 0x31EA, 0x31EA, 0x31EA, 0x31EA, 0x31EA,
  0x31EA, 0x31EA, 0x31EA, 0x31EA, 0x31EA, 0x31EA, 0x39EA, 0x3A0A, 0x39EA, 0x39EA, 0x39EA, 0x39EA,
  0x39EA, 0x3A0A, 0x39EA, 0x39EA, 0x31EA, 0x31CA, 0x3A0A, 0x424B, 0x3A0B, 0x39EA, 0x31EA, 0x39EA,
  0x39EA, 0x39EA, 0x31EA, 0x31EA, 0x31EA, 0x39EA, 0x39EA, 0x3A0A, 0x3A0A, 0x3A0A, 0x39EA, 0x31EA,
  0x31EA, 0x31EA, 0x31EA, 0x31EA, 0x31EA, 0x31EA, 0x31EA, 0x31EA, 0x31EA, 0x39EA, 0x3A0A, 0x31C9,
  0x426B, 0x634E, 0x31E8, 0x31E8, 0x530D, 0x52ED, 0x3A2A, 0x6BB0, 0x5B2D, 0x3A2A, 0x31EB, 0x31EC,
  0x3A4C, 0x3A2C, 0x322B, 0x3A2B, 0x3A4B, 0x426C, 0x322A, 0x31EA, 0x3A0B, 0x3A2B, 0x3A0B, 0x320B,
  0x31EB, 0x31EB, 0x31EB, 0x31EA, 0x31EB, 0x31EA, 0x31EA, 0x31E9, 0x31E9, 0x31EA, 0x31CB, 0x31EB,
  0x31EB, 0x3A0B, 0x3A0B, 0x3A2C, 0x424D, 0x424C, 0x31EB, 0x31CB, 0x31CB, 0x31EB, 0x31EB, 0x31EB,
  0x31EA, 0x31EB, 0x31EC, 0x31C9, 0x2987, 0x3186, 0x3186, 0x3166, 0x3166, 0x3166, 0x2966, 0x3166,
  0x3146, 0x6166, 0xC126, 0xB0E4, 0xB085, 0xA0A5, 0x4145, 0x2966, 0x2966, 0x2966, 0x2966, 0x2966,
  0x2986, 0x2986, 0x2986, 0x31A8, 0x39C9, 0x39EA, 0x39EA, 0x39EA, 0x39EA, 0x31EA, 0x31EA, 0x31EA,
  0x21AA, 0x29CA, 0x29CA, 0x29CA, 0x29AA, 0x29AA, 0x29AA, 0x31AA, 0x31AA, 0x31AA, 0x31AA, 0x31CA,
  0x3A0C, 0x31AA, 0x29A9, 0x29A9, 0x29A9, 0x29AA, 0x29A9, 0x2189, 0x29EA, 0x29CA, 0x2189, 0x2189,
  0x2169, 0x2189, 0x29CA, 0x2A0B, 0x29CA, 0x21AB, 0x21AA, 0x21A9, 0x21A9, 0x21AA, 0x21AA, 0x21AA,
  0x21AA, 0x2189, 0x2189, 0x21AA, 0x21AA, 0x21AA, 0x21AA, 0x21AA, 0x21AA, 0x21AA, 0x21AA, 0x21AA,
  0x21AA, 0x29CB, 0x29EB, 0x21AA, 0x2189, 0x21AA, 0x428D, 0x320B, 0x322B, 0x29EA, 0x42AC, 0x530D,
  0x428B, 0x5B4E, 0x4AAC, 0x31E9, 0x5B2E, 0x4AAC, 0x634F, 0x73D1, 0x530D, 0x73F1, 0x638F, 0x636F,
  0x52ED, 0x428B, 0x5B4E, 0x31E9, 0x636F, 0x426B, 0x5B4E, 0x5B0D, 0x6B90, 0x4A6B, 0x6B90, 0x3A0A,
  0x39EA, 0x39EB, 0x3A0B, 0x3A0B, 0x3A2B, 0x4A6C, 0x39EA, 0x31EA, 0x31EA, 0x31EA, 0x31EA, 0x31EA,
  0x31EA, 0x31EA, 0x31EA, 0x31EA, 0x31EA, 0x31EA, 0x31EA, 0x31EA, 0x31EA, 0x31EA, 0x31EA, 0x31EA,
  0x31EA, 0x31EA, 0x31EA, 0x31EA, 0x31EA, 0x31EA, 0x31EA, 0x39EA, 0x31EA, 0x31EA, 0x31EA, 0x31EA,
  0x31EA, 0x31EA, 0x31EA, 0x31EA, 0x31EA, 0x31EA, 0x31EA, 0x3A0A, 0x424B, 0x422B, 0x3A0A, 0x3A0A,
  0x3A2B, 0x3A0B, 0x3A2B, 0x424B, 0x424B, 0x424C, 0x424C, 0x426C, 0x426C, 0x426C, 0x3A0B, 0x31EA,
  0x31EA, 0x31EA, 0x31EA, 0x31EA, 0x31EA, 0x31EA, 0x31EA, 0x31EA, 0x31EA, 0x39EA, 0x39EA, 0x31E9,
  0x31C9, 0x31E9, 0x31E8, 0x5B2D, 0x4AAC, 0x31E9, 0x530E, 0x5B2E, 0x3A2A, 0x3A4B, 0x320B, 0x320C,
  0x3A2C, 0x426D, 0x322B, 0x320B, 0x320A, 0x3A0A, 0x320A, 0x31EA, 0x31EA, 0x320B, 0x3A0B, 0x320B,
  0x31EB, 0x31EB, 0x31EB, 0x31EB, 0x31EB, 0x31EA, 0x31EA, 0x31EA, 0x31EA, 0x31EA, 0x31EB, 0x31EB,
  0x31EB, 0x31EB, 0x31EB, 0x31EB, 0x3A0C, 0x3A2C, 0x3A2C, 0x3A0C, 0x31EB, 0x31EC, 0x31EC, 0x31EC,
  0x3A0B, 0x3A2C, 0x3A2D, 0x29A9, 0x2986, 0x3166, 0x3186, 0x3166, 0x3166, 0x3166, 0x3166, 0x3166,
  0x2966, 0x7988, 0xB9C8, 0x6145, 0x928B, 0xCC11, 0x51A7, 0x2966, 0x2966, 0x2966, 0x2966, 0x2966,
  0x2986, 0x2986, 0x2986, 0x31A8, 0x39C9, 0x39EA, 0x39EA, 0x39EA, 0x39EA, 0x31EA, 0x31EA, 0x31EA,
  0x29CA, 0x29CA, 0x29CA, 0x29CA, 0x29AA, 0x29AA, 0x29AA, 0x31AA, 0x29AB, 0x29AB, 0x31AA, 0x39EB,
  0x39EA, 0x31A9, 0x31CA, 0x31CA, 0x31CA, 0x31CA, 0x29CA, 0x21C9, 0x322B, 0x2189, 0x2189, 0x2189,
  0x2189, 0x2189, 0x29CA, 0x29EB, 0x29CA, 0x21AA, 0x21AA, 0x21A9, 0x21A9, 0x21AA, 0x21AA, 0x21AA,
  0x21AA, 0x21AA, 0x21AA, 0x29CA, 0x29EB, 0x2A0B, 0x320B, 0x320B, 0x320C, 0x29EB, 0x29EB, 0x29EB,
  0x29EB, 0x21CB, 0x21AA, 0x21AA, 0x21AA, 0x29CA, 0x428D, 0x322B, 0x3A4C, 0x31EB, 0x52EE, 0x6BB0,
  0x29A8, 0x52ED, 0x73F1, 0x4AAC, 0x5B4E, 0x634E, 0x4ACC, 0x428B, 0x634E, 0x530D, 0x31C8, 0x5B2E,
  0x636F, 0x530D, 0x638F, 0x3209, 0x5B2E, 0x6B90, 0x638F, 0x426B, 0x3A2A, 0x31C9, 0x3A2A, 0x320A,
  0x31EA, 0x31EB, 0x31EB, 0x3A0B, 0x3A2B, 0x426C, 0x39EA, 0x31EA, 0x31EA, 0x31EA, 0x31EA, 0x31EA,
  0x31EA, 0x31EA, 0x31EA, 0x31EA, 0x31EA, 0x31EA, 0x31EA, 0x31EA, 0x31EA, 0x31EA, 0x31EA, 0x31EA,
  0x31EA, 0x31EA, 0x31EA, 0x31EA, 0x31EA, 0x31EA, 0x31EA, 0x31EA, 0x31EA, 0x31EA, 0x31EA, 0x31EA,
  0x31EA, 0x31EA, 0x31EA, 0x31EA, 0x31EA, 0x31EA, 0x31EA, 0x31EA, 0x39EA, 0x422B, 0x4A6C, 0x424B,
  0x424B, 0x424B, 0x424B, 0x3A2B, 0x3A0B, 0x3A0A, 0x3A0A, 0x39EA, 0x31EA, 0x31EA, 0x31EA, 0x31EA,
  0x31EA, 0x31EA, 0x31EA, 0x31EA, 0x31EA, 0x31EA, 0x31EA, 0x31EA, 0x31EA, 0x39EA, 0x39EA, 0x39EA,
  0x3A0A, 0x3A2A, 0x3A4A, 0x3209, 0x31E9, 0x426B, 0x424B, 0x424B, 0x530D, 0x31E9, 0x3A2C, 0x3A2C,
  0x3A2C, 0x320B, 0x31EA, 0x31EA, 0x39EA, 0x39EA, 0x39EA, 0x31EA, 0x31EA, 0x31EA, 0x31EA, 0x31EB,
  0x31EB, 0x31EB, 0x31EB, 0x31EA, 0x31EA, 0x31EA, 0x31EA, 0x31EA, 0x31EA, 0x3A0B, 0x3A2C, 0x322C,
  0x31EB, 0x31EB, 0x320B, 0x320B, 0x320B, 0x320B, 0x320C, 0x322C, 0x3A2C, 0x3A2D, 0x320C, 0x320C,
  0x426D, 0x3A4C, 0x31EB, 0x2989, 0x2966, 0x3166, 0x3186, 0x3166, 0x3166, 0x3166, 0x3166, 0x3166,
  0x2986, 0x7AAB, 0xCCD3, 0x8C31, 0xBDB6, 0xBDD7, 0x39C7, 0x2966, 0x2966, 0x2966, 0x2966, 0x2966,
  0x3186, 0x2966, 0x2986, 0x31A8, 0x39C9, 0x39CA, 0x39CA, 0x39CA, 0x39CA, 0x39CA, 0x31EA, 0x31EA,
  0x29CA, 0x29CA, 0x29CA, 0x29CA, 0x29CA, 0x31CA, 0x31CA, 0x31EB, 0x31EC, 0x320C, 0x320C, 0x3A4D,
  0x322C, 0x320B, 0x3A2B, 0x3A0B, 0x31EA, 0x31CA, 0x29A9, 0x29C9, 0x322B, 0x2189, 0x2189, 0x2189,
  0x2189, 0x29CA, 0x322C, 0x2A0B, 0x29EB, 0x29CB, 0x29EB, 0x29EB, 0x29EB, 0x2A0B, 0x2A0B, 0x29EB,
  0x29EB, 0x29EB, 0x29EB, 0x322C, 0x322C, 0x29EB, 0x29CA, 0x29CA, 0x29CB, 0x29EB, 0x29EB, 0x29EB,
  0x29EB, 0x2A0B, 0x320C, 0x320B, 0x320B, 0x322B, 0x428D, 0x322B, 0x3A2B, 0x320B, 0x4AAD, 0x636F,
  0x31C9, 0x6BD0, 0x638F, 0x5B4E, 0x7411, 0x5B0E, 0x6BD0, 0x52ED, 0x4AAC, 0x52ED, 0x29C8, 0x4AAC,
  0x634F, 0x7411, 0x6BB0, 0x3A2A, 0x31E9, 0x31E9, 0x31C9, 0x29A8, 0x29C9, 0x31EA, 0x320A, 0x320B,
  0x320B, 0x320C, 0x320B, 0x3A0B, 0x424C, 0x4A6C, 0x31EA, 0x31CA, 0x31CA, 0x31EA, 0x31EA, 0x31EA,
  0x31EA, 0x31EA, 0x31EA, 0x31EA, 0x31EA, 0x31EA, 0x31EA, 0x31EA, 0x31EA, 0x31EA, 0x31EA, 0x31EA,
  0x31EA, 0x31EA, 0x31EA, 0x31EA, 0x31EA, 0x31EA, 0x31EA, 0x31EA, 0x31EA, 0x31EA, 0x31EA, 0x31EA,
  0x31EA, 0x31EA, 0x31EA, 0x31EA, 0x31EA, 0x31EA, 0x31EA, 0x31EA, 0x39EA, 0x3A0A, 0x4A6C, 0x3A0B,
  0x3A0A, 0x3A0A, 0x3A0A, 0x3A0A, 0x39EA, 0x39EA, 0x39EA, 0x31EA, 0x31EA, 0x31EA, 0x31EA, 0x31EA,
  0x31EA, 0x31EA, 0x31EA, 0x31EA, 0x31EA, 0x31EA, 0x31EA, 0x31EA, 0x31EA, 0x39EA, 0x39EA, 0x39EA,
  0x39EA, 0x3A0A, 0x3A09, 0x3209, 0x31E9, 0x3A2A, 0x5B4E, 0x636F, 0x4A8C, 0x3A2B, 0x3A4C, 0x31EA,
  0x320B, 0x320B, 0x31EB, 0x31EA, 0x39EA, 0x39EA, 0x31EA, 0x31EA, 0x31EA, 0x31EA, 0x31EB, 0x31EB,
  0x31EB, 0x31EB, 0x31EB, 0x31EA, 0x31EA, 0x31EA, 0x31EA, 0x31EA, 0x3A2B, 0x426C, 0x3A4C, 0x320C,
  0x29EB, 0x320C, 0x322C, 0x322C, 0x320C, 0x320B, 0x320C, 0x320C, 0x320C, 0x322C, 0x322D, 0x426D,
  0x3A2C, 0x320B, 0x31CA, 0x2989, 0x2967, 0x3166, 0x3186, 0x3166, 0x3166, 0x3166, 0x3166, 0x2965,
  0x2965, 0x39E7, 0x9D13, 0xC638, 0xD6BA, 0xB596, 0x31A6, 0x2966, 0x2966, 0x2966, 0x3166, 0x3166,
  0x3186, 0x3166, 0x2966, 0x31A8, 0x39C9, 0x39CA, 0x39CA, 0x39CA, 0x39CA, 0x39CA, 0x39CA, 0x39CA,
  0x324B, 0x324B, 0x322B, 0x322B, 0x320B, 0x31EB, 0x31EB, 0x31EB, 0x320B, 0x31EA, 0x29CA, 0x21CA,
  0x21AA, 0x21CB, 0x29AA, 0x29A9, 0x29A9, 0x31CA, 0x29A9, 0x21A9, 0x320B, 0x320B, 0x29EB, 0x29CA,
  0x29EA, 0x29EB, 0x29EB, 0x29EB, 0x29EB, 0x29EB, 0x29EB, 0x29EB, 0x29EB, 0x21CB, 0x21CB, 0x21CB,
  0x29EB, 0x29EB, 0x2A0B, 0x322C, 0x3A4C, 0x3A4C, 0x322C, 0x320B, 0x3A6D, 0x320B, 0x320B, 0x320C,
  0x2A0B, 0x29EB, 0x29CB, 0x29CA, 0x29CA, 0x29EA, 0x428C, 0x320A, 0x320B, 0x320C, 0x426C, 0x7C32,
  0x530D, 0x4ACC, 0x3A4A, 0x636F, 0x636F, 0x3A2A, 0x426B, 0x3A4A, 0x29C8, 0x31E9, 0x31E9, 0x31E9,
  0x426B, 0x52ED, 0x424B, 0x3A2A, 0x3A2A, 0x3A0A, 0x31E9, 0x3209, 0x320A, 0x3A2B, 0x3A4C, 0x426C,
  0x3A6D, 0x3A2D, 0x3A4D, 0x3A4C, 0x424C, 0x426C, 0x39EA, 0x31EA, 0x31EA, 0x31EA, 0x31EA, 0x31EA,
  0x31EA, 0x31EA, 0x31EA, 0x31EA, 0x31EA, 0x31EA, 0x31EA, 0x31EA, 0x31EA, 0x31EA, 0x31EA, 0x31EA,
  0x31EA, 0x31EA, 0x31EA, 0x31EA, 0x31EA, 0x31EA, 0x31EA, 0x31EA, 0x31EA, 0x31EA, 0x31EA, 0x31EA,
  0x31EA, 0x31EA, 0x31EA, 0x31EA, 0x31EA, 0x31EA, 0x31EA, 0x31EA, 0x31EA, 0x39EA, 0x424B, 0x3A2B,
  0x31EA, 0x31EA, 0x31EA, 0x31EA, 0x31EA, 0x39EA, 0x39EA, 0x31EA, 0x31EA, 0x31EA, 0x31EA, 0x31EA,
  0x31EA, 0x31EA, 0x31EA, 0x31EA, 0x31EA, 0x31EA, 0x31EA, 0x31EA, 0x31EA, 0x39EA, 0x39EA, 0x39EA,
  0x39EA, 0x31E9, 0x31E9, 0x31E9, 0x31E9, 0x29A8, 0x3A09, 0x424B, 0x29C9, 0x31EA, 0x3A2B, 0x3A2B,
  0x320B, 0x320A, 0x320B, 0x320B, 0x320B, 0x320B, 0x320B, 0x320B, 0x3A2C, 0x3A2C, 0x31EB, 0x31EB,
  0x320B, 0x31EB, 0x31EB, 0x31EA, 0x31EA, 0x31EA, 0x31EA, 0x31EA, 0x3A0B, 0x3A4C, 0x322C, 0x2A0B,
  0x29EB, 0x2A0B, 0x2A0B, 0x320C, 0x320C, 0x322C, 0x320C, 0x320C, 0x2A0B, 0x320C, 0x320C, 0x322C,
  0x3A2C, 0x3A2C, 0x31EB, 0x2989, 0x2967, 0x3166, 0x3186, 0x3166, 0x3166, 0x3166, 0x3166, 0x2965,
  0x2965, 0x3185, 0x5AEB, 0xBDD7, 0xD6BA, 0x9CF3, 0x3186, 0x2966, 0x2966, 0x2966, 0x3166, 0x3166,
  0x3186, 0x3166, 0x2966, 0x31A8, 0x39C9, 0x39CA, 0x39CA, 0x39CA, 0x39CA, 0x39CA, 0x39CA, 0x39CA,
  0x29AA, 0x29A9, 0x29AA, 0x29AA, 0x29AA, 0x29AA, 0x29CA, 0x29C9, 0x29C9, 0x29A8, 0x428C, 0x5B4F,
  0x5B0F, 0x29A9, 0x3A4B, 0x73F2, 0x29A9, 0x29A9, 0x29A9, 0x2189, 0x21A9, 0x21AA, 0x2189, 0x2189,
  0x21AA, 0x21CA, 0x29CA, 0x29EB, 0x2A0B, 0x320B, 0x322C, 0x322C, 0x322C, 0x322C, 0x322C, 0x320C,
  0x2A0B, 0x2A0B, 0x29EB, 0x29EB, 0x29CA, 0x29CA, 0x21CA, 0x29CB, 0x3A6D, 0x29EB, 0x29EB, 0x29EB,
  0x29EB, 0x29EB, 0x29CB, 0x29CA, 0x21AA, 0x29EA, 0x428C, 0x29E9, 0x31EA, 0x320B, 0x29C9, 0x320A,
  0x29A8, 0x31E9, 0x3A2A, 0x3A4A, 0x3A4A, 0x3A2A, 0x31E9, 0x31C9, 0x31E9, 0x31E9, 0x31E9, 0x3209,
  0x3209, 0x31E9, 0x3209, 0x3A2A, 0x424B, 0x426B, 0x426B, 0x426B, 0x426B, 0x3A4B, 0x322B, 0x320B,
  0x320B, 0x31EC, 0x320C, 0x320B, 0x422B, 0x424B, 0x39EA, 0x31EA, 0x31EA, 0x31EA, 0x31EA, 0x39EA,
  0x39EA, 0x39EA, 0x39EA, 0x39EA, 0x39EA, 0x39EA, 0x39EA, 0x39EA, 0x39EA, 0x39EA, 0x39EA, 0x39EA,
  0x39EA, 0x39EA, 0x39EA, 0x39EA, 0x39EA, 0x39EA, 0x39EA, 0x39EA, 0x39EA, 0x39EA, 0x39EA, 0x39EA,
  0x39EA, 0x39EA, 0x39EA, 0x39EA, 0x39EA, 0x39EA, 0x39EA, 0x39EA, 0x39EA, 0x39EA, 0x3A0B, 0x424B,
  0x3A0A, 0x39EA, 0x39EA, 0x39EA, 0x39EA, 0x3A0A, 0x39EA, 0x39EA, 0x31EA, 0x31EA, 0x39EA, 0x39EA,
  0x39EA, 0x39EA, 0x39EA, 0x39EA, 0x39EA, 0x39EA, 0x39EA, 0x39EA, 0x39EA, 0x39EA, 0x39EA, 0x39EA,
  0x39EA, 0x3A0A, 0x31E9, 0x31E9, 0x31E9, 0x31E9, 0x3A09, 0x3A0A, 0x31EA, 0x31EA, 0x31EA, 0x320B,
  0x3A4C, 0x3A2B, 0x320B, 0x320B, 0x322C, 0x322D, 0x324D, 0x3A4C, 0x3A2B, 0x320B, 0x320B, 0x320B,
  0x320B, 0x320B, 0x31EB, 0x31EB, 0x31EA, 0x31EA, 0x31EA, 0x31EA, 0x31EA, 0x320B, 0x322C, 0x3A4C,
  0x320C, 0x2A0B, 0x320C, 0x320C, 0x320C, 0x3A4D, 0x324C, 0x322C, 0x320C, 0x320C, 0x320C, 0x320C,
  0x320B, 0x320B, 0x424C, 0x31EA, 0x3187, 0x3166, 0x3186, 0x3186, 0x3166, 0x3166, 0x3166, 0x3165,
  0x3165, 0x3165, 0x39C6, 0x8C51, 0xD67A, 0x9492, 0x2965, 0x2966, 0x2966, 0x3166, 0x3166, 0x3166,
  0x3187, 0x3186, 0x3186, 0x31A8, 0x39CA, 0x39CA, 0x39CA, 0x39CA, 0x39CA, 0x39CA, 0x39EA, 0x39EA,
  0x31C9, 0x31EA, 0x29A9, 0x29A9, 0x31E9, 0x2988, 0x31EA, 0x31E9, 0x29C8, 0x2989, 0x5B4D, 0x3A0A,
  0x6B6F, 0x31A8, 0x52AC, 0x632E, 0x4A8C, 0x29A8, 0x31EA, 0x29EB, 0x320B, 0x320B, 0x320B, 0x320B,
  0x31EB, 0x322C, 0x320C, 0x320B, 0x320B, 0x29EB, 0x29CA, 0x29CA, 0x29CA, 0x21CB, 0x29CA, 0x29C9,
  0x29C9, 0x29CA, 0x29CA, 0x29CA, 0x29CA, 0x29CA, 0x29CA, 0x29EB, 0x3A4C, 0x29EB, 0x29EB, 0x29EB,
  0x29EB, 0x29CA, 0x29CA, 0x29CA, 0x29AA, 0x29CA, 0x3A4B, 0x31EA, 0x320A, 0x320B, 0x31EA, 0x322B,
  0x322B, 0x320B, 0x322B, 0x3A2B, 0x3A6B, 0x428C, 0x426C, 0x3A4C, 0x424C, 0x426C, 0x426C, 0x424C,
  0x424C, 0x424C, 0x4A8C, 0x426C, 0x424B, 0x424B, 0x424B, 0x424C, 0x424C, 0x3A2C, 0x3A0C, 0x3A0B,
  0x320B, 0x320C, 0x3A0C, 0x3A2C, 0x4A8D, 0x4A6C, 0x422B, 0x3A2B, 0x3A2B, 0x3A2B, 0x3A2B, 0x3A2B,
  0x3A2B, 0x3A2B, 0x3A2B, 0x3A2B, 0x3A2B, 0x3A2B, 0x3A2B, 0x3A2B, 0x3A2B, 0x3A2B, 0x3A2B, 0x3A2B,
  0x3A2B, 0x3A2B, 0x3A2B, 0x3A2B, 0x3A2B, 0x3A2B, 0x3A2B, 0x3A2B, 0x3A2B, 0x3A2B, 0x3A2B, 0x3A2B,
  0x3A2B, 0x3A2B, 0x3A2B, 0x3A2B, 0x3A2B, 0x3A2B, 0x3A2B, 0x3A2B, 0x3A2B, 0x3A2B, 0x422B, 0x4A8C,
  0x4A6C, 0x424B, 0x422B, 0x422B, 0x422B, 0x424B, 0x422B, 0x422B, 0x422B, 0x3A2B, 0x3A2B, 0x3A2B,
  0x3A2B, 0x3A2B, 0x3A2B, 0x3A2B, 0x3A2B, 0x3A2B, 0x3A2B, 0x3A2B, 0x3A2B, 0x3A2B, 0x3A2B, 0x3A2B,
  0x3A2B, 0x3A2B, 0x3A2B, 0x3A2A, 0x3A2B, 0x3A2B, 0x424B, 0x422B, 0x3A2B, 0x3A2B, 0x3A2B, 0x3A2B,
  0x424C, 0x426D, 0x426D, 0x426D, 0x428D, 0x428D, 0x3A4C, 0x3A2C, 0x3A2B, 0x3A2C, 0x3A2C, 0x3A2C,
  0x3A2C, 0x3A4C, 0x428D, 0x426D, 0x3A4C, 0x3A2C, 0x3A2C, 0x3A2C, 0x3A2C, 0x3A2C, 0x3A4C, 0x3A4D,
  0x3A6D, 0x3A4D, 0x3A4C, 0x3A4C, 0x3A4C, 0x3A4D, 0x3A6D, 0x3A6D, 0x3A4D, 0x3A4C, 0x3A4C, 0x3A4C,
  0x3A4C, 0x3A6D, 0x428D, 0x3A4C, 0x39CA, 0x39C8, 0x39C8, 0x39C8, 0x39A8, 0x39A7, 0x31A7, 0x3187,
  0x3187, 0x3187, 0x3187, 0x528A, 0xC5F8, 0x8C31, 0x31A7, 0x31A7, 0x31A7, 0x31A7, 0x31A7, 0x31A7,
  0x31A7, 0x31A8, 0x31C8, 0x39E9, 0x420A, 0x420B, 0x422B, 0x422B, 0x420B, 0x422B, 0x3A2B, 0x3A2B,
  0x636F, 0x5B2F, 0x4A8C, 0x52CD, 0x530E, 0x3A4B, 0x530E, 0x634E, 0x52CC, 0x31AA, 0x52EC, 0x7390,
  0x6B90, 0x39E9, 0x73B0, 0x6B4F, 0x7BD1, 0x31C8, 0x29EA, 0x29EB, 0x29CA, 0x29CA, 0x29CA, 0x29CA,
  0x29CB, 0x320C, 0x320B, 0x31EB, 0x31EB, 0x29CA, 0x29CA, 0x29CA, 0x29CA, 0x21CB, 0x29CA, 0x31C9,
  0x31C9, 0x29CA, 0x29CA, 0x29CA, 0x29CA, 0x29CA, 0x29CA, 0x31EB, 0x3A2C, 0x29CA, 0x29CB, 0x29CB,
  0x29CC, 0x29AC, 0x29AB, 0x298A, 0x31EA, 0x3A4C, 0x5B4F, 0x7412, 0x5B4F, 0x320A, 0x320B, 0x322B,
  0x322B, 0x320C, 0x320C, 0x320C, 0x3A4D, 0x428E, 0x3A4D, 0x3A2C, 0x3A2C, 0x3A0C, 0x3A0C, 0x3A2C,
  0x3A2C, 0x422C, 0x4A8D, 0x424C, 0x3A2C, 0x3A2C, 0x422C, 0x424C, 0x424C, 0x3A2B, 0x3A2B, 0x3A2B,
  0x3A2B, 0x3A2B, 0x3A2B, 0x3A2C, 0x52AD, 0x4A6C, 0x422B, 0x422B, 0x422B, 0x422B, 0x422B, 0x422B,
  0x422B, 0x422B, 0x422B, 0x422B, 0x422B, 0x422B, 0x422B, 0x422B, 0x422B, 0x422B, 0x422B, 0x422B,
  0x422B, 0x422B, 0x422B, 0x422B, 0x422B, 0x422B, 0x422B, 0x422B, 0x422B, 0x422B, 0x422B, 0x422B,
  0x422B, 0x422B, 0x422B, 0x422B, 0x422B, 0x422B, 0x422B, 0x422B, 0x422B, 0x422B, 0x422B, 0x426C,
  0x52AD, 0x424C, 0x424B, 0x424B, 0x424B, 0x424B, 0x424B, 0x424B, 0x422B, 0x422B, 0x422B, 0x422B,
  0x422B, 0x422B, 0x422B, 0x422B, 0x422B, 0x422B, 0x422B, 0x422B, 0x424B, 0x424B, 0x422B, 0x422B,
  0x422B, 0x422B, 0x422B, 0x422B, 0x422B, 0x422B, 0x424B, 0x424B, 0x422C, 0x422C, 0x3A2C, 0x3A2C,
  0x3A4C, 0x3A4C, 0x4A8D, 0x4AAE, 0x426C, 0x424C, 0x3A2C, 0x3A2C, 0x3A2C, 0x3A2C, 0x3A4C, 0x3A4C,
  0x3A2C, 0x3A2C, 0x424D, 0x428D, 0x428D, 0x426D, 0x3A2C, 0x3A2C, 0x3A4C, 0x3A4C, 0x3A4C, 0x3A4C,
  0x3A4C, 0x426D, 0x428D, 0x426D, 0x3A4C, 0x3A4C, 0x3A4C, 0x3A4C, 0x426D, 0x428E, 0x428D, 0x426D,
  0x4AAE, 0x42AE, 0x3A6C, 0x3A2C, 0x39EB, 0x39C9, 0x39C8, 0x39C8, 0x39C8, 0x39A8, 0x39A7, 0x39A7,
  0x39A7, 0x39A7, 0x3187, 0x39A7, 0x7BF0, 0x6B2D, 0x39A7, 0x31A7, 0x31A7, 0x39C7, 0x39C7, 0x31C8,
  0x31C8, 0x31C8, 0x39E9, 0x422A, 0x422B, 0x422B, 0x422B, 0x422B, 0x422B, 0x422B, 0x422C, 0x422C,
  0x3A2A, 0x634F, 0x632F, 0x3A2B, 0x4AAD, 0x6B90, 0x4AAD, 0x426B, 0x5B2E, 0x2169, 0x636D, 0x3A09,
  0x52AC, 0x52CD, 0x6B6F, 0x39E9, 0x5AED, 0x3A2A, 0x29CA, 0x29CB, 0x29CB, 0x29CB, 0x29CB, 0x29CA,
  0x29EB, 0x3A2C, 0x29CB, 0x29CB, 0x29CB, 0x29CA, 0x29CA, 0x29CA, 0x29CA, 0x21EB, 0x29CA, 0x31C9,
  0x31C9, 0x29AA, 0x29AA, 0x29AA, 0x29AA, 0x29AA, 0x29AA, 0x31EB, 0x3A2C, 0x29AA, 0x29CB, 0x29AB,
  0x29AB, 0x29AC, 0x29AB, 0x298A, 0x73F2, 0x7412, 0x73F2, 0x5B2F, 0x320A, 0x3A0B, 0x3A0B, 0x320B,
  0x320B, 0x320C, 0x320C, 0x320C, 0x3A4D, 0x426E, 0x3A0C, 0x320C, 0x320C, 0x320C, 0x3A0C, 0x3A0C,
  0x3A0C, 0x3A2C, 0x4A8E, 0x422C, 0x3A2C, 0x3A2C, 0x422C, 0x4A8D, 0x424C, 0x3A2B, 0x3A2B, 0x3A2B,
  0x3A2B, 0x3A2B, 0x3A2B, 0x422C, 0x52AE, 0x424C, 0x422B, 0x422B, 0x422B, 0x422B, 0x422B, 0x422B,
  0x422B, 0x422B, 0x422B, 0x422B, 0x422B, 0x422B, 0x422B, 0x422B, 0x422B, 0x422B, 0x422B, 0x422B,
  0x422B, 0x422B, 0x422B, 0x422B, 0x422B, 0x422B, 0x422B, 0x422B, 0x422B, 0x422B, 0x422B, 0x422B,
  0x422B, 0x422B, 0x422B, 0x422B, 0x422B, 0x422B, 0x422B, 0x422B, 0x422B, 0x422B, 0x422B, 0x424B,
  0x4AAD, 0x4A6C, 0x424B, 0x424B, 0x424B, 0x424B, 0x424B, 0x424B, 0x422B, 0x422B, 0x422B, 0x422B,
  0x422B, 0x422B, 0x422B, 0x422B, 0x422B, 0x422B, 0x422B, 0x424B, 0x4A6C, 0x4A6C, 0x424B, 0x422B,
  0x422B, 0x422B, 0x422B, 0x422B, 0x422B, 0x422B, 0x422B, 0x422B, 0x422C, 0x422C, 0x3A2C, 0x3A2C,
  0x3A2C, 0x3A2C, 0x3A2C, 0x426C, 0x4A8D, 0x424C, 0x3A2C, 0x3A2C, 0x3A2C, 0x3A4C, 0x3A4C, 0x3A4C,
  0x3A2C, 0x3A2C, 0x3A2C, 0x3A4C, 0x426D, 0x426D, 0x426D, 0x3A2C, 0x3A2C, 0x3A4C, 0x3A4C, 0x3A4C,
  0x3A4C, 0x3A4C, 0x424D, 0x426D, 0x426D, 0x426D, 0x3A4C, 0x3A4C, 0x3A4C, 0x4A8E, 0x4ACE, 0x4AAE,
  0x428D, 0x3A4C, 0x3A4C, 0x3A2C, 0x3A0B, 0x39C9, 0x39C8, 0x39C8, 0x39C8, 0x39A8, 0x39A7, 0x39A7,
  0x39A7, 0x39A7, 0x39A7, 0x39A7, 0x39E8, 0x39C7, 0x39A7, 0x31A7, 0x31A7, 0x39C7, 0x39C7, 0x31C8,
  0x31C8, 0x39E9, 0x3A09, 0x422A, 0x422B, 0x422B, 0x422B, 0x422B, 0x422B, 0x422B, 0x422C, 0x422C,
  0x2147, 0x52EE, 0x52CD, 0x3A2A, 0x426C, 0x4AAC, 0x5B4F, 0x636F, 0x636F, 0x29A9, 0x426A, 0x634F,
  0x632E, 0x31A9, 0x39E9, 0x31E9, 0x31C9, 0x2988, 0x29AA, 0x29CB, 0x29CB, 0x29CB, 0x29CB, 0x29CA,
  0x31CB, 0x320C, 0x29CA, 0x29CA, 0x29CA, 0x29CA, 0x29CA, 0x29EA, 0x29EB, 0x2A0B, 0x31EB, 0x31C9,
  0x29A9, 0x29A9, 0x29A9, 0x29A9, 0x29CA, 0x29CA, 0x29A9, 0x29A9, 0x31CA, 0x29A9, 0x29A9, 0x29AA,
  0x29CA, 0x29CA, 0x29AA, 0x2189, 0x5B2F, 0x73F2, 0x8454, 0x6350, 0x3A2B, 0x3A0B, 0x3A0B, 0x320C,
  0x320C, 0x320B, 0x320B, 0x322B, 0x3A4C, 0x428D, 0x3A0C, 0x3A0C, 0x3A0C, 0x3A0C, 0x3A0C, 0x3A0C,
  0x3A0C, 0x3A0C, 0x4A8E, 0x422C, 0x3A2C, 0x422C, 0x426D, 0x4AAE, 0x422D, 0x3A0D, 0x3A0C, 0x3A2C,
  0x3A2C, 0x3A2C, 0x3A2C, 0x426C, 0x52AD, 0x422B, 0x422B, 0x422B, 0x422B, 0x422B, 0x422B, 0x422B,
  0x422B, 0x422B, 0x422B, 0x422B, 0x422B, 0x422B, 0x422B, 0x422B, 0x422B, 0x422B, 0x422B, 0x422B,
  0x422B, 0x422B, 0x422B, 0x422B, 0x422B, 0x422B, 0x422B, 0x422B, 0x422B, 0x422B, 0x422B, 0x422B,
  0x422B, 0x422B, 0x422B, 0x422B, 0x422B, 0x422B, 0x422B, 0x422B, 0x422B, 0x422B, 0x422B, 0x422B,
  0x4A6C, 0x4A8C, 0x422B, 0x422B, 0x424B, 0x424B, 0x424B, 0x424B, 0x422B, 0x422B, 0x422B, 0x422B,
  0x422B, 0x422B, 0x422B, 0x422B, 0x422B, 0x422B, 0x422B, 0x3A2B, 0x424B, 0x4A8C, 0x4A6C, 0x424B,
  0x424B, 0x422B, 0x422B, 0x422B, 0x422B, 0x422B, 0x422B, 0x422C, 0x422C, 0x422C, 0x422C, 0x422C,
  0x3A2C, 0x3A2C, 0x3A2C, 0x3A2B, 0x424C, 0x426D, 0x426C, 0x3A2C, 0x3A2C, 0x3A2C, 0x3A4C, 0x3A4C,
  0x3A2C, 0x3A2C, 0x3A2C, 0x3A4C, 0x3A4C, 0x3A4C, 0x426D, 0x428D, 0x426D, 0x3A2C, 0x3A2C, 0x3A2C,
  0x3A2C, 0x3A2C, 0x3A2C, 0x3A2C, 0x3A4C, 0x424D, 0x428D, 0x428D, 0x426D, 0x4AAE, 0x4ACE, 0x428D,
  0x3A4C, 0x3A4C, 0x3A4C, 0x3A4C, 0x3A2B, 0x39EA, 0x39E8, 0x39C8, 0x39C8, 0x39A8, 0x39A7, 0x39A7,
  0x39A7, 0x39A7, 0x39A7, 0x39A7, 0x39A7, 0x39A7, 0x39A7, 0x31A7, 0x31A7, 0x39C7, 0x31C7, 0x31C8,
  0x31C8, 0x39E9, 0x3A2A, 0x3A4B, 0x424B, 0x424B, 0x422B, 0x422B, 0x422B, 0x422C, 0x422C, 0x422C,
  0x5B2F, 0x4A8C, 0x31EA, 0x29A9, 0x2988, 0x2168, 0x4AAD, 0x6370, 0x4A8D, 0x2968, 0x2989, 0x2989,
  0x2989, 0x3189, 0x2989, 0x3A2B, 0x31EA, 0x29A9, 0x31CA, 0x31CA, 0x31CA, 0x29CA, 0x31CA, 0x31AA,
  0x31CB, 0x3A2C, 0x320B, 0x320B, 0x320B, 0x320B, 0x320B, 0x320B, 0x320B, 0x3A2B, 0x3A2B, 0x29CA,
  0x29A9, 0x29A9, 0x29A9, 0x29A9, 0x29A9, 0x2989, 0x31CA, 0x424B, 0x636F, 0x6BB0, 0x3A2A, 0x2989,
  0x29AB, 0x29AB, 0x29AB, 0x298A, 0x2989, 0x3A0B, 0x5B0F, 0x73D2, 0x6370, 0x3A0B, 0x3A0B, 0x320C,
  0x320C, 0x320C, 0x320B, 0x320C, 0x3A4C, 0x428E, 0x3A0C, 0x3A0C, 0x3A0C, 0x3A0C, 0x3A0C, 0x3A0B,
  0x3A0B, 0x3A0C, 0x426D, 0x4A6D, 0x4A6D, 0x4A8D, 0x4A8D, 0x424D, 0x3A2C, 0x3A2C, 0x3A2C, 0x3A0C,
  0x3A2C, 0x3A2C, 0x3A0C, 0x426D, 0x4A8D, 0x422B, 0x422B, 0x422B, 0x422B, 0x422B, 0x422B, 0x422B,
  0x422B, 0x422B, 0x422B, 0x422B, 0x422B, 0x422B, 0x422B, 0x422B, 0x422B, 0x422B, 0x422B, 0x422B,
  0x422B, 0x422B, 0x422B, 0x422B, 0x422B, 0x422B, 0x422B, 0x422B, 0x422B, 0x422B, 0x422B, 0x422B,
  0x422B, 0x422B, 0x422B, 0x422B, 0x422B, 0x422B, 0x422B, 0x422B, 0x422B, 0x422B, 0x422B, 0x422B,
  0x424B, 0x4AAD, 0x424B, 0x422B, 0x422B, 0x422B, 0x424B, 0x422B, 0x422B, 0x422B, 0x422B, 0x422B,
  0x422B, 0x422B, 0x422B, 0x422B, 0x422B, 0x422B, 0x422B, 0x422B, 0x422B, 0x424B, 0x424C, 0x4A8C,
  0x426C, 0x422B, 0x422B, 0x422B, 0x422B, 0x422B, 0x422B, 0x422C, 0x422C, 0x422C, 0x422C, 0x422C,
  0x3A2C, 0x3A2C, 0x3A2C, 0x3A2C, 0x3A2C, 0x424C, 0x426C, 0x426C, 0x3A4C, 0x3A4C, 0x3A4C, 0x3A4C,
  0x3A4C, 0x3A2C, 0x3A2C, 0x3A4C, 0x3A4C, 0x3A4C, 0x3A4C, 0x3A4C, 0x424D, 0x426D, 0x424D, 0x3A4C,
  0x3A2C, 0x3A2C, 0x3A2C, 0x3A4C, 0x424D, 0x428D, 0x4AAE, 0x428D, 0x426D, 0x3A4C, 0x424D, 0x428D,
  0x4AAE, 0x42AE, 0x42AD, 0x426D, 0x424C, 0x3A2B, 0x3A0A, 0x39E9, 0x39C8, 0x39A8, 0x39A7, 0x39A7,
  0x39A7, 0x39A7, 0x39A7, 0x39A7, 0x39A7, 0x39A7, 0x39A7, 0x31A7, 0x31A7, 0x31C7, 0x31C8, 0x31E8,
  0x31E9, 0x3A0B, 0x3A2B, 0x3A4B, 0x3A4B, 0x3A2B, 0x3A2C, 0x3A2C, 0x422C, 0x422C, 0x422C, 0x422C,
  0x2168, 0x31C9, 0x3A2A, 0x31E9, 0x320A, 0x2988, 0x3A2A, 0x424C, 0x2989, 0x2989, 0x2989, 0x3189,
  0x3189, 0x2989, 0x31CA, 0x3A0B, 0x29A9, 0x29A9, 0x31AA, 0x31CA, 0x31CA, 0x29CA, 0x31CA, 0x31CA,
  0x39EB, 0x320B, 0x29CA, 0x29CA, 0x29CA, 0x29CA, 0x29CA, 0x29A9, 0x29A9, 0x29CA, 0x3A2B, 0x31EA,
  0x29A9, 0x29A9, 0x29A9, 0x31C9, 0x29A9, 0x3A0A, 0x8474, 0x5B0E, 0x636F, 0x3209, 0x2187, 0x31CA,
  0x29AB, 0x29AB, 0x31AB, 0x31CB, 0x3A4C, 0x6370, 0x5B2F, 0x426C, 0x39EA, 0x31EA, 0x3A0B, 0x3A0C,
  0x320C, 0x320C, 0x320C, 0x320C, 0x3A4C, 0x4A8E, 0x3A0C, 0x3A0C, 0x3A0C, 0x3A0B, 0x3A0B, 0x3A0B,
  0x3A0B, 0x3A0C, 0x3A0C, 0x3A0C, 0x3A0C, 0x3A0C, 0x3A0C, 0x3A0C, 0x3A0C, 0x3A2C, 0x3A2C, 0x3A2C,
  0x3A2C, 0x3A2C, 0x3A0C, 0x4A8D, 0x4A6C, 0x424C, 0x422B, 0x422B, 0x422B, 0x422B, 0x422B, 0x422B,
  0x422B, 0x422B, 0x422B, 0x422B, 0x422B, 0x422B, 0x422B, 0x422B, 0x422B, 0x422B, 0x422B, 0x422B,
  0x422B, 0x422B, 0x422B, 0x422B, 0x422B, 0x422B, 0x422B, 0x422B, 0x422B, 0x422B, 0x422B, 0x422B,
  0x422B, 0x422B, 0x422B, 0x422B, 0x422B, 0x422B, 0x422B, 0x422B, 0x422B, 0x422B, 0x422B, 0x422B,
  0x422B, 0x4A6C, 0x4A8C, 0x422B, 0x422B, 0x422B, 0x424B, 0x422B, 0x422B, 0x422B, 0x422B, 0x422B,
  0x422B, 0x422B, 0x422B, 0x422B, 0x422B, 0x422B, 0x422B, 0x422B, 0x422B, 0x422B, 0x422B, 0x424C,
  0x4AAD, 0x424B, 0x422B, 0x422B, 0x422B, 0x422B, 0x422B, 0x422C, 0x422C, 0x422C, 0x422C, 0x422C,
  0x422C, 0x422C, 0x422C, 0x422C, 0x3A2C, 0x3A2B, 0x3A2B, 0x424C, 0x426D, 0x426D, 0x3A4C, 0x3A2C,
  0x3A4C, 0x3A2C, 0x3A2C, 0x3A4C, 0x3A4C, 0x3A4C, 0x3A4C, 0x3A4C, 0x3A4C, 0x424D, 0x428D, 0x428D,
  0x424D, 0x426D, 0x428D, 0x4A8E, 0x4AAE, 0x426D, 0x3A2C, 0x3A2C, 0x3A4C, 0x3A4C, 0x3A2C, 0x3A4C,
  0x3A4C, 0x3A4C, 0x3A6D, 0x426D, 0x428C, 0x426C, 0x426B, 0x420A, 0x39C8, 0x39A8, 0x39A7, 0x39A7,
  0x39A7, 0x39A7, 0x39A7, 0x39A7, 0x39A7, 0x39A7, 0x39A7, 0x31A7, 0x39C7, 0x39C8, 0x31E8, 0x3208,
  0x3A2B, 0x3A2C, 0x3A4C, 0x3A4B, 0x3A4C, 0x3A2C, 0x3A2C, 0x3A2C, 0x3A2C, 0x422C, 0x422C, 0x422C,
  0x31C9, 0x31C9, 0x31C9, 0x31E9, 0x320A, 0x320A, 0x320A, 0x31C9, 0x29A9, 0x2989, 0x2989, 0x3189,
  0x3189, 0x3189, 0x31EA, 0x31EB, 0x2989, 0x29A9, 0x29AA, 0x31CA, 0x31CA, 0x29CA, 0x31CA, 0x31CA,
  0x422C, 0x31CB, 0x29CA, 0x29CA, 0x29CA, 0x29CA, 0x29CA, 0x29CA, 0x29CA, 0x29A9, 0x3A4C, 0x31EA,
  0x29CA, 0x29A9, 0x29A9, 0x31C9, 0x31C9, 0x2168, 0x3A2B, 0x636F, 0x7C32, 0x3A2A, 0x2187, 0x29A9,
  0x29AB, 0x29AB, 0x29AB, 0x29AA, 0x6350, 0x73D2, 0x8474, 0x6350, 0x4A6C, 0x3A0B, 0x3A0B, 0x3A0C,
  0x3A0C, 0x3A0C, 0x3A0C, 0x3A0C, 0x3A2C, 0x4A8D, 0x3A2B, 0x3A2B, 0x3A2B, 0x3A0B, 0x3A0B, 0x3A0C,
  0x3A0C, 0x3A0C, 0x3A0C, 0x3A0C, 0x3A0C, 0x3A0C, 0x3A0C, 0x3A0C, 0x3A0C, 0x3A2C, 0x3A2C, 0x3A2C,
  0x3A2C, 0x3A0C, 0x320C, 0x4A6D, 0x424C, 0x422B, 0x422B, 0x422B, 0x422B, 0x422B, 0x422B, 0x422B,
  0x422B, 0x422B, 0x422B, 0x422B, 0x422B, 0x422B, 0x422B, 0x422B, 0x422B, 0x422B, 0x422B, 0x422B,
  0x422B, 0x422B, 0x422B, 0x422B, 0x422B, 0x422B, 0x422B, 0x422B, 0x422B, 0x422B, 0x422B, 0x422B,
  0x422B, 0x422B, 0x422B, 0x422B, 0x422B, 0x422B, 0x422B, 0x422B, 0x422B, 0x422B, 0x422B, 0x422B,
  0x422B, 0x424B, 0x4A8C, 0x424B, 0x422B, 0x422B, 0x424B, 0x422B, 0x422B, 0x422B, 0x422B, 0x422B,
  0x422B, 0x422B, 0x422B, 0x422B, 0x422B, 0x422B, 0x422B, 0x422B, 0x422B, 0x422B, 0x422B, 0x424C,
  0x4AAD, 0x424B, 0x422B, 0x422B, 0x422B, 0x422B, 0x422C, 0x422C, 0x422C, 0x422C, 0x422C, 0x422C,
  0x422C, 0x422C, 0x422C, 0x422C, 0x3A2C, 0x3A2C, 0x3A2C, 0x3A2C, 0x3A4C, 0x426D, 0x426D, 0x3A4C,
  0x3A2C, 0x3A2C, 0x3A2C, 0x3A4C, 0x3A4C, 0x3A4C, 0x3A4C, 0x3A4C, 0x3A4C, 0x3A4C, 0x428D, 0x4AAE,
  0x4AAE, 0x4AAE, 0x4AAE, 0x426D, 0x426D, 0x426D, 0x428D, 0x426D, 0x3A4C, 0x3A4C, 0x3A4C, 0x3A4C,
  0x3A4C, 0x3A4C, 0x3A4C, 0x3A4C, 0x3A4C, 0x426C, 0x426C, 0x4A4B, 0x4A2A, 0x41E8, 0x39A8, 0x39A7,
  0x39A7, 0x39A7, 0x39A7, 0x39A7, 0x39A7, 0x39A7, 0x39A7, 0x39A7, 0x39C7, 0x39E8, 0x4229, 0x428B,
  0x428C, 0x426C, 0x3A4C, 0x3A4C, 0x3A4C, 0x3A2C, 0x3A2C, 0x3A2C, 0x3A2C, 0x422C, 0x422C, 0x422C,
  0x31C9, 0x31C9, 0x31C9, 0x31CA, 0x3A0B, 0x31EA, 0x31CA, 0x31A9, 0x31A9, 0x31A9, 0x31A9, 0x3188,
  0x2988, 0x2968, 0x31A9, 0x2989, 0x2168, 0x29A9, 0x29CA, 0x29CA, 0x29CA, 0x29CA, 0x31CA, 0x31CB,
  0x3A2C, 0x29CA, 0x29CA, 0x29CA, 0x29CA, 0x29CA, 0x29CA, 0x29CA, 0x29CA, 0x29CA, 0x3A4C, 0x29CA,
  0x29A9, 0x29A9, 0x29A9, 0x29A9, 0x2989, 0x3A2A, 0x3A2A, 0x2988, 0x428B, 0x638F, 0x31E9, 0x29A9,
  0x31AB, 0x31AB, 0x31AB, 0x424C, 0x52AD, 0x2147, 0x6370, 0x426C, 0x73D1, 0x3A0B, 0x3A0C, 0x3A2C,
  0x3A0C, 0x3A0C, 0x39EC, 0x39EC, 0x3A2C, 0x4AAE, 0x422C, 0x3A2C, 0x3A0C, 0x3A2C, 0x3A2C, 0x3A2C,
  0x3A2C, 0x3A2D, 0x3A2D, 0x3A0C, 0x3A2C, 0x422C, 0x422C, 0x422C, 0x3A2C, 0x3A2C, 0x424D, 0x424D,
  0x426D, 0x426D, 0x426D, 0x4AAE, 0x426C, 0x424C, 0x426C, 0x424C, 0x424C, 0x426C, 0x426C, 0x426C,
  0x426C, 0x426C, 0x426C, 0x426C, 0x426C, 0x426C, 0x426C, 0x426C, 0x426C, 0x426C, 0x426C, 0x426C,
  0x426C, 0x426C, 0x426C, 0x426C, 0x426C, 0x426C, 0x426C, 0x426C, 0x426C, 0x426C, 0x426C, 0x426C,
  0x426C, 0x426C, 0x426C, 0x426C, 0x426C, 0x426C, 0x426C, 0x426C, 0x426C, 0x426C, 0x426C, 0x426C,
  0x426C, 0x426C, 0x4AAD, 0x4A8C, 0x426C, 0x426C, 0x426C, 0x426C, 0x426C, 0x426C, 0x426C, 0x426C,
  0x426C, 0x426C, 0x426C, 0x426C, 0x426C, 0x426C, 0x426C, 0x4A8C, 0x4A8D, 0x4AAD, 0x52CE, 0x4AAD,
  0x52AE, 0x426D, 0x424D, 0x424D, 0x424D, 0x4A6E, 0x4A6E, 0x4A6E, 0x424D, 0x424D, 0x424D, 0x424D,
  0x424D, 0x424D, 0x424D, 0x424D, 0x424C, 0x426D, 0x426D, 0x426D, 0x426D, 0x424C, 0x4A8D, 0x4AAE,
  0x4AAE, 0x428D, 0x428D, 0x426D, 0x426D, 0x426D, 0x426D, 0x426D, 0x4AAE, 0x4ACE, 0x52CE, 0x4ACE,
  0x4AAE, 0x428D, 0x426D, 0x426D, 0x424C, 0x426D, 0x428D, 0x4AAD, 0x428D, 0x428D, 0x428D, 0x426D,
  0x426D, 0x426D, 0x3A6D, 0x426D, 0x426D, 0x426D, 0x426D, 0x3AAA, 0x2364, 0x2344, 0x1B23, 0x1B03,
  0x1B03, 0x1B03, 0x1B03, 0x1B03, 0x1B03, 0x1B03, 0x1B03, 0x1B03, 0x1B03, 0x1B24, 0x1B64, 0x2385,
  0x2386, 0x2386, 0x2366, 0x1B65, 0x1B45, 0x1B45, 0x1B45, 0x1B45, 0x1B45, 0x1B45, 0x1B45, 0x1B45,
  0x31AA, 0x31AA, 0x31AA, 0x31CA, 0x422B, 0x31CA, 0x31A9, 0x31A9, 0x31A9, 0x31A9, 0x31A9, 0x2987,
  0x424A, 0x52AC, 0x5B0D, 0x634F, 0x634F, 0x29A8, 0x29CA, 0x29CA, 0x29CA, 0x29CA, 0x29CA, 0x31EB,
  0x320B, 0x29AA, 0x29CA, 0x29CA, 0x29CA, 0x29CA, 0x29CA, 0x29CA, 0x29CA, 0x3A0B, 0x31EB, 0x29A9,
  0x29A9, 0x29A9, 0x29A9, 0x29A9, 0x2989, 0x5B2D, 0x6BAF, 0x5B0F, 0x2988, 0x2167, 0x2988, 0x31CA,
  0x31CB, 0x31CB, 0x31AB, 0x31AA, 0x6370, 0x8C94, 0x634F, 0x6370, 0x52EE, 0x3A0A, 0x3A2C, 0x3A2C,
  0x3A0C, 0x3A0C, 0x3A0B, 0x3A0B, 0x3A0C, 0x424D, 0x422C, 0x420C, 0x420C, 0x3A2D, 0x3A2D, 0x3A2D,
  0x3A2D, 0x3A4D, 0x3A4D, 0x424D, 0x426D, 0x4A6D, 0x4A8D, 0x4A8D, 0x4AAE, 0x4AAE, 0x4A8E, 0x4A8E,
  0x4A8E, 0x4A8E, 0x4AAE, 0x52CE, 0x4A8C, 0x4A8C, 0x4A8C, 0x4A6C, 0x4A6C, 0x4A8C, 0x4A8C, 0x4A8C,
  0x4A8C, 0x4A8C, 0x4A8C, 0x4A8C, 0x4A8C, 0x4A8C, 0x4A8C, 0x4A8C, 0x4A8C, 0x4A8C, 0x4A8C, 0x4A8C,
  0x4A8C, 0x4A8C, 0x4A8C, 0x4A8C, 0x4A8C, 0x4A8C, 0x4A8C, 0x4A8C, 0x4A8C, 0x4A8C, 0x4A8C, 0x4A8C,
  0x4A8C, 0x4A8C, 0x4A8C, 0x4A8C, 0x4A8C, 0x4A8C, 0x4A8C, 0x4A8C, 0x4A8C, 0x4A8C, 0x4A8C, 0x4A8C,
  0x4A8C, 0x4A8C, 0x4AAD, 0x52AD, 0x4A8C, 0x4A8C, 0x4A8C, 0x4A8C, 0x4A8C, 0x4A8C, 0x4A8C, 0x4A8C,
  0x4A8C, 0x4A8C, 0x4A8C, 0x4A8C, 0x52AD, 0x52CD, 0x5B0E, 0x5AEE, 0x52CD, 0x52CE, 0x52EF, 0x52CE,
  0x4A8E, 0x4A6E, 0x4A6E, 0x4A6E, 0x4A6F, 0x4A90, 0x4A90, 0x4A90, 0x4A8E, 0x4A8D, 0x4A8D, 0x4A8D,
  0x4A8D, 0x4A8D, 0x4A8D, 0x4A8D, 0x4A8D, 0x4A8D, 0x4A8D, 0x4A8D, 0x4A8D, 0x4A8D, 0x4A6D, 0x4A8D,
  0x52CE, 0x52CE, 0x52AE, 0x528D, 0x4A6D, 0x4A6D, 0x4AAE, 0x52CE, 0x52CE, 0x4ACE, 0x4AAD, 0x428D,
  0x4AAD, 0x428D, 0x428D, 0x426D, 0x426D, 0x428D, 0x428D, 0x428D, 0x428D, 0x428D, 0x428D, 0x428D,
  0x428E, 0x428E, 0x428E, 0x428E, 0x428E, 0x428E, 0x428E, 0x330A, 0x0420, 0x0420, 0x0420, 0x0420,
  0x0420, 0x0420, 0x0420, 0x0420, 0x0420, 0x0420, 0x0420, 0x0420, 0x0420, 0x0420, 0x0420, 0x0420,
  0x0420, 0x0420, 0x0420, 0x0420, 0x0420, 0x0420, 0x0420, 0x0420, 0x0420, 0x0420, 0x0420, 0x0420,
  0x31AA, 0x31AA, 0x31AA, 0x39EB, 0x3A2B, 0x2989, 0x29A9, 0x31A9, 0x31A9, 0x31A9, 0x31A9, 0x2967,
  0x73D0, 0x6B6F, 0x52CD, 0x636F, 0x31E9, 0x2988, 0x29A9, 0x29CA, 0x29CA, 0x29AA, 0x29AA, 0x320B,
  0x320B, 0x31CA, 0x320B, 0x320B, 0x320B, 0x3A0C, 0x3A0C, 0x31EB, 0x31EB, 0x31EA, 0x29AA, 0x2989,
  0x2989, 0x29A9, 0x29A9, 0x29A9, 0x2989, 0x5B0D, 0x29A8, 0x424C, 0x6B90, 0x426B, 0x29A8, 0x31EA,
  0x31CB, 0x31CB, 0x31CB, 0x31EA, 0x3A0B, 0x4AAD, 0x31C9, 0x3A4B, 0x3A2B, 0x3A0A, 0x3A2C, 0x3A2C,
  0x3A2C, 0x3A2C, 0x31EA, 0x3A4B, 0x4A8C, 0x73D1, 0x5AEE, 0x52CD, 0x3A0A, 0x424D, 0x424E, 0x428E,
  0x428F, 0x4A8E, 0x4AAF, 0x4AAF, 0x4A8E, 0x4A6D, 0x4A6D, 0x426C, 0x426D, 0x424D, 0x424D, 0x424D,
  0x424D, 0x424D, 0x4A6D, 0x52CE, 0x4A8C, 0x426C, 0x4A8C, 0x4A6C, 0x4A6C, 0x4A8C, 0x4A8C, 0x4A8C,
  0x4A8C, 0x4A8C, 0x4A8C, 0x4A8C, 0x4A8C, 0x4A8C, 0x4A8C, 0x4A8C, 0x4A8C, 0x4A8C, 0x4A8C, 0x4A8C,
  0x4A8C, 0x4A8C, 0x4A8C, 0x4A8C, 0x4A8C, 0x4A8C, 0x4A8C, 0x4A8C, 0x4A8C, 0x4A8C, 0x4A8C, 0x4A8C,
  0x4A8C, 0x4A8C, 0x4A8C, 0x4A8C, 0x4A8C, 0x4A8C, 0x4A8C, 0x4A8C, 0x4A8C, 0x4A8C, 0x4A8C, 0x4A8C,
  0x4A8C, 0x4A8C, 0x4A8D, 0x5AEE, 0x4A8D, 0x4A8C, 0x4A8C, 0x4A8C, 0x4A8C, 0x4A8C, 0x4A8C, 0x4A8C,
  0x4A8C, 0x4A8C, 0x52AD, 0x52EE, 0x52CD, 0x4AAD, 0x4A8C, 0x4A8C, 0x4A6C, 0x4A6D, 0x4AAE, 0x52CE,
  0x4AAE, 0x4A6E, 0x4A6E, 0x4A6E, 0x4A6F, 0x4A6F, 0x4A6F, 0x4A6F, 0x4A8E, 0x4A8E, 0x4A8E, 0x4A8E,
  0x4A8D, 0x4A8D, 0x4A8D, 0x4A8D, 0x4A8D, 0x4A8D, 0x4A8D, 0x4AAD, 0x4A8D, 0x4A8D, 0x4A8D, 0x4A8D,
  0x4A8D, 0x52AE, 0x52EF, 0x52EF, 0x52EF, 0x530F, 0x52EE, 0x4ACE, 0x4AAE, 0x428D, 0x428D, 0x428D,
  0x4A8D, 0x428D, 0x428D, 0x428D, 0x426D, 0x428D, 0x428D, 0x428D, 0x428D, 0x426D, 0x426D, 0x428D,
  0x428D, 0x428E, 0x428E, 0x428E, 0x428E, 0x428E, 0x428E, 0x330A, 0x0420, 0x0420, 0x0420, 0x0420,
  0x0420, 0x0420, 0x0420, 0x0420, 0x0420, 0x0420, 0x0420, 0x0420, 0x0420, 0x0420, 0x0420, 0x0420,
  0x0420, 0x0420, 0x0420, 0x0420, 0x0420, 0x0420, 0x0420, 0x0420, 0x0420, 0x0420, 0x0420, 0x0420,
  0x31AA, 0x31AA, 0x31AA, 0x39EB, 0x31CA, 0x2989, 0x2989, 0x31A9, 0x31A9, 0x31A9, 0x31A9, 0x2987,
  0x2987, 0x5B0D, 0x7C11, 0x426B, 0x29A8, 0x31C9, 0x29CA, 0x29CA, 0x29CA, 0x29AA, 0x29AA, 0x3A0B,
  0x3A2B, 0x31EB, 0x31EB, 0x31EA, 0x31CA, 0x31CA, 0x31CA, 0x29AA, 0x2989, 0x29AA, 0x29AA, 0x2989,
  0x2989, 0x29A9, 0x29A9, 0x29A9, 0x29A9, 0x4AAC, 0x29C8, 0x3A0B, 0x29A8, 0x4ACC, 0x2988, 0x31CA,
  0x31CB, 0x31CB, 0x31CB, 0x31CA, 0x31CA, 0x31EA, 0x31EA, 0x31EA, 0x320A, 0x3A0A, 0x3A2C, 0x424D,
  0x424D, 0x424C, 0x3A2A, 0x7C52, 0x636E, 0x8CB3, 0x6B8F, 0x8432, 0x424A, 0x428D, 0x426E, 0x3A4E,
  0x3A2D, 0x3A4D, 0x3A4D, 0x3A4D, 0x424D, 0x424C, 0x424C, 0x424C, 0x424C, 0x424D, 0x424D, 0x424D,
  0x424D, 0x424D, 0x4A6D, 0x4AAE, 0x426C, 0x4A8C, 0x4A8C, 0x4A6C, 0x4A6C, 0x4A8C, 0x4A6C, 0x4A6C,
  0x4A6C, 0x4A8C, 0x4A6C, 0x426C, 0x4A6C, 0x4A6C, 0x4A6C, 0x4A8C, 0x4A8C, 0x4A8C, 0x4A8C, 0x4A8C,
  0x4A8C, 0x4A8C, 0x4A6C, 0x4A6C, 0x4A8C, 0x4A8C, 0x4A8C, 0x4A8C, 0x4A8C, 0x4A8C, 0x4A6C, 0x4A6C,
  0x4A8C, 0x4A8C, 0x4A8C, 0x4A8C, 0x4A8C, 0x4A8C, 0x4A8C, 0x4A8C, 0x4A8C, 0x4A8C, 0x4A8C, 0x4A8C,
  0x4A8C, 0x4A8C, 0x4A8C, 0x52EE, 0x52CD, 0x4A8C, 0x4A8C, 0x4A8C, 0x4A8C, 0x4A8C, 0x4A8C, 0x4A8C,
  0x4A8C, 0x4A8C, 0x5B0E, 0x52AD, 0x4A8C, 0x4A8C, 0x4A6C, 0x4A6C, 0x4A6C, 0x426D, 0x426D, 0x52EF,
  0x52CE, 0x4A6E, 0x4A6E, 0x4A6E, 0x4A6F, 0x4A6F, 0x4A6F, 0x4A6F, 0x4A8E, 0x4AAE, 0x4AAE, 0x4AAE,
  0x4AAD, 0x4A8D, 0x4A8D, 0x4A8D, 0x4A8D, 0x4A8D, 0x4A8D, 0x4AAD, 0x4AAD, 0x52CE, 0x52CE, 0x52EE,
  0x52EE, 0x52CE, 0x4AAE, 0x4A6D, 0x4A8D, 0x4AAD, 0x4AAE, 0x52EE, 0x52EF, 0x4ACE, 0x4A8D, 0x428D,
  0x4A8D, 0x4A8D, 0x4A8D, 0x426D, 0x426D, 0x426D, 0x426D, 0x426D, 0x426D, 0x426D, 0x426D, 0x426D,
  0x428D, 0x428E, 0x428E, 0x428E, 0x4ACF, 0x4ACF, 0x4AAE, 0x330A, 0x0420, 0x0420, 0x0420, 0x0420,
  0x0420, 0x0420, 0x0420, 0x0420, 0x0420, 0x0420, 0x0420, 0x0420, 0x0420, 0x0420, 0x0420, 0x0420,
  0x0420, 0x0420, 0x0420, 0x0420, 0x0420, 0x0420, 0x0420, 0x0420, 0x0420, 0x0420, 0x0420, 0x0420,
  0x31AA, 0x31AA, 0x31AA, 0x420B, 0x31CA, 0x31AA, 0x31AA, 0x31A9, 0x31A9, 0x31A9, 0x2968, 0x31A8,
  0x2987, 0x2146, 0x4A8B, 0x636E, 0x31C9, 0x31CA, 0x31CA, 0x31AA, 0x31AA, 0x29AA, 0x31CA, 0x3A2C,
  0x31AA, 0x29AA, 0x29AA, 0x29AA, 0x29AA, 0x29AA, 0x29AA, 0x29AA, 0x29AA, 0x29AA, 0x29AA, 0x29A9,
  0x29A9, 0x29A9, 0x29A9, 0x29A9, 0x29A9, 0x29A9, 0x31C9, 0x3A2B, 0x31AA, 0x2989, 0x2989, 0x31AA,
  0x31CB, 0x31CB, 0x31CB, 0x31CA, 0x31EA, 0x6B90, 0x7C12, 0x73F2, 0x6370, 0x3A4B, 0x3A2C, 0x424D,
  0x424D, 0x424D, 0x3A2B, 0x6BB1, 0x29C9, 0x3A2A, 0x31A8, 0x6B90, 0x3A0A, 0x3A2C, 0x3A4D, 0x3A2D,
  0x3A2D, 0x424C, 0x3A6E, 0x3A6E, 0x424C, 0x424C, 0x424C, 0x424C, 0x424C, 0x424C, 0x424C, 0x424C,
  0x424C, 0x3A2C, 0x424C, 0x4A8C, 0x3A4A, 0x3A4A, 0x4A8B, 0x4A8B, 0x4A8B, 0x426B, 0x4AAC, 0x4A8B,
  0x3A2A, 0x424A, 0x426B, 0x4A8B, 0x4AAC, 0x426B, 0x424A, 0x4A8B, 0x4AAB, 0x4AAC, 0x4A8C, 0x4A8C,
  0x4A8C, 0x4A8C, 0x422B, 0x424B, 0x426B, 0x4A8C, 0x4A8C, 0x4A6C, 0x4AAC, 0x4A8C, 0x422B, 0x426B,
  0x4A8C, 0x4A8C, 0x4A8C, 0x4A8C, 0x4A8C, 0x4A8C, 0x4A8C, 0x4A8C, 0x4A8C, 0x4A8C, 0x4A8C, 0x4A8C,
  0x4A8C, 0x4A8C, 0x4A8C, 0x4AAD, 0x52EE, 0x4A8C, 0x4A8C, 0x4A8C, 0x4A8C, 0x4A8C, 0x4A8C, 0x4A8C,
  0x4A8C, 0x4A8C, 0x52CD, 0x52EE, 0x4A8C, 0x4A8C, 0x4A8C, 0x4A6C, 0x4A6C, 0x426D, 0x426D, 0x52EF,
  0x52AE, 0x4A6E, 0x4A6E, 0x4A6E, 0x4A6E, 0x4A6E, 0x4A6E, 0x4A6E, 0x4A6D, 0x4A6C, 0x4A6C, 0x4A8D,
  0x4A8D, 0x4A8D, 0x4AAD, 0x4A8D, 0x4A8D, 0x52CE, 0x5AEE, 0x52EE, 0x52CE, 0x52CD, 0x4AAD, 0x4A8D,
  0x4A8D, 0x4A8D, 0x4A8D, 0x4A6C, 0x4A8D, 0x4A8D, 0x428D, 0x428D, 0x4A8D, 0x4ACE, 0x52CE, 0x4AAD,
  0x4A8D, 0x4A8D, 0x4A8D, 0x4A8D, 0x4A8D, 0x428D, 0x428D, 0x428D, 0x428D, 0x428D, 0x428D, 0x428D,
  0x4AAE, 0x4ACF, 0x4ACF, 0x4AAE, 0x4AAE, 0x4ACF, 0x4ACF, 0x332A, 0x0420, 0x0420, 0x0420, 0x0420,
  0x0420, 0x0420, 0x0420, 0x0420, 0x0420, 0x0420, 0x0420, 0x0420, 0x0420, 0x0420, 0x0420, 0x0420,
  0x0420, 0x0420, 0x0420, 0x0420, 0x0420, 0x0420, 0x0420, 0x0420, 0x0420, 0x0420, 0x0420, 0x0420,
  0x31AA, 0x31AA, 0x31CA, 0x3A0B, 0x31CA, 0x31CA, 0x31AA, 0x31A9, 0x31A9, 0x31A9, 0x31C9, 0x5B0D,
  0x2988, 0x634E, 0x632D, 0x4249, 0x2988, 0x29AA, 0x31AA, 0x31AA, 0x31AA, 0x29AA, 0x31CA, 0x3A2C,
  0x29AA, 0x29AA, 0x29AA, 0x29AA, 0x29AA, 0x29AA, 0x29AA, 0x29AA, 0x29AA, 0x29AA, 0x29AA, 0x29A9,
  0x29A9, 0x29A9, 0x29A9, 0x29A9, 0x29A9, 0x2989, 0x29A9, 0x31EA, 0x2988, 0x2988, 0x31C9, 0x3A0B,
  0x3A0C, 0x3A0D, 0x3A2D, 0x3A2B, 0x426C, 0x73B1, 0x4AAD, 0x52EE, 0x6370, 0x5B2F, 0x3A2C, 0x3A0C,
  0x3A0C, 0x3A0C, 0x31EA, 0x6390, 0x634F, 0x424B, 0x5AED, 0x73D1, 0x3A0A, 0x3A2C, 0x3A4D, 0x3A4D,
  0x3A4D, 0x424C, 0x326E, 0x3A4E, 0x424C, 0x424C, 0x424C, 0x424C, 0x424C, 0x424C, 0x424C, 0x424C,
  0x424C, 0x3A0B, 0x6370, 0x5B4F, 0x638F, 0x428B, 0x3A29, 0x4A8B, 0x3A2A, 0x5B2E, 0x636E, 0x6BB0,
  0x4AAB, 0x424A, 0x52CC, 0x73D0, 0x73D0, 0x4AAB, 0x3A29, 0x3A2A, 0x424A, 0x424A, 0x3A2A, 0x424B,
  0x424B, 0x422A, 0x424B, 0x424B, 0x3A0A, 0x4A8C, 0x424B, 0x424B, 0x424B, 0x3A0A, 0x4A6C, 0x5B0E,
  0x424B, 0x4A8C, 0x4A8C, 0x4A8C, 0x4A8C, 0x4A8C, 0x4A6C, 0x4A6C, 0x4A8C, 0x4A8C, 0x4A8C, 0x4A8C,
  0x4A8C, 0x4A8C, 0x4A8C, 0x4A8C, 0x52CD, 0x4A8D, 0x4A8C, 0x4A8C, 0x4A8C, 0x4A8C, 0x4A8C, 0x4A8C,
  0x4A8C, 0x4A8C, 0x4A8D, 0x52EE, 0x4A8C, 0x4A6C, 0x4A8C, 0x4A6C, 0x4A6C, 0x426D, 0x426D, 0x52CE,
  0x4AAE, 0x4A6E, 0x4A6E, 0x4A6E, 0x4A6E, 0x4A6E, 0x4A6E, 0x4A6E, 0x4A6D, 0x426C, 0x4A6C, 0x4A6C,
  0x4AAD, 0x4AAD, 0x52EE, 0x52CE, 0x52EE, 0x52EE, 0x52CE, 0x4AAD, 0x4A8D, 0x4A8D, 0x4A8C, 0x4A8C,
  0x4A8C, 0x4A8C, 0x4A8D, 0x4A8D, 0x4A8D, 0x4A8D, 0x4A8D, 0x4A8D, 0x4A8D, 0x428D, 0x4A8D, 0x52CE,
  0x52EE, 0x52CE, 0x4AAD, 0x4A8D, 0x428D, 0x426D, 0x426D, 0x428D, 0x428D, 0x428D, 0x428D, 0x428D,
  0x428D, 0x428E, 0x530F, 0x5310, 0x52EF, 0x4AAE, 0x4AAE, 0x332A, 0x0420, 0x0420, 0x0420, 0x0420,
  0x0420, 0x0420, 0x0420, 0x0420, 0x0420, 0x0420, 0x0420, 0x0420, 0x0420, 0x0420, 0x0420, 0x0420,
  0x0420, 0x0420, 0x0420, 0x0420, 0x0420, 0x0420, 0x0420, 0x0420, 0x0420, 0x0420, 0x0420, 0x0420,
  0x31AA, 0x31AA, 0x39EB, 0x39EB, 0x31CA, 0x31CA, 0x31AA, 0x31A9, 0x31A9, 0x3189, 0x422B, 0x52AC,
  0x5AED, 0x4A6B, 0x4A8B, 0x5B0C, 0x2988, 0x31AA, 0x31AA, 0x31AA, 0x31AA, 0x31AA, 0x3A0B, 0x31EB,
  0x29AA, 0x29AA, 0x29AA, 0x29AA, 0x29AA, 0x29AA, 0x29AA, 0x29AA, 0x29AA, 0x29AA, 0x31AA, 0x31CA,
  0x31CA, 0x31CA, 0x31EA, 0x39EB, 0x3A0B, 0x31CA, 0x632F, 0x73F2, 0x7C11, 0x73F0, 0x426A, 0x31CA,
  0x31CB, 0x31CB, 0x31CB, 0x31EA, 0x3A2B, 0x8433, 0x52EE, 0x530E, 0x6BB1, 0x530E, 0x3A2B, 0x3A2C,
  0x3A2C, 0x3A2C, 0x320A, 0x320A, 0x6370, 0x73D1, 0x634F, 0x422B, 0x424B, 0x424C, 0x3A4D, 0x3A4D,
  0x3A4D, 0x424C, 0x326E, 0x3A4E, 0x424C, 0x424C, 0x424C, 0x424C, 0x424C, 0x424C, 0x424C, 0x424C,
  0x424C, 0x3A0B, 0x6B91, 0x4AAD, 0x636E, 0x4A8B, 0x5B2D, 0x636E, 0x52CC, 0x5B2E, 0x5B2D, 0x6BAF,
  0x426A, 0x4A8B, 0x426A, 0x5B0D, 0x5B0D, 0x4AAB, 0x73D0, 0x5B0D, 0x6B8F, 0x6BAF, 0x4AAC, 0x73D1,
  0x6B90, 0x636F, 0x4AAC, 0x52CD, 0x636F, 0x6BB0, 0x5B0E, 0x4A8C, 0x6B90, 0x6B90, 0x52CD, 0x634F,
  0x424B, 0x4A8C, 0x4A8C, 0x4A8C, 0x4A8C, 0x4A8C, 0x4A6C, 0x4A6C, 0x4A8C, 0x4A8C, 0x4A8C, 0x4A8C,
  0x4A8C, 0x4A8C, 0x4A8C, 0x4A8C, 0x52CD, 0x52EE, 0x4A8C, 0x4A8C, 0x4A8C, 0x4A8C, 0x4A8C, 0x4A8C,
  0x4A8C, 0x4A8C, 0x4A8C, 0x52AD, 0x52CD, 0x4A8C, 0x4A8C, 0x4A8C, 0x4A8C, 0x4A6D, 0x426D, 0x4AAE,
  0x5B0F, 0x4A8E, 0x4A6E, 0x4A6E, 0x4A8F, 0x4A8F, 0x4A8F, 0x4A8F, 0x4A8D, 0x4AAD, 0x52CD, 0x52CE,
  0x52EE, 0x52CE, 0x52AD, 0x4A8D, 0x4A8C, 0x4A8C, 0x4A8C, 0x4A8C, 0x4A8C, 0x4A8C, 0x4A8C, 0x4A8C,
  0x4A8C, 0x4A8C, 0x4A8C, 0x4A6C, 0x4A6C, 0x4A6C, 0x426D, 0x426D, 0x426D, 0x426D, 0x426D, 0x426D,
  0x428D, 0x4A8D, 0x4ACE, 0x52CE, 0x4AAD, 0x428D, 0x426D, 0x4A8D, 0x4A8D, 0x4A8D, 0x4A8D, 0x4A8D,
  0x428D, 0x4AAE, 0x530F, 0x4ACE, 0x4AAE, 0x4AAE, 0x4ACF, 0x3B4A, 0x0420, 0x0420, 0x0420, 0x0420,
  0x0420, 0x0420, 0x0420, 0x0420, 0x0420, 0x0420, 0x0420, 0x0420, 0x0420, 0x0420, 0x0420, 0x0420,
  0x0420, 0x0420, 0x0420, 0x0420, 0x0420, 0x0420, 0x0420, 0x0420, 0x0420, 0x0420, 0x0420, 0x0420,
  0x2A47, 0x2247, 0x32A8, 0x2A88, 0x2267, 0x2247, 0x2247, 0x2247, 0x2267, 0x2246, 0x32E9, 0x5C0D,
  0x53CC, 0x2225, 0x2245, 0x4369, 0x1A26, 0x2247, 0x2247, 0x2247, 0x2247, 0x2267, 0x2AA9, 0x2247,
  0x2247, 0x2247, 0x2247, 0x2247, 0x2247, 0x2247, 0x2247, 0x2AA8, 0x2AA9, 0x2AA8, 0x2AA8, 0x2AA8,
  0x2AA8, 0x2AA8, 0x2A88, 0x2A88, 0x2267, 0x2247, 0x436B, 0x2267, 0x2AC6, 0x53CB, 0x4B8A, 0x2246,
  0x2268, 0x2268, 0x2268, 0x2267, 0x2267, 0x3B0A, 0x6C8F, 0x53CC, 0x32E9, 0x2246, 0x2AA9, 0x2AA9,
  0x2AA9, 0x2AA9, 0x2A88, 0x2A88, 0x53ED, 0x644E, 0x4B8B, 0x2A67, 0x32C8, 0x2AC9, 0x2AC9, 0x2AC9,
  0x2AC9, 0x32C9, 0x2ACA, 0x2ACA, 0x32C9, 0x32C9, 0x32C9, 0x32C9, 0x32C9, 0x32C9, 0x32C9, 0x32C9,
  0x32C9, 0x2AA8, 0x53CD, 0x4B8B, 0x540C, 0x3B08, 0x53CB, 0x3B29, 0x32C7, 0x436A, 0x5C0C, 0x5C0C,
  0x32E8, 0x32E8, 0x32E8, 0x4349, 0x4349, 0x4349, 0x4B8A, 0x4B8B, 0x4349, 0x3B29, 0x4BAC, 0x5BED,
  0x32A8, 0x4BAB, 0x4B8B, 0x4B8B, 0x53ED, 0x2AA7, 0x3AE9, 0x32A8, 0x3B29, 0x5C0D, 0x434A, 0x4B8B,
  0x32C8, 0x32E9, 0x32E9, 0x32E9, 0x32E9, 0x3AE9, 0x3B09, 0x3B09, 0x32E9, 0x32E9, 0x32E9, 0x32E9,
  0x32E9, 0x3AE9, 0x3AE9, 0x3AE9, 0x3B0A, 0x434A, 0x3AE9, 0x32E9, 0x32E9, 0x32E9, 0x32E9, 0x32E9,
  0x32E9, 0x32E9, 0x3AE9, 0x3B09, 0x432A, 0x3AE9, 0x32E9, 0x32E9, 0x32E9, 0x32E9, 0x32EA, 0x32EA,
  0x3B2B, 0x3B0B, 0x32EB, 0x32EB, 0x32EB, 0x3AEB, 0x3AEB, 0x3AEB, 0x3B2B, 0x432A, 0x3B2A, 0x3B0A,
  0x3B09, 0x32E9, 0x32E9, 0x32E9, 0x32E9, 0x32E9, 0x32E9, 0x32E9, 0x32E9, 0x32E9, 0x32E9, 0x32E9,
  0x32E9, 0x32E9, 0x32E9, 0x32E9, 0x32E9, 0x32E9, 0x32E9, 0x32E9, 0x32E9, 0x32E9, 0x32E9, 0x32E9,
  0x32E9, 0x32E9, 0x32E9, 0x32E9, 0x3B0A, 0x3B2A, 0x3B0A, 0x330A, 0x32EA, 0x32EA, 0x32EA, 0x32EA,
  0x32EA, 0x3B2B, 0x3B2B, 0x32EA, 0x32EA, 0x32EA, 0x330A, 0x2347, 0x0420, 0x0420, 0x0420, 0x0420,
  0x0420, 0x0420, 0x0420, 0x0420, 0x0420, 0x0420, 0x0420, 0x0420, 0x0420, 0x0420, 0x0420, 0x0420,
  0x0420, 0x0420, 0x0420, 0x0420, 0x0420, 0x0420, 0x0420, 0x0420, 0x0420, 0x0420, 0x0420, 0x0420,
  0x0420, 0x0420, 0x0420, 0x0420, 0x0420, 0x0420, 0x0420, 0x0420, 0x0420, 0x0420, 0x0420, 0x0420,
  0x0420, 0x0420, 0x0420, 0x0420, 0x0420, 0x0420, 0x0420, 0x0420, 0x0420, 0x0420, 0x0420, 0x0420,
  0x0420, 0x0420, 0x0420, 0x0420, 0x0420, 0x0420, 0x0420, 0x0420, 0x0420, 0x0420, 0x0420, 0x0420,
  0x0420, 0x0420, 0x0420, 0x0420, 0x0420, 0x0420, 0x0420, 0x0420, 0x0420, 0x0420, 0x0420, 0x0420,
  0x0420, 0x0420, 0x0420, 0x0420, 0x0420, 0x0420, 0x0420, 0x0420, 0x0420, 0x0420, 0x0420, 0x0420,
  0x0420, 0x0420, 0x0420, 0x0420, 0x0440, 0x0440, 0x0420, 0x0420, 0x0420, 0x0420, 0x0420, 0x0420,
  0x0420, 0x0420, 0x0420, 0x0420, 0x0420, 0x0420, 0x0420, 0x0420, 0x0420, 0x0420, 0x0420, 0x0420,
  0x0420, 0x0420, 0x0420, 0x0420, 0x0420, 0x0420, 0x0420, 0x0420, 0x0420, 0x0420, 0x0420, 0x0420,
  0x0420, 0x0420, 0x0420, 0x0420, 0x0420, 0x0420, 0x0420, 0x0420, 0x0420, 0x0420, 0x0420, 0x0420,
  0x0420, 0x0420, 0x0420, 0x0420, 0x0420, 0x0420, 0x0420, 0x0420, 0x0420, 0x0420, 0x0420, 0x0420,
  0x0420, 0x0420, 0x0420, 0x0420, 0x0420, 0x0420, 0x0420, 0x0420, 0x0420, 0x0420, 0x0420, 0x0420,
  0x0420, 0x0420, 0x0420, 0x0420, 0x0420, 0x0420, 0x0420, 0x0420, 0x0420, 0x0420, 0x0420, 0x0420,
  0x0420, 0x0420, 0x0420, 0x0420, 0x0420, 0x0420, 0x0420, 0x0420, 0x0420, 0x0420, 0x0420, 0x0420,
  0x0420, 0x0420, 0x0420, 0x0420, 0x0420, 0x0420, 0x0420, 0x0420, 0x0420, 0x0420, 0x0420, 0x0420,
  0x0420, 0x0420, 0x0420, 0x0420, 0x0420, 0x0420, 0x0420, 0x0420, 0x0420, 0x0420, 0x0420, 0x0420,
  0x0420, 0x0420, 0x0420, 0x0420, 0x0420, 0x0420, 0x0420, 0x0420, 0x0420, 0x0420, 0x0420, 0x0420,
  0x0420, 0x0420, 0x0420, 0x0420, 0x0420, 0x0420, 0x0420, 0x0420, 0x0420, 0x0420, 0x0420, 0x0420,
  0x0420, 0x0420, 0x0420, 0x0420, 0x0420, 0x0420, 0x0420, 0x0420, 0x0420, 0x0420, 0x0420, 0x0420,
  0x0420, 0x0420, 0x0420, 0x0420, 0x0420, 0x0420, 0x0420, 0x0420, 0x0420, 0x0420, 0x0420, 0x0420,
  0x0420, 0x0420, 0x0420, 0x0420, 0x0420, 0x0420, 0x0420, 0x0420, 0x0420, 0x0420, 0x0420, 0x0420,
  0x0420, 0x0420, 0x0420, 0x0420, 0x0420, 0x0420, 0x0420, 0x0420, 0x0420, 0x0420, 0x0420, 0x0420,
  0x0420, 0x0420, 0x0420, 0x0420, 0x0420, 0x0420, 0x0420, 0x0420, 0x0420, 0x0420, 0x0420, 0x0420,
  0x0420, 0x0420, 0x0420, 0x0420, 0x0420, 0x0420, 0x0420, 0x0420, 0x0420, 0x0420, 0x0420, 0x0420,
  0x0420, 0x0420, 0x0420, 0x0420, 0x0420, 0x0420, 0x0420, 0x0420, 0x0420, 0x0420, 0x0420, 0x0420,
  0x0420, 0x0420, 0x0420, 0x0420, 0x0420, 0x0420, 0x0420, 0x0420, 0x0420, 0x0420, 0x0420, 0x0420,
  0x0420, 0x0420, 0x0420, 0x0420, 0x0420, 0x0420, 0x0420, 0x0420, 0x0420, 0x0420, 0x0420, 0x0420,
  0x0420, 0x0420, 0x0420, 0x0420, 0x0420, 0x0420, 0x0420, 0x0420, 0x0420, 0x0420, 0x0420, 0x0420,
  0x0420, 0x0420, 0x0420, 0x0420, 0x0420, 0x0420, 0x0420, 0x0420, 0x0420, 0x0420, 0x0420, 0x0420,
  0x0420, 0x0420, 0x0420, 0x0420, 0x0420, 0x0420, 0x0420, 0x0420, 0x0420, 0x0420, 0x0420, 0x0420,
  0x0420, 0x0420, 0x0420, 0x0420, 0x0420, 0x0420, 0x0420, 0x0420, 0x0420, 0x0420, 0x0420, 0x0420,
  0x0420, 0x0420, 0x0420, 0x0420, 0x0420, 0x0420, 0x0420, 0x0420, 0x0420, 0x0420, 0x0420, 0x0420,
  0x0420, 0x0420, 0x0420, 0x0420, 0x0420, 0x0420, 0x0420, 0x0420, 0x0420, 0x0420, 0x0420, 0x0420,
  0x0420, 0x0420, 0x0420, 0x0420, 0x0420, 0x0420, 0x0420, 0x0420, 0x0420, 0x0420, 0x0420, 0x0420,
  0x0420, 0x0420, 0x0420, 0x0420, 0x0420, 0x0420, 0x0420, 0x0420, 0x0420, 0x0420, 0x0420, 0x0420,
  0x0420, 0x0420, 0x0420, 0x0420, 0x0420, 0x0420, 0x0420, 0x0420, 0x0420, 0x0420, 0x0420, 0x0420,
  0x0420, 0x0420, 0x0420, 0x0420, 0x0420, 0x0420, 0x0420, 0x0420, 0x0420, 0x0420, 0x0420, 0x0420,
  0x0420, 0x0420, 0x0420, 0x0420, 0x0420, 0x0420, 0x0420, 0x0420, 0x0420, 0x0420, 0x0420, 0x0420,
  0x0420, 0x0420, 0x0420, 0x0420, 0x0420, 0x0420, 0x0420, 0x0420, 0x0420, 0x0420, 0x0420, 0x0420,
  0x0420, 0x0420, 0x0420, 0x0420, 0x0420, 0x0420, 0x0420, 0x0420, 0x0420, 0x0420, 0x0420, 0x0420,
  0x0420, 0x0420, 0x0420, 0x0420, 0x0420, 0x0420, 0x0420, 0x0420, 0x0420, 0x0420, 0x0420, 0x0420,
  0x0420, 0x0420, 0x0420, 0x0420, 0x0420, 0x0420, 0x0420, 0x0420, 0x0420, 0x0420, 0x0420, 0x0420,
  0x0420, 0x0420, 0x0420, 0x0420, 0x0420, 0x0420, 0x0420, 0x0420, 0x0420, 0x0420, 0x0420, 0x0420,
  0x0420, 0x0420, 0x0420, 0x0420, 0x0420, 0x0420, 0x0420, 0x0420, 0x0420, 0x0420, 0x0420, 0x0420,
  0x0420, 0x0420, 0x0420, 0x0420, 0x0420, 0x0420, 0x0420, 0x0420, 0x0420, 0x0420, 0x0420, 0x0420,
  0x0420, 0x0420, 0x0420, 0x0420, 0x0420, 0x0420, 0x0420, 0x0420, 0x0420, 0x0420, 0x0420, 0x0420,
  0x0420, 0x0420, 0x0420, 0x0420, 0x0420, 0x0420, 0x0420, 0x0420, 0x0420, 0x0420, 0x0420, 0x0420,
  0x0420, 0x0420, 0x0420, 0x0420, 0x0420, 0x0420, 0x0420, 0x0420, 0x0420, 0x0420, 0x0420, 0x0420,
  0x0420, 0x0420, 0x0420, 0x0420, 0x0420, 0x0420, 0x0420, 0x0420, 0x0420, 0x0420, 0x0420, 0x0420,
  0x0420, 0x0420, 0x0420, 0x0420, 0x0420, 0x0420, 0x0420, 0x0420, 0x0420, 0x0420, 0x0420, 0x0420,
  0x0420, 0x0420, 0x0420, 0x0420, 0x0420, 0x0420, 0x0420, 0x0420, 0x0420, 0x0420, 0x0420, 0x0420,
  0x0420, 0x0420, 0x0420, 0x0420, 0x0420, 0x0420, 0x0420, 0x0420, 0x0420, 0x0420, 0x0420, 0x0420,
  0x0420, 0x0420, 0x0420, 0x0420, 0x0420, 0x0420, 0x0420, 0x0420, 0x0420, 0x0420, 0x0420, 0x0420,
  0x0420, 0x0420, 0x0420, 0x0420, 0x0420, 0x0420, 0x0420, 0x0420, 0x0420, 0x0420, 0x0420, 0x0420,
  0x0420, 0x0420, 0x0420, 0x0420, 0x0420, 0x0420, 0x0420, 0x0420, 0x0420, 0x0420, 0x0420, 0x0420,
  0x0420, 0x0420, 0x0420, 0x0420, 0x0420, 0x0420, 0x0420, 0x0420, 0x0420, 0x0420, 0x0420, 0x0420,
  0x0420, 0x0420, 0x0420, 0x0420, 0x0420, 0x0420, 0x0420, 0x0420, 0x0420, 0x0420, 0x0420, 0x0420,
  0x0420, 0x0420, 0x0420, 0x0420, 0x0420, 0x0420, 0x0420, 0x0420, 0x0420, 0x0420, 0x0420, 0x0420,
  0x0420, 0x0420, 0x0420, 0x0420, 0x0420, 0x0420, 0x0420, 0x0420, 0x0420, 0x0420, 0x0420, 0x0420,
  0x0420, 0x0420, 0x0420, 0x0420, 0x0420, 0x0420, 0x0420, 0x0420, 0x0420, 0x0420, 0x0420, 0x0420,
  0x0420, 0x0420, 0x0420, 0x0420, 0x0420, 0x0420, 0x0420, 0x0420, 0x0420, 0x0420, 0x0420, 0x0420,
  0x0420, 0x0420, 0x0420, 0x0420, 0x0420, 0x0420, 0x0420, 0x0420, 0x0420, 0x0420, 0x0420, 0x0420,
  0x0420, 0x0420, 0x0420, 0x0420, 0x0420, 0x0420, 0x0420, 0x0420, 0x0420, 0x0420, 0x0420, 0x0420,
  0x0420, 0x0420, 0x0420, 0x0420, 0x0420, 0x0420, 0x0420, 0x0420, 0x0420, 0x0420, 0x0420, 0x0420,
  0x0420, 0x0420, 0x0420, 0x0420, 0x0420, 0x0420, 0x0420, 0x0420, 0x0420, 0x0420, 0x0420, 0x0420,
  0x0420, 0x0420, 0x0420, 0x0420, 0x0420, 0x0420, 0x0420, 0x0420, 0x0420, 0x0420, 0x0420, 0x0420,
  0x0420, 0x0420, 0x0420, 0x0420, 0x0420, 0x0420, 0x0420, 0x0420, 0x0420, 0x0420, 0x0420, 0x0420,
  0x0420, 0x0420, 0x0420, 0x0420, 0x0420, 0x0420, 0x0420, 0x0420, 0x0420, 0x0420, 0x0420, 0x0420,
  0x0420, 0x0420, 0x0420, 0x0420, 0x0420, 0x0420, 0x0420, 0x0420, 0x0420, 0x0420, 0x0420, 0x0420,
  0x0420, 0x0420, 0x0420, 0x0420, 0x0420, 0x0420, 0x0420, 0x0420, 0x0420, 0x0420, 0x0420, 0x0420,
  0x0420, 0x0420, 0x0420, 0x0420, 0x0420, 0x0420, 0x0420, 0x0420, 0x0420, 0x0420, 0x0420, 0x0420,
  0x0420, 0x0420, 0x0420, 0x0420, 0x0420, 0x0420, 0x0420, 0x0420, 0x0420, 0x0420, 0x0420, 0x0420,
  0x0420, 0x0420, 0x0420, 0x0420, 0x0420, 0x0420, 0x0420, 0x0420, 0x0420, 0x0420, 0x0420, 0x0420,
  0x0420, 0x0420, 0x0420, 0x0420, 0x0420, 0x0420, 0x0420, 0x0420, 0x0420, 0x0420, 0x0420, 0x0420,
  0x0420, 0x0420, 0x0420, 0x0420, 0x0420, 0x0420, 0x0420, 0x0420, 0x0420, 0x0420, 0x0420, 0x0420,
  0x0420, 0x0420, 0x0420, 0x0420, 0x0420, 0x0420, 0x0420, 0x0420, 0x0420, 0x0420, 0x0420, 0x0420,
  0x0420, 0x0420, 0x0420, 0x0420, 0x0420, 0x0420, 0x0420, 0x0420, 0x0420, 0x0420, 0x0420, 0x0420,
  0x0420, 0x0420, 0x0420, 0x0420, 0x0420, 0x0420, 0x0420, 0x0420, 0x0420, 0x0420, 0x0420, 0x0420,
  0x0420, 0x0420, 0x0420, 0x0420, 0x0420, 0x0420, 0x0420, 0x0420, 0x0420, 0x0420, 0x0420, 0x0420,
  0x0420, 0x0420, 0x0420, 0x0420, 0x0420, 0x0420, 0x0420, 0x0420, 0x0420, 0x0420, 0x0420, 0x0420,
  0x0420, 0x0420, 0x0420, 0x0420, 0x0420, 0x0420, 0x0420, 0x0420, 0x0420, 0x0420, 0x0420, 0x0420,
  0x0420, 0x0420, 0x0420, 0x0420, 0x0420, 0x0420, 0x0420, 0x0420, 0x0420, 0x0420, 0x0420, 0x0420,
  0x0420, 0x0420, 0x0420, 0x0420, 0x0420, 0x0420, 0x0420, 0x0420, 0x0420, 0x0420, 0x0420, 0x0420,
  0x0420, 0x0420, 0x0420, 0x0420, 0x0420, 0x0420, 0x0420, 0x0420, 0x0420, 0x0420, 0x0420, 0x0420,
  0x0420, 0x0420, 0x0420, 0x0420, 0x0420, 0x0420, 0x0420, 0x0420, 0x0420, 0x0420, 0x0420, 0x0420,
  0x0420, 0x0420, 0x0420, 0x0420, 0x0420, 0x0420, 0x0420, 0x0420, 0x0420, 0x0420, 0x0420, 0x0420,
  0x0420, 0x0420, 0x0420, 0x0420, 0x0420, 0x0420, 0x0420, 0x0420, 0x0420, 0x0420, 0x0420, 0x0420,
  0x0420, 0x0420, 0x0420, 0x0420, 0x0420, 0x0420, 0x0420, 0x0420, 0x0420, 0x0420, 0x0420, 0x0420,
  0x0420, 0x0420, 0x0420, 0x0420, 0x0420, 0x0420, 0x0420, 0x0420, 0x0420, 0x0420, 0x0420, 0x0420,
  0x0420, 0x0420, 0x0420, 0x0420, 0x0420, 0x0420, 0x0420, 0x0420, 0x0420, 0x0420, 0x0420, 0x0420,
  0x0420, 0x0420, 0x0420, 0x0420, 0x0420, 0x0420, 0x0420, 0x0420, 0x0420, 0x0420, 0x0420, 0x0420,
  0x0420, 0x0420, 0x0420, 0x0420, 0x0420, 0x0420, 0x0420, 0x0420, 0x0420, 0x0420, 0x0420, 0x0420,
  0x0420, 0x0420, 0x0420, 0x0420, 0x0420, 0x0420, 0x0420, 0x0420, 0x0420, 0x0420, 0x0420, 0x0420,
  0x0420, 0x0420, 0x0420, 0x0420, 0x0420, 0x0420, 0x0420, 0x0420, 0x0420, 0x0420, 0x0420, 0x0420,
  0x0420, 0x0420, 0x0420, 0x0420, 0x0420, 0x0420, 0x0420, 0x0420, 0x0420, 0x0420, 0x0420, 0x0420,
  0x0420, 0x0420, 0x0420, 0x0420, 0x0420, 0x0420, 0x0420, 0x0420, 0x0420, 0x0420, 0x0420, 0x0420,
  0x0420, 0x0420, 0x0420, 0x0420, 0x0420, 0x0420, 0x0420, 0x0420, 0x0420, 0x0420, 0x0420, 0x0420,
  0x0420, 0x0420, 0x0420, 0x0420, 0x0420, 0x0420, 0x0420, 0x0420, 0x0420, 0x0420, 0x0420, 0x0420,
  0x0420, 0x0420, 0x0420, 0x0420, 0x0420, 0x0420, 0x0420, 0x0420, 0x0420, 0x0420, 0x0420, 0x0420,
  0x0420, 0x0420, 0x0420, 0x0420, 0x0420, 0x0420, 0x0420, 0x0420, 0x0420, 0x0420, 0x0420, 0x0420,
  0x0420, 0x0420, 0x0420, 0x0420, 0x0420, 0x0420, 0x0420, 0x0420, 0x0420, 0x0420, 0x0420, 0x0420,
  0x0420, 0x0420, 0x0420, 0x0420, 0x0420, 0x0420, 0x0420, 0x0420, 0x0420, 0x0420, 0x0420, 0x0420,
  0x0420, 0x0420, 0x0420, 0x0420, 0x0420, 0x0420, 0x0420, 0x0420, 0x0420, 0x0420, 0x0420, 0x0420,
  0x0420, 0x0420, 0x0420, 0x0420, 0x0420, 0x0420, 0x0420, 0x0420, 0x0420, 0x0420, 0x0420, 0x0420,
  0x0420, 0x0420, 0x0420, 0x0420, 0x0420, 0x0420, 0x0420, 0x0420, 0x0420, 0x0420, 0x0420, 0x0420,
  0x0420, 0x0420, 0x0420, 0x0420, 0x0420, 0x0420, 0x0420, 0x0420, 0x0420, 0x0420, 0x0420, 0x0420,
  0x0420, 0x0420, 0x0420, 0x0420, 0x0420, 0x0420, 0x0420, 0x0420, 0x0420, 0x0420, 0x0420, 0x0420,
  0x0420, 0x0420, 0x0420, 0x0420, 0x0420, 0x0420, 0x0420, 0x0420, 0x0420, 0x0420, 0x0420, 0x0420,
  0x0420, 0x0420, 0x0420, 0x0420, 0x0420, 0x0420, 0x0420, 0x0420, 0x0420, 0x0420, 0x0420, 0x0420,
  0x0420, 0x0420, 0x0420, 0x0420, 0x0420, 0x0420, 0x0420, 0x0420, 0x0420, 0x0420, 0x0420, 0x0420,
  0x0420, 0x0420, 0x0420, 0x0420, 0x0420, 0x0420, 0x0420, 0x0420, 0x0420, 0x0420, 0x0420, 0x0420,
  0x0420, 0x0420, 0x0420, 0x0420, 0x0420, 0x0420, 0x0420, 0x0420, 0x0420, 0x0420, 0x0420, 0x0420,
  0x0420, 0x0420, 0x0420, 0x0420, 0x0420, 0x0420, 0x0420, 0x0420, 0x0420, 0x0420, 0x0420, 0x0420,
  0x0420, 0x0420, 0x0420, 0x0420, 0x0420, 0x0420, 0x0420, 0x0420, 0x0420, 0x0420, 0x0420, 0x0420,
  0x0420, 0x0420, 0x0420, 0x0420, 0x0420, 0x0420, 0x0420, 0x0420, 0x0420, 0x0420, 0x0420, 0x0420,
  0x0420, 0x0420, 0x0420, 0x0420, 0x0420, 0x0420, 0x0420, 0x0420, 0x0420, 0x0420, 0x0420, 0x0420,
  0x0420, 0x0420, 0x0420, 0x0420, 0x0420, 0x0420, 0x0420, 0x0420, 0x0420, 0x0420, 0x0420, 0x0420,
  0x0420, 0x0420, 0x0420, 0x0420, 0x0420, 0x0420, 0x0420, 0x0420, 0x0420, 0x0420, 0x0420, 0x0420,
  0x0420, 0x0420, 0x0420, 0x0420, 0x0420, 0x0420, 0x0420, 0x0420, 0x0420, 0x0420, 0x0420, 0x0420,
  0x0420, 0x0420, 0x0420, 0x0420, 0x0420, 0x0420, 0x0420, 0x0420, 0x0420, 0x0420, 0x0420, 0x0420,
  0x0420, 0x0420, 0x0420, 0x0420, 0x0420, 0x0420, 0x0420, 0x0420, 0x0420, 0x0420, 0x0420, 0x0420,
  0x0420, 0x0420, 0x0420, 0x0420, 0x0420, 0x0420, 0x0420, 0x0420, 0x0420, 0x0420, 0x0420, 0x0420,
  0x0420, 0x0420, 0x0420, 0x0420, 0x0420, 0x0420, 0x0420, 0x0420, 0x0420, 0x0420, 0x0420, 0x0420,
  0x0420, 0x0420, 0x0420, 0x0420, 0x0420, 0x0420, 0x0420, 0x0420, 0x0420, 0x0420, 0x0420, 0x0420,
  0x0420, 0x0420, 0x0420, 0x0420, 0x0420, 0x0420, 0x0420, 0x0420, 0x0420, 0x0420, 0x0420, 0x0420,
  0x0420, 0x0420, 0x0420, 0x0420, 0x0420, 0x0420, 0x0420, 0x0420, 0x0420, 0x0420, 0x0420, 0x0420,
  0x0420, 0x0420, 0x0420, 0x0420, 0x0420, 0x0420, 0x0420, 0x0420, 0x0420, 0x0420, 0x0420, 0x0420,
  0x0420, 0x0420, 0x0420, 0x0420, 0x0420, 0x0420, 0x0420, 0x0420, 0x0420, 0x0420, 0x0420, 0x0420,
  0x0420, 0x0420, 0x0420, 0x0420, 0x0420, 0x0420, 0x0420, 0x0420, 0x0420, 0x0420, 0x0420, 0x0420,
  0x0420, 0x0420, 0x0420, 0x0420, 0x0420, 0x0420, 0x0420, 0x0420, 0x0420, 0x0420, 0x0420, 0x0420,
  0x0420, 0x0420, 0x0420, 0x0420, 0x0420, 0x0420, 0x0420, 0x0420, 0x0420, 0x0420, 0x0420, 0x0420,
  0x0420, 0x0420, 0x0420, 0x0420, 0x0420, 0x0420, 0x0420, 0x0420, 0x0420, 0x0420, 0x0420, 0x0420,
  0x0420, 0x0420, 0x0420, 0x0420, 0x0420, 0x0420, 0x0420, 0x0420, 0x0420, 0x0420, 0x0420, 0x0420,
  0x0420, 0x0420, 0x0420, 0x0420, 0x0420, 0x0420, 0x0420, 0x0420, 0x0420, 0x0420, 0x0420, 0x0420,
  0x0420, 0x0420, 0x0420, 0x0420, 0x0420, 0x0420, 0x0420, 0x0420, 0x0420, 0x0420, 0x0420, 0x0420,
  0x0420, 0x0420, 0x0420, 0x0420, 0x0420, 0x0420, 0x0420, 0x0420, 0x0420, 0x0420, 0x0420, 0x0420,
  0x0420, 0x0420, 0x0420, 0x0420, 0x0420, 0x0420, 0x0420, 0x0420, 0x0420, 0x0420, 0x0420, 0x0420,
  0x0420, 0x0420, 0x0420, 0x0420, 0x0420, 0x0420, 0x0420, 0x0420, 0x0420, 0x0420, 0x0420, 0x0420,
  0x0420, 0x0420, 0x0420, 0x0420, 0x0420, 0x0420, 0x0420, 0x0420, 0x0420, 0x0420, 0x0420, 0x0420,
  0x0420, 0x0420, 0x0420, 0x0420, 0x0420, 0x0420, 0x0420, 0x0420, 0x0420, 0x0420, 0x0420, 0x0420,
  0x0420, 0x0420, 0x0420, 0x0420, 0x0420, 0x0420, 0x0420, 0x0420, 0x0420, 0x0420, 0x0420, 0x0420,
  0x0420, 0x0420, 0x0420, 0x0420, 0x0420, 0x0420, 0x0420, 0x0420, 0x0420, 0x0420, 0x0420, 0x0420,
  0x0420, 0x0420, 0x0420, 0x0420, 0x0420, 0x0420, 0x0420, 0x0420, 0x0420, 0x0420, 0x0420, 0x0420,
  0x0420, 0x0420, 0x0420, 0x0420, 0x0420, 0x0420, 0x0420, 0x0420, 0x0420, 0x0420, 0x0420, 0x0420,
  0x0420, 0x0420, 0x0420, 0x0420, 0x0420, 0x0420, 0x0420, 0x0420, 0x0420, 0x0420, 0x0420, 0x0420,
  0x0420, 0x0420, 0x0420, 0x0420, 0x0420, 0x0420, 0x0420, 0x0420, 0x0420, 0x0420, 0x0420, 0x0420,
  0x0420, 0x0420, 0x0420, 0x0420, 0x0420, 0x0420, 0x0420, 0x0420, 0x0420, 0x0420, 0x0420, 0x0420,
  0x0420, 0x0420, 0x0420, 0x0420, 0x0420, 0x0420, 0x0420, 0x0420, 0x0420, 0x0420, 0x0420, 0x0420,
  0x0420, 0x0420, 0x0420, 0x0420, 0x0420, 0x0420, 0x0420, 0x0420, 0x0420, 0x0420, 0x0420, 0x0420,
  0x0420, 0x0420, 0x0420, 0x0420, 0x0420, 0x0420, 0x0420, 0x0420, 0x0420, 0x0420, 0x0420, 0x0420,
  0x0420, 0x0420, 0x0420, 0x0420, 0x0420, 0x0420, 0x0420, 0x0420, 0x0420, 0x0420, 0x0420, 0x0420,
  0x0420, 0x0420, 0x0420, 0x0420, 0x0420, 0x0420, 0x0420, 0x0420, 0x0420, 0x0420, 0x0420, 0x0420,
  0x0420, 0x0420, 0x0420, 0x0420, 0x0420, 0x0420, 0x0420, 0x0420, 0x0420, 0x0420, 0x0420, 0x0420,
  0x0420, 0x0420, 0x0420, 0x0420, 0x0420, 0x0420, 0x0420, 0x0420, 0x0420, 0x0420, 0x0420, 0x0420,
  0x0420, 0x0420, 0x0420, 0x0420, 0x0420, 0x0420, 0x0420, 0x0420, 0x0420, 0x0420, 0x0420, 0x0420,
  0x0420, 0x0420, 0x0420, 0x0420, 0x0420, 0x0420, 0x0420, 0x0420, 0x0420, 0x0420, 0x0420, 0x0420,
  0x0420, 0x0420, 0x0420, 0x0420, 0x0420, 0x0420, 0x0420, 0x0420, 0x0420, 0x0420, 0x0420, 0x0420,
  0x0420, 0x0420, 0x0420, 0x0420, 0x0420, 0x0420, 0x0420, 0x0420, 0x0420, 0x0420, 0x0420, 0x0420,
  0x0420, 0x0420, 0x0420, 0x0420, 0x0420, 0x0420, 0x0420, 0x0420, 0x0420, 0x0420, 0x0420, 0x0420,
  0x0420, 0x0420, 0x0420, 0x0420, 0x0420, 0x0420, 0x0420, 0x0420, 0x0420, 0x0420, 0x0420, 0x0420,
  0x0420, 0x0420, 0x0420, 0x0420, 0x0420, 0x0420, 0x0420, 0x0420, 0x0420, 0x0420, 0x0420, 0x0420,
  0x0420, 0x0420, 0x0420, 0x0420, 0x0420, 0x0420, 0x0420, 0x0420, 0x0420, 0x0420, 0x0420, 0x0420,
  0x0420, 0x0420, 0x0420, 0x0420, 0x0420, 0x0420, 0x0420, 0x0420, 0x0420, 0x0420, 0x0420, 0x0420,
  0x0420, 0x0420, 0x0420, 0x0420, 0x0420, 0x0420, 0x0420, 0x0420, 0x0420, 0x0420, 0x0420, 0x0420,
  0x0420, 0x0420, 0x0420, 0x0420, 0x0420, 0x0420, 0x0420, 0x0420, 0x0420, 0x0420, 0x0420, 0x0420,
  0x0420, 0x0420, 0x0420, 0x0420, 0x0420, 0x0420, 0x0420, 0x0420, 0x0420, 0x0420, 0x0420, 0x0420,
  0x0420, 0x0420, 0x0420, 0x0420, 0x0420, 0x0420, 0x0420, 0x0420, 0x0420, 0x0420, 0x0420, 0x0420,
  0x0420, 0x0420, 0x0420, 0x0420, 0x0420, 0x0420, 0x0420, 0x0420, 0x0420, 0x0420, 0x0420, 0x0420,
  0x0420, 0x0420, 0x0420, 0x0420, 0x0420, 0x0420, 0x0420, 0x0420, 0x0420, 0x0420, 0x0420, 0x0420,
  0x0420, 0x0420, 0x0420, 0x0420, 0x0420, 0x0420, 0x0420, 0x0420, 0x0420, 0x0420, 0x0420, 0x0420,
  0x0420, 0x0420, 0x0420, 0x0420, 0x0420, 0x0420, 0x0420, 0x0420, 0x0420, 0x0420, 0x0420, 0x0420,
  0x0420, 0x0420, 0x0420, 0x0420, 0x0420, 0x0420, 0x0420, 0x0420, 0x0420, 0x0420, 0x0420, 0x0420,
  0x0420, 0x0420, 0x0420, 0x0420, 0x0420, 0x0420, 0x0420, 0x0420, 0x0420, 0x0420, 0x0420, 0x0420,
  0x0420, 0x0420, 0x0420, 0x0420, 0x0420, 0x0420, 0x0420, 0x0420, 0x0420, 0x0420, 0x0420, 0x0420,
  0x0420, 0x0420, 0x0420, 0x0420, 0x0420, 0x0420, 0x0420, 0x0420, 0x0420, 0x0420, 0x0420, 0x0420,
  0x0420, 0x0420, 0x0420, 0x0420, 0x0420, 0x0420, 0x0420, 0x0420, 0x0420, 0x0420, 0x0420, 0x0420,
  0x0420, 0x0420, 0x0420, 0x0420, 0x0420, 0x0420, 0x0420, 0x0420, 0x0420, 0x0420, 0x0420, 0x0420,
  0x0420, 0x0420, 0x0420, 0x0420, 0x0420, 0x0420, 0x0420, 0x0420, 0x0420, 0x0420, 0x0420, 0x0420,
  0x0420, 0x0420, 0x0420, 0x0420, 0x0420, 0x0420, 0x0420, 0x0420, 0x0420, 0x0420, 0x0420, 0x0420,
  0x0420, 0x0420, 0x0420, 0x0420, 0x0420, 0x0420, 0x0420, 0x0420, 0x0420, 0x0420, 0x0420, 0x0420,
  0x0420, 0x0420, 0x0420, 0x0420, 0x0420, 0x0420, 0x0420, 0x0420, 0x0420, 0x0420, 0x0420, 0x0420,
  0x0420, 0x0420, 0x0420, 0x0420, 0x0420, 0x0420, 0x0420, 0x0420, 0x0420, 0x0420, 0x0420, 0x0420,
  0x0420, 0x0420, 0x0420, 0x0420, 0x0420, 0x0420, 0x0420, 0x0420, 0x0420, 0x0420, 0x0420, 0x0420,
  0x0420, 0x0420, 0x0420, 0x0420, 0x0420, 0x0420, 0x0420, 0x0420, 0x0420, 0x0420, 0x0420, 0x0420,
  0x0420, 0x0420, 0x0420, 0x0420, 0x0420, 0x0420, 0x0420, 0x0420, 0x0420, 0x0420, 0x0420, 0x0420,
  0x0420, 0x0420, 0x0420, 0x0420, 0x0420, 0x0420, 0x0420, 0x0420, 0x0420, 0x0420, 0x0420, 0x0420,
  0x0420, 0x0420, 0x0420, 0x0420, 0x0420, 0x0420, 0x0420, 0x0420, 0x0420, 0x0420, 0x0420, 0x0420,
  0x0420, 0x0420, 0x0420, 0x0420, 0x0420, 0x0420, 0x0420, 0x0420, 0x0420, 0x0420, 0x0420, 0x0420,
  0x0420, 0x0420, 0x0420, 0x0420, 0x0420, 0x0420, 0x0420, 0x0420, 0x0420, 0x0420, 0x0420, 0x0420,
  0x0420, 0x0420, 0x0420, 0x0420, 0x0420, 0x0420, 0x0420, 0x0420, 0x0420, 0x0420, 0x0420, 0x0420,
  0x0420, 0x0420, 0x0420, 0x0420, 0x0420, 0x0420, 0x0420, 0x0420, 0x0420, 0x0420, 0x0420, 0x0420,
  0x0420, 0x0420, 0x0420, 0x0420, 0x0420, 0x0420, 0x0420, 0x0420, 0x0420, 0x0420, 0x0420, 0x0420,
  0x0420, 0x0420, 0x0420, 0x0420, 0x0420, 0x0420, 0x0420, 0x0420, 0x0420, 0x0420, 0x0420, 0x0420,
  0x0420, 0x0420, 0x0420, 0x0420, 0x0420, 0x0420, 0x0420, 0x0420, 0x0420, 0x0420, 0x0420, 0x0420,
  0x0420, 0x0420, 0x0420, 0x0420, 0x0420, 0x0420, 0x0420, 0x0420, 0x0420, 0x0420, 0x0420, 0x0420,
  0x0420, 0x0420, 0x0420, 0x0420, 0x0420, 0x0420, 0x0420, 0x0420, 0x0420, 0x0420, 0x0420, 0x0420,
  0x0420, 0x0420, 0x0420, 0x0420, 0x0420, 0x0420, 0x0420, 0x0420, 0x0420, 0x0420, 0x0420, 0x0420,
  0x0420, 0x0420, 0x0420, 0x0420, 0x0420, 0x0420, 0x0420, 0x0420, 0x0420, 0x0420, 0x0420, 0x0420,
  0x0420, 0x0420, 0x0420, 0x0420, 0x0420, 0x0420, 0x0420, 0x0420, 0x0420, 0x0420, 0x0420, 0x0420,
  0x0420, 0x0420, 0x0420, 0x0420, 0x0420, 0x0420, 0x0420, 0x0420, 0x0420, 0x0420, 0x0420, 0x0420,
  0x0420, 0x0420, 0x0420, 0x0420, 0x0420, 0x0420, 0x0420, 0x0420, 0x0420, 0x0420, 0x0420, 0x0420,
  0x0420, 0x0420, 0x0420, 0x0420, 0x0420, 0x0420, 0x0420, 0x0420, 0x0420, 0x0420, 0x0420, 0x0420,
  0x0420, 0x0420, 0x0420, 0x0420, 0x0420, 0x0420, 0x0420, 0x0420, 0x0420, 0x0420, 0x0420, 0x0420,
  0x0420, 0x0420, 0x0420, 0x0420, 0x0420, 0x0420, 0x0420, 0x0420, 0x0420, 0x0420, 0x0420, 0x0420,
  0x0420, 0x0420, 0x0420, 0x0420, 0x0420, 0x0420, 0x0420, 0x0420, 0x0420, 0x0420, 0x0420, 0x0420,
  0x0420, 0x0420, 0x0420, 0x0420, 0x0420, 0x0420, 0x0420, 0x0420, 0x0420, 0x0420, 0x0420, 0x0420,
  0x0420, 0x0420, 0x0420, 0x0420, 0x0420, 0x0420, 0x0420, 0x0420, 0x0420, 0x0420, 0x0420, 0x0420,
  0x0420, 0x0420, 0x0420, 0x0420, 0x0420, 0x0420, 0x0420, 0x0420, 0x0420, 0x0420, 0x0420, 0x0420,
  0x0420, 0x0420, 0x0420, 0x0420, 0x0420, 0x0420, 0x0420, 0x0420, 0x0420, 0x0420, 0x0420, 0x0420,
  0x0420, 0x0420, 0x0420, 0x0420, 0x0420, 0x0420, 0x0420, 0x0420, 0x0420, 0x0420, 0x0420, 0x0420,
  0x0420, 0x0420, 0x0420, 0x0420, 0x0420, 0x0420, 0x0420, 0x0420, 0x0420, 0x0420, 0x0420, 0x0420,
  0x0420, 0x0420, 0x0420, 0x0420, 0x0420, 0x0420, 0x0420, 0x0420, 0x0420, 0x0420, 0x0420, 0x0420,
  0x0420, 0x0420, 0x0420, 0x0420, 0x0420, 0x0420, 0x0420, 0x0420, 0x0420, 0x0420, 0x0420, 0x0420,
  0x0420, 0x0420, 0x0420, 0x0420, 0x0420, 0x0420, 0x0420, 0x0420, 0x0420, 0x0420, 0x0420, 0x0420,
  0x0420, 0x0420, 0x0420, 0x0420, 0x0420, 0x0420, 0x0420, 0x0420, 0x0420, 0x0420, 0x0420, 0x0420,
  0x0420, 0x0420, 0x0420, 0x0420, 0x0420, 0x0420, 0x0420, 0x0420, 0x0420, 0x0420, 0x0420, 0x0420,
  0x0420, 0x0420, 0x0420, 0x0420, 0x0420, 0x0420, 0x0420, 0x0420, 0x0420, 0x0420, 0x0420, 0x0420,
  0x0420, 0x0420, 0x0420, 0x0420, 0x0420, 0x0420, 0x0420, 0x0420, 0x0420, 0x0420, 0x0420, 0x0420,
  0x0420, 0x0420, 0x0420, 0x0420, 0x0420, 0x0420, 0x0420, 0x0420, 0x0420, 0x0420, 0x0420, 0x0420,
  0x0420, 0x0420, 0x0420, 0x0420, 0x0420, 0x0420, 0x0420, 0x0420, 0x0420, 0x0420, 0x0420, 0x0420,
  0x0420, 0x0420, 0x0420, 0x0420, 0x0420, 0x0420, 0x0420, 0x0420, 0x0420, 0x0420, 0x0420, 0x0420,
  0x0420, 0x0420, 0x0420, 0x0420, 0x0420, 0x0420, 0x0420, 0x0420, 0x0420, 0x0420, 0x0420, 0x0420,
  0x0420, 0x0420, 0x0420, 0x0420, 0x0420, 0x0420, 0x0420, 0x0420, 0x0420, 0x0420, 0x0420, 0x0420,
  0x0420, 0x0420, 0x0420, 0x0420, 0x0420, 0x0420, 0x0420, 0x0420, 0x0420, 0x0420, 0x0420, 0x0420,
  0x0420, 0x0420, 0x0420, 0x0420, 0x0420, 0x0420, 0x0420, 0x0420, 0x0420, 0x0420, 0x0420, 0x0420,
  0x0420, 0x0420, 0x0420, 0x0420, 0x0420, 0x0420, 0x0420, 0x0420, 0x0420, 0x0420, 0x0420, 0x0420,
  0x0420, 0x0420, 0x0420, 0x0420, 0x0420, 0x0420, 0x0420, 0x0420, 0x0420, 0x0420, 0x0420, 0x0420,
  0x0420, 0x0420, 0x0420, 0x0420, 0x0420, 0x0420, 0x0420, 0x0420, 0x0420, 0x0420, 0x0420, 0x0420,
  0x0420, 0x0420, 0x0420, 0x0420, 0x0420, 0x0420, 0x0420, 0x0420, 0x0420, 0x0420, 0x0420, 0x0420,
  0x0420, 0x0420, 0x0420, 0x0420, 0x0420, 0x0420, 0x0420, 0x0420, 0x0420, 0x0420, 0x0420, 0x0420,
  0x0420, 0x0420, 0x0420, 0x0420, 0x0420, 0x0420, 0x0420, 0x0420, 0x0420, 0x0420, 0x0420, 0x0420,
  0x0420, 0x0420, 0x0420, 0x0420, 0x0420, 0x0420, 0x0420, 0x0420, 0x0420, 0x0420, 0x0420, 0x0420,
  0x0420, 0x0420, 0x0420, 0x0420, 0x0420, 0x0420, 0x0420, 0x0420, 0x0420, 0x0420, 0x0420, 0x0420,
  0x0420, 0x0420, 0x0420, 0x0420, 0x0420, 0x0420, 0x0420, 0x0420, 0x0420, 0x0420, 0x0420, 0x0420,
  0x0420, 0x0420, 0x0420, 0x0420, 0x0420, 0x0420, 0x0420, 0x0420, 0x0420, 0x0420, 0x0420, 0x0420,
  0x0420, 0x0420, 0x0420, 0x0420, 0x0420, 0x0420, 0x0420, 0x0420, 0x0420, 0x0420, 0x0420, 0x0420,
  0x0420, 0x0420, 0x0420, 0x0420, 0x0420, 0x0420, 0x0420, 0x0420, 0x0420, 0x0420, 0x0420, 0x0420,
  0x0420, 0x0420, 0x0420, 0x0420, 0x0420, 0x0420, 0x0420, 0x0420, 0x0420, 0x0420, 0x0420, 0x0420,
  0x0420, 0x0420, 0x0420, 0x0420, 0x0420, 0x0420, 0x0420, 0x0420, 0x0420, 0x0420, 0x0420, 0x0420,
  0x0420, 0x0420, 0x0420, 0x0420, 0x0420, 0x0420, 0x0420, 0x0420, 0x0420, 0x0420, 0x0420, 0x0420,
  0x0420, 0x0420, 0x0420, 0x0420, 0x0420, 0x0420, 0x0420, 0x0420, 0x0420, 0x0420, 0x0420, 0x0420,
  0x0420, 0x0420, 0x0420, 0x0420, 0x0420, 0x0420, 0x0420, 0x0420, 0x0420, 0x0420, 0x0420, 0x0420,
  0x0420, 0x0420, 0x0420, 0x0420, 0x0420, 0x0420, 0x0420, 0x0420, 0x0420, 0x0420, 0x0420, 0x0420,
  0x0420, 0x0420, 0x0420, 0x0420, 0x0420, 0x0420, 0x0420, 0x0420, 0x0420, 0x0420, 0x0420, 0x0420,
  0x0420, 0x0420, 0x0420, 0x0420, 0x0420, 0x0420, 0x0420, 0x0420, 0x0420, 0x0420, 0x0420, 0x0420,
  0x0420, 0x0420, 0x0420, 0x0420, 0x0420, 0x0420, 0x0420, 0x0420, 0x0420, 0x0420, 0x0420, 0x0420,
  0x0420, 0x0420, 0x0420, 0x0420, 0x0420, 0x0420, 0x0420, 0x0420, 0x0420, 0x0420, 0x0420, 0x0420,
  0x0420, 0x0420, 0x0420, 0x0420, 0x0420, 0x0420, 0x0420, 0x0420, 0x0420, 0x0420, 0x0420, 0x0420,
  0x0420, 0x0420, 0x0420, 0x0420, 0x0420, 0x0420, 0x0420, 0x0420, 0x0420, 0x0420, 0x0420, 0x0420,
  0x0420, 0x0420, 0x0420, 0x0420, 0x0420, 0x0420, 0x0420, 0x0420, 0x0420, 0x0420, 0x0420, 0x0420,
  0x0420, 0x0420, 0x0420, 0x0420, 0x0420, 0x0420, 0x0420, 0x0420, 0x0420, 0x0420, 0x0420, 0x0420,
  0x0420, 0x0420, 0x0420, 0x0420, 0x0420, 0x0420, 0x0420, 0x0420, 0x0420, 0x0420, 0x0420, 0x0420,
  0x0420, 0x0420, 0x0420, 0x0420, 0x0420, 0x0420, 0x0420, 0x0420, 0x0420, 0x0420, 0x0420, 0x0420,
  0x0420, 0x0420, 0x0420, 0x0420, 0x0420, 0x0420, 0x0420, 0x0420, 0x0420, 0x0420, 0x0420, 0x0420,
  0x0420, 0x0420, 0x0420, 0x0420, 0x0420, 0x0420, 0x0420, 0x0420, 0x0420, 0x0420, 0x0420, 0x0420,
  0x0420, 0x0420, 0x0420, 0x0420, 0x0420, 0x0420, 0x0420, 0x0420, 0x0420, 0x0420, 0x0420, 0x0420,
  0x0420, 0x0420, 0x0420, 0x0420, 0x0420, 0x0420, 0x0420, 0x0420, 0x0420, 0x0420, 0x0420, 0x0420,
  0x0420, 0x0420, 0x0420, 0x0420, 0x0420, 0x0420, 0x0420, 0x0420, 0x0420, 0x0420, 0x0420, 0x0420,
  0x0420, 0x0420, 0x0420, 0x0420, 0x0420, 0x0420, 0x0420, 0x0420, 0x0420, 0x0420, 0x0420, 0x0420,
  0x0420, 0x0420, 0x0420, 0x0420, 0x0420, 0x0420, 0x0420, 0x0420, 0x0420, 0x0420, 0x0420, 0x0420,
  0x0420, 0x0420, 0x0420, 0x0420, 0x0420, 0x0420, 0x0420, 0x0420, 0x0420, 0x0420, 0x0420, 0x0420,
  0x0420, 0x0420, 0x0420, 0x0420, 0x0420, 0x0420, 0x0420, 0x0420, 0x0420, 0x0420, 0x0420, 0x0420,
  0x0420, 0x0420, 0x0420, 0x0420, 0x0420, 0x0420, 0x0420, 0x0420, 0x0420, 0x0420, 0x0420, 0x0420,
  0x0420, 0x0420, 0x0420, 0x0420, 0x0420, 0x0420, 0x0420, 0x0420, 0x0420, 0x0420, 0x0420, 0x0420,
  0x0420, 0x0420, 0x0420, 0x0420, 0x0420, 0x0420, 0x0420, 0x0420, 0x0420, 0x0420, 0x0420, 0x0420,
  0x0420, 0x0420, 0x0420, 0x0420, 0x0420, 0x0420, 0x0420, 0x0420, 0x0420, 0x0420, 0x0420, 0x0420,
  0x0420, 0x0420, 0x0420, 0x0420, 0x0420, 0x0420, 0x0420, 0x0420, 0x0420, 0x0420, 0x0420, 0x0420,
  0x0420, 0x0420, 0x0420, 0x0420, 0x0420, 0x0420, 0x0420, 0x0420, 0x0420, 0x0420, 0x0420, 0x0420,
  0x0420, 0x0420, 0x0420, 0x0420, 0x0420, 0x0420, 0x0420, 0x0420, 0x0420, 0x0420, 0x0420, 0x0420,
  0x0420, 0x0420, 0x0420, 0x0420, 0x0420, 0x0420, 0x0420, 0x0420, 0x0420, 0x0420, 0x0420, 0x0420,
  0x0420, 0x0420, 0x0420, 0x0420, 0x0420, 0x0420, 0x0420, 0x0420, 0x0420, 0x0420, 0x0420, 0x0420,
  0x0420, 0x0420, 0x0420, 0x0420, 0x0420, 0x0420, 0x0420, 0x0420, 0x0420, 0x0420, 0x0420, 0x0420,
  0x0420, 0x0420, 0x0420, 0x0420, 0x0420, 0x0420, 0x0420, 0x0420, 0x0420, 0x0420, 0x0420, 0x0420,
  0x0420, 0x0420, 0x0420, 0x0420, 0x0420, 0x0420, 0x0420, 0x0420, 0x0420, 0x0420, 0x0420, 0x0420,
  0x0420, 0x0420, 0x0420, 0x0420, 0x0420, 0x0420, 0x0420, 0x0420, 0x0420, 0x0420, 0x0420, 0x0420,
  0x0420, 0x0420, 0x0420, 0x0420, 0x0420, 0x0420, 0x0420, 0x0420, 0x0420, 0x0420, 0x0420, 0x0420,
  0x0420, 0x0420, 0x0420, 0x0420, 0x0420, 0x0420, 0x0420, 0x0420, 0x0420, 0x0420, 0x0420, 0x0420,
  0x0420, 0x0420, 0x0420, 0x0420, 0x0420, 0x0420, 0x0420, 0x0420, 0x0420, 0x0420, 0x0420, 0x0420,
  0x0420, 0x0420, 0x0420, 0x0420, 0x0420, 0x0420, 0x0420, 0x0420, 0x0420, 0x0420, 0x0420, 0x0420,
  0x0420, 0x0420, 0x0420, 0x0420, 0x0420, 0x0420, 0x0420, 0x0420, 0x0420, 0x0420, 0x0420, 0x0420,
  0x0420, 0x0420, 0x0420, 0x0420, 0x0420, 0x0420, 0x0420, 0x0420, 0x0420, 0x0420, 0x0420, 0x0420,
  0x0420, 0x0420, 0x0420, 0x0420, 0x0420, 0x0420, 0x0420, 0x0420, 0x0420, 0x0420, 0x0420, 0x0420,
  0x0420, 0x0420, 0x0420, 0x0420, 0x0420, 0x0420, 0x0420, 0x0420, 0x0420, 0x0420, 0x0420, 0x0420,
  0x0420, 0x0420, 0x0420, 0x0420, 0x0420, 0x0420, 0x0420, 0x0420, 0x0420, 0x0420, 0x0420, 0x0420,
  0x0420, 0x0420, 0x0420, 0x0420, 0x0420, 0x0420, 0x0420, 0x0420, 0x0420, 0x0420, 0x0420, 0x0420,
  0x0420, 0x0420, 0x0420, 0x0420, 0x0420, 0x0420, 0x0420, 0x0420, 0x0420, 0x0420, 0x0420, 0x0420,
  0x0420, 0x0420, 0x0420, 0x0420, 0x0420, 0x0420, 0x0420, 0x0420, 0x0420, 0x0420, 0x0420, 0x0420,
  0x0420, 0x0420, 0x0420, 0x0420, 0x0420, 0x0420, 0x0420, 0x0420, 0x0420, 0x0420, 0x0420, 0x0420,
  0x0420, 0x0420, 0x0420, 0x0420, 0x0420, 0x0420, 0x0420, 0x0420, 0x0420, 0x0420, 0x0420, 0x0420,
  0x0420, 0x0420, 0x0420, 0x0420, 0x0420, 0x0420, 0x0420, 0x0420, 0x0420, 0x0420, 0x0420, 0x0420,
  0x0420, 0x0420, 0x0420, 0x0420, 0x0420, 0x0420, 0x0420, 0x0420, 0x0420, 0x0420, 0x0420, 0x0420,
  0x0420, 0x0420, 0x0420, 0x0420, 0x0420, 0x0420, 0x0420, 0x0420, 0x0420, 0x0420, 0x0420, 0x0420,
  0x0420, 0x0420, 0x0420, 0x0420, 0x0420, 0x0420, 0x0420, 0x0420, 0x0420, 0x0420, 0x0420, 0x0420,
  0x0420, 0x0420, 0x0420, 0x0420, 0x0420, 0x0420, 0x0420, 0x0420, 0x0420, 0x0420, 0x0420, 0x0420,
  0x0420, 0x0420, 0x0420, 0x0420, 0x0420, 0x0420, 0x0420, 0x0420, 0x0420, 0x0420, 0x0420, 0x0420,
  0x0420, 0x0420, 0x0420, 0x0420, 0x0420, 0x0420, 0x0420, 0x0420, 0x0420, 0x0420, 0x0420, 0x0420,
  0x0420, 0x0420, 0x0420, 0x0420, 0x0420, 0x0420, 0x0420, 0x0420, 0x0420, 0x0420, 0x0420, 0x0420,
  0x0420, 0x0420, 0x0420, 0x0420, 0x0420, 0x0420, 0x0420, 0x0420, 0x0420, 0x0420, 0x0420, 0x0420,
  0x0420, 0x0420, 0x0420, 0x0420, 0x0420, 0x0420, 0x0420, 0x0420, 0x0420, 0x0420, 0x0420, 0x0420,
  0x0420, 0x0420, 0x0420, 0x0420, 0x0420, 0x0420, 0x0420, 0x0420, 0x0420, 0x0420, 0x0420, 0x0420,
  0x0420, 0x0420, 0x0420, 0x0420, 0x0420, 0x0420, 0x0420, 0x0420, 0x0420, 0x0420, 0x0420, 0x0420,
  0x0420, 0x0420, 0x0420, 0x0420, 0x0420, 0x0420, 0x0420, 0x0420, 0x0420, 0x0420, 0x0420, 0x0420,
  0x0420, 0x0420, 0x0420, 0x0420, 0x0420, 0x0420, 0x0420, 0x0420, 0x0420, 0x0420, 0x0420, 0x0420,
  0x0420, 0x0420, 0x0420, 0x0420, 0x0420, 0x0420, 0x0420, 0x0420, 0x0420, 0x0420, 0x0420, 0x0420,
  0x0420, 0x0420, 0x0420, 0x0420, 0x0420, 0x0420, 0x0420, 0x0420, 0x0420, 0x0420, 0x0420, 0x0420,
  0x0420, 0x0420, 0x0420, 0x0420, 0x0420, 0x0420, 0x0420, 0x0420, 0x0420, 0x0420, 0x0420, 0x0420,
  0x0420, 0x0420, 0x0420, 0x0420, 0x0420, 0x0420, 0x0420, 0x0420, 0x0420, 0x0420, 0x0420, 0x0420,
  0x0420, 0x0420, 0x0420, 0x0420, 0x0420, 0x0420, 0x0420, 0x0420, 0x0420, 0x0420, 0x0420, 0x0420,
  0x0420, 0x0420, 0x0420, 0x0420, 0x0420, 0x0420, 0x0420, 0x0420, 0x0420, 0x0420, 0x0420, 0x0420,
  0x0420, 0x0420, 0x0420, 0x0420, 0x0420, 0x0420, 0x0420, 0x0420, 0x0420, 0x0420, 0x0420, 0x0420,
  0x0420, 0x0420, 0x0420, 0x0420, 0x0420, 0x0420, 0x0420, 0x0420, 0x0420, 0x0420, 0x0420, 0x0420,
  0x0420, 0x0420, 0x0420, 0x0420, 0x0420, 0x0420, 0x0420, 0x0420, 0x0420, 0x0420, 0x0420, 0x0420,
  0x0420, 0x0420, 0x0420, 0x0420, 0x0420, 0x0420, 0x0420, 0x0420, 0x0420, 0x0420, 0x0420, 0x0420,
  0x0420, 0x0420, 0x0420, 0x0420, 0x0420, 0x0420, 0x0420, 0x0420, 0x0420, 0x0420, 0x0420, 0x0420,
  0x0420, 0x0420, 0x0420, 0x0420, 0x0420, 0x0420, 0x0420, 0x0420, 0x0420, 0x0420, 0x0420, 0x0420,
  0x0420, 0x0420, 0x0420, 0x0420, 0x0420, 0x0420, 0x0420, 0x0420, 0x0420, 0x0420, 0x0420, 0x0420,
  0x0420, 0x0420, 0x0420, 0x0420, 0x0420, 0x0420, 0x0420, 0x0420, 0x0420, 0x0420, 0x0420, 0x0420,
  0x0420, 0x0420, 0x0420, 0x0420, 0x0420, 0x0420, 0x0420, 0x0420, 0x0420, 0x0420, 0x0420, 0x0420,
  0x0420, 0x0420, 0x0420, 0x0420, 0x0420, 0x0420, 0x0420, 0x0420, 0x0420, 0x0420, 0x0420, 0x0420,
  0x0420, 0x0420, 0x0420, 0x0420, 0x0420, 0x0420, 0x0420, 0x0420, 0x0420, 0x0420, 0x0420, 0x0420,
  0x0420, 0x0420, 0x0420, 0x0420, 0x0420, 0x0420, 0x0420, 0x0420, 0x0420, 0x0420, 0x0420, 0x0420,
  0x0420, 0x0420, 0x0420, 0x0420, 0x0420, 0x0420, 0x0420, 0x0420, 0x0420, 0x0420, 0x0420, 0x0420,
  0x0420, 0x0420, 0x0420, 0x0420, 0x0420, 0x0420, 0x0420, 0x0420, 0x0420, 0x0420, 0x0420, 0x0420,
  0x0420, 0x0420, 0x0420, 0x0420, 0x0420, 0x0420, 0x0420, 0x0420, 0x0420, 0x0420, 0x0420, 0x0420,
  0x0420, 0x0420, 0x0420, 0x0420, 0x0420, 0x0420, 0x0420, 0x0420, 0x0420, 0x0420, 0x0420, 0x0420,
  0x0420, 0x0420, 0x0420, 0x0420, 0x0420, 0x0420, 0x0420, 0x0420, 0x0420, 0x0420, 0x0420, 0x0420,
  0x0420, 0x0420, 0x0420, 0x0420, 0x0420, 0x0420, 0x0420, 0x0420, 0x0420, 0x0420, 0x0420, 0x0420,
  0x0420, 0x0420, 0x0420, 0x0420, 0x0420, 0x0420, 0x0420, 0x0420, 0x0420, 0x0420, 0x0420, 0x0420,
  0x0420, 0x0420, 0x0420, 0x0420, 0x0420, 0x0420, 0x0420, 0x0420, 0x0420, 0x0420, 0x0420, 0x0420,
  0x0420, 0x0420, 0x0420, 0x0420, 0x0420, 0x0420, 0x0420, 0x0420, 0x0420, 0x0420, 0x0420, 0x0420,
  0x0420, 0x0420, 0x0420, 0x0420, 0x0420, 0x0420, 0x0420, 0x0420, 0x0420, 0x0420, 0x0420, 0x0420,
  0x0420, 0x0420, 0x0420, 0x0420, 0x0420, 0x0420, 0x0420, 0x0420, 0x0420, 0x0420, 0x0420, 0x0420,
  0x0420, 0x0420, 0x0420, 0x0420, 0x0420, 0x0420, 0x0420, 0x0420, 0x0420, 0x0420, 0x0420, 0x0420,
  0x0420, 0x0420, 0x0420, 0x0420, 0x0420, 0x0420, 0x0420, 0x0420, 0x0420, 0x0420, 0x0420, 0x0420,
  0x0420, 0x0420, 0x0420, 0x0420, 0x0420, 0x0420, 0x0420, 0x0420, 0x0420, 0x0420, 0x0420, 0x0420,
  0x0420, 0x0420, 0x0420, 0x0420, 0x0420, 0x0420, 0x0420, 0x0420, 0x0420, 0x0420, 0x0420, 0x0420,
  0x0420, 0x0420, 0x0420, 0x0420, 0x0420, 0x0420, 0x0420, 0x0420, 0x0420, 0x0420, 0x0420, 0x0420,
  0x0420, 0x0420, 0x0420, 0x0420, 0x0420, 0x0420, 0x0420, 0x0420, 0x0420, 0x0420, 0x0420, 0x0420,
  0x0420, 0x0420, 0x0420, 0x0420, 0x0420, 0x0420, 0x0420, 0x0420, 0x0420, 0x0420, 0x0420, 0x0420,
  0x0420, 0x0420, 0x0420, 0x0420, 0x0420, 0x0420, 0x0420, 0x0420, 0x0420, 0x0420, 0x0420, 0x0420,
  0x0420, 0x0420, 0x0420, 0x0420, 0x0420, 0x0420, 0x0420, 0x0420, 0x0420, 0x0420, 0x0420, 0x0420,
  0x0420, 0x0420, 0x0420, 0x0420, 0x0420, 0x0420, 0x0420, 0x0420, 0x0420, 0x0420, 0x0420, 0x0420,
  0x0420, 0x0420, 0x0420, 0x0420, 0x0420, 0x0420, 0x0420, 0x0420, 0x0420, 0x0420, 0x0420, 0x0420,
  0x0420, 0x0420, 0x0420, 0x0420, 0x0420, 0x0420, 0x0420, 0x0420, 0x0420, 0x0420, 0x0420, 0x0420,
  0x0420, 0x0420, 0x0420, 0x0420, 0x0420, 0x0420, 0x0420, 0x0420, 0x0420, 0x0420, 0x0420, 0x0420,
  0x0420, 0x0420, 0x0420, 0x0420, 0x0420, 0x0420, 0x0420, 0x0420, 0x0420, 0x0420, 0x0420, 0x0420,
  0x0420, 0x0420, 0x0420, 0x0420, 0x0420, 0x0420, 0x0420, 0x0420, 0x0420, 0x0420, 0x0420, 0x0420,
  0x0420, 0x0420, 0x0420, 0x0420, 0x0420, 0x0420, 0x0420, 0x0420, 0x0420, 0x0420, 0x0420, 0x0420,
  0x0420, 0x0420, 0x0420, 0x0420, 0x0420, 0x0420, 0x0420, 0x0420, 0x0420, 0x0420, 0x0420, 0x0420,
  0x0420, 0x0420, 0x0420, 0x0420, 0x0420, 0x0420, 0x0420, 0x0420, 0x0420, 0x0420, 0x0420, 0x0420,
  0x0420, 0x0420, 0x0420, 0x0420, 0x0420, 0x0420, 0x0420, 0x0420, 0x0420, 0x0420, 0x0420, 0x0420,
  0x0420, 0x0420, 0x0420, 0x0420, 0x0420, 0x0420, 0x0420, 0x0420, 0x0420, 0x0420, 0x0420, 0x0420,
  0x0420, 0x0420, 0x0420, 0x0420, 0x0420, 0x0420, 0x0420, 0x0420, 0x0420, 0x0420, 0x0420, 0x0420,
  0x0420, 0x0420, 0x0420, 0x0420, 0x0420, 0x0420, 0x0420, 0x0420, 0x0420, 0x0420, 0x0420, 0x0420,
  0x0420, 0x0420, 0x0420, 0x0420, 0x0420, 0x0420, 0x0420, 0x0420, 0x0420, 0x0420, 0x0420, 0x0420,
  0x0420, 0x0420, 0x0420, 0x0420, 0x0420, 0x0420, 0x0420, 0x0420, 0x0420, 0x0420, 0x0420, 0x0420,
  0x0420, 0x0420, 0x0420, 0x0420, 0x0420, 0x0420, 0x0420, 0x0420, 0x0420, 0x0420, 0x0420, 0x0420,
  0x0420, 0x0420, 0x0420, 0x0420, 0x0420, 0x0420, 0x0420, 0x0420, 0x0420, 0x0420, 0x0420, 0x0420,
  0x0420, 0x0420, 0x0420, 0x0420, 0x0420, 0x0420, 0x0420, 0x0420, 0x0420, 0x0420, 0x0420, 0x0420,
  0x0420, 0x0420, 0x0420, 0x0420, 0x0420, 0x0420, 0x0420, 0x0420, 0x0420, 0x0420, 0x0420, 0x0420,
  0x0420, 0x0420, 0x0420, 0x0420, 0x0420, 0x0420, 0x0420, 0x0420, 0x0420, 0x0420, 0x0420, 0x0420,
  0x0420, 0x0420, 0x0420, 0x0420, 0x0420, 0x0420, 0x0420, 0x0420, 0x0420, 0x0420, 0x0420, 0x0420,
  0x0420, 0x0420, 0x0420, 0x0420, 0x0420, 0x0420, 0x0420, 0x0420, 0x0420, 0x0420, 0x0420, 0x0420,
  0x0420, 0x0420, 0x0420, 0x0420, 0x0420, 0x0420, 0x0420, 0x0420, 0x0420, 0x0420, 0x0420, 0x0420,
  0x0420, 0x0420, 0x0420, 0x0420, 0x0420, 0x0420, 0x0420, 0x0420, 0x0420, 0x0420, 0x0420, 0x0420,
  0x0420, 0x0420, 0x0420, 0x0420, 0x0420, 0x0420, 0x0420, 0x0420, 0x0420, 0x0420, 0x0420, 0x0420,
  0x0420, 0x0420, 0x0420, 0x0420, 0x0420, 0x0420, 0x0420, 0x0420, 0x0420, 0x0420, 0x0420, 0x0420,
  0x0420, 0x0420, 0x0420, 0x0420, 0x0420, 0x0420, 0x0420, 0x0420, 0x0420, 0x0420, 0x0420, 0x0420,
  0x0420, 0x0420, 0x0420, 0x0420, 0x0420, 0x0420, 0x0420, 0x0420, 0x0420, 0x0420, 0x0420, 0x0420,
  0x0420, 0x0420, 0x0420, 0x0420, 0x0420, 0x0420, 0x0420, 0x0420, 0x0420, 0x0420, 0x0420, 0x0420,
  0x0420, 0x0420, 0x0420, 0x0420, 0x0420, 0x0420, 0x0420, 0x0420, 0x0420, 0x0420, 0x0420, 0x0420,
  0x0420, 0x0420, 0x0420, 0x0420, 0x0420, 0x0420, 0x0420, 0x0420, 0x0420, 0x0420, 0x0420, 0x0420,
  0x0420, 0x0420, 0x0420, 0x0420, 0x0420, 0x0420, 0x0420, 0x0420, 0x0420, 0x0420, 0x0420, 0x0420,
  0x0420, 0x0420, 0x0420, 0x0420, 0x0420, 0x0420, 0x0420, 0x0420, 0x0420, 0x0420, 0x0420, 0x0420,
  0x0420, 0x0420, 0x0420, 0x0420, 0x0420, 0x0420, 0x0420, 0x0420, 0x0420, 0x0420, 0x0420, 0x0420,
  0x0420, 0x0420, 0x0420, 0x0420, 0x0420, 0x0420, 0x0420, 0x0420, 0x0420, 0x0420, 0x0420, 0x0420,
  0x0420, 0x0420, 0x0420, 0x0420, 0x0420, 0x0420, 0x0420, 0x0420, 0x0420, 0x0420, 0x0420, 0x0420,
  0x0420, 0x0420, 0x0420, 0x0420, 0x0420, 0x0420, 0x0420, 0x0420, 0x0420, 0x0420, 0x0420, 0x0420,
  0x0420, 0x0420, 0x0420, 0x0420, 0x0420, 0x0420, 0x0420, 0x0420, 0x0420, 0x0420, 0x0420, 0x0420,
  0x0420, 0x0420, 0x0420, 0x0420, 0x0420, 0x0420, 0x0420, 0x0420, 0x0420, 0x0420, 0x0420, 0x0420,
  0x0420, 0x0420, 0x0420, 0x0420, 0x0420, 0x0420, 0x0420, 0x0420, 0x0420, 0x0420, 0x0420, 0x0420,
  0x0420, 0x0420, 0x0420, 0x0420, 0x0420, 0x0420, 0x0420, 0x0420, 0x0420, 0x0420, 0x0420, 0x0420,
  0x0420, 0x0420, 0x0420, 0x0420, 0x0420, 0x0420, 0x0420, 0x0420, 0x0420, 0x0420, 0x0420, 0x0420,
  0x0420, 0x0420, 0x0420, 0x0420, 0x0420, 0x0420, 0x0420, 0x0420, 0x0420, 0x0420, 0x0420, 0x0420,
  0x0420, 0x0420, 0x0420, 0x0420, 0x0420, 0x0420, 0x0420, 0x0420, 0x0420, 0x0420, 0x0420, 0x0420,
  0x0420, 0x0420, 0x0420, 0x0420, 0x0420, 0x0420, 0x0420, 0x0420, 0x0420, 0x0420, 0x0420, 0x0420,
  0x0420, 0x0420, 0x0420, 0x0420, 0x0420, 0x0420, 0x0420, 0x0420, 0x0420, 0x0420, 0x0420, 0x0420,
  0x0420, 0x0420, 0x0420, 0x0420, 0x0420, 0x0420, 0x0420, 0x0420, 0x0420, 0x0420, 0x0420, 0x0420,
  0x0420, 0x0420, 0x0420, 0x0420, 0x0420, 0x0420, 0x0420, 0x0420, 0x0420, 0x0420, 0x0420, 0x0420,
  0x0420, 0x0420, 0x0420, 0x0420, 0x0420, 0x0420, 0x0420, 0x0420, 0x0420, 0x0420, 0x0420, 0x0420,
  0x0420, 0x0420, 0x0420, 0x0420, 0x0420, 0x0420, 0x0420, 0x0420, 0x0420, 0x0420, 0x0420, 0x0420,
  0x0420, 0x0420, 0x0420, 0x0420, 0x0420, 0x0420, 0x0420, 0x0420, 0x0420, 0x0420, 0x0420, 0x0420,
  0x0420, 0x0420, 0x0420, 0x0420, 0x0420, 0x0420, 0x0420, 0x0420, 0x0420, 0x0420, 0x0420, 0x0420,
  0x0420, 0x0420, 0x0420, 0x0420, 0x0420, 0x0420, 0x0420, 0x0420, 0x0420, 0x0420, 0x0420, 0x0420,
  0x0420, 0x0420, 0x0420, 0x0420, 0x0420, 0x0420, 0x0420, 0x0420, 0x0420, 0x0420, 0x0420, 0x0420,
  0x0420, 0x0420, 0x0420, 0x0420, 0x0420, 0x0420, 0x0420, 0x0420, 0x0420, 0x0420, 0x0420, 0x0420,
  0x0420, 0x0420, 0x0420, 0x0420, 0x0420, 0x0420, 0x0420, 0x0420, 0x0420, 0x0420, 0x0420, 0x0420,
  0x0420, 0x0420, 0x0420, 0x0420, 0x0420, 0x0420, 0x0420, 0x0420, 0x0420, 0x0420, 0x0420, 0x0420,
  0x0420, 0x0420, 0x0420, 0x0420, 0x0420, 0x0420, 0x0420, 0x0420, 0x0420, 0x0420, 0x0420, 0x0420,
  0x0420, 0x0420, 0x0420, 0x0420, 0x0420, 0x0420, 0x0420, 0x0420, 0x0420, 0x0420, 0x0420, 0x0420,
  0x0420, 0x0420, 0x0420, 0x0420, 0x0420, 0x0420, 0x0420, 0x0420, 0x0420, 0x0420, 0x0420, 0x0420,
  0x0420, 0x0420, 0x0420, 0x0420, 0x0420, 0x0420, 0x0420, 0x0420, 0x0420, 0x0420, 0x0420, 0x0420,
  0x0420, 0x0420, 0x0420, 0x0420, 0x0420, 0x0420, 0x0420, 0x0420, 0x0420, 0x0420, 0x0420, 0x0420,
  0x0420, 0x0420, 0x0420, 0x0420, 0x0420, 0x0420, 0x0420, 0x0420, 0x0420, 0x0420, 0x0420, 0x0420,
  0x0420, 0x0420, 0x0420, 0x0420, 0x0420, 0x0420, 0x0420, 0x0420, 0x0420, 0x0420, 0x0420, 0x0420,
  0x0420, 0x0420, 0x0420, 0x0420, 0x0420, 0x0420, 0x0420, 0x0420, 0x0420, 0x0420, 0x0420, 0x0420,
  0x0420, 0x0420, 0x0420, 0x0420, 0x0420, 0x0420, 0x0420, 0x0420, 0x0420, 0x0420, 0x0420, 0x0420,
  0x0420, 0x0420, 0x0420, 0x0420, 0x0420, 0x0420, 0x0420, 0x0420, 0x0420, 0x0420, 0x0420, 0x0420,
  0x0420, 0x0420, 0x0420, 0x0420, 0x0420, 0x0420, 0x0420, 0x0420, 0x0420, 0x0420, 0x0420, 0x0420,
  0x0420, 0x0420, 0x0420, 0x0420, 0x0420, 0x0420, 0x0420, 0x0420, 0x0420, 0x0420, 0x0420, 0x0420,
  0x0420, 0x0420, 0x0420, 0x0420, 0x0420, 0x0420, 0x0420, 0x0420, 0x0420, 0x0420, 0x0420, 0x0420,
  0x0420, 0x0420, 0x0420, 0x0420, 0x0420, 0x0420, 0x0420, 0x0420, 0x0420, 0x0420, 0x0420, 0x0420,
  0x0420, 0x0420, 0x0420, 0x0420, 0x0420, 0x0420, 0x0420, 0x0420, 0x0420, 0x0420, 0x0420, 0x0420,
  0x0420, 0x0420, 0x0420, 0x0420, 0x0420, 0x0420, 0x0420, 0x0420, 0x0420, 0x0420, 0x0420, 0x0420,
  0x0420, 0x0420, 0x0420, 0x0420, 0x0420, 0x0420, 0x0420, 0x0420, 0x0420, 0x0420, 0x0420, 0x0420,
  0x0420, 0x0420, 0x0420, 0x0420, 0x0420, 0x0420, 0x0420, 0x0420, 0x0420, 0x0420, 0x0420, 0x0420,
  0x0420, 0x0420, 0x0420, 0x0420, 0x0420, 0x0420, 0x0420, 0x0420, 0x0420, 0x0420, 0x0420, 0x0420,
  0x0420, 0x0420, 0x0420, 0x0420, 0x0420, 0x0420, 0x0420, 0x0420, 0x0420, 0x0420, 0x0420, 0x0420,
  0x0420, 0x0420, 0x0420, 0x0420, 0x0420, 0x0420, 0x0420, 0x0420, 0x0420, 0x0420, 0x0420, 0x0420,
  0x0420, 0x0420, 0x0420, 0x0420, 0x0420, 0x0420, 0x0420, 0x0420, 0x0420, 0x0420, 0x0420, 0x0420,
  0x0420, 0x0420, 0x0420, 0x0420, 0x0420, 0x0420, 0x0420, 0x0420, 0x0420, 0x0420, 0x0420, 0x0420,
  0x0420, 0x0420, 0x0420, 0x0420, 0x0420, 0x0420, 0x0420, 0x0420, 0x0420, 0x0420, 0x0420, 0x0420,
  0x0420, 0x0420, 0x0420, 0x0420, 0x0420, 0x0420, 0x0420, 0x0420, 0x0420, 0x0420, 0x0420, 0x0420,
  0x0420, 0x0420, 0x0420, 0x0420, 0x0420, 0x0420, 0x0420, 0x0420, 0x0420, 0x0420, 0x0420, 0x0420,
  0x0420, 0x0420, 0x0420, 0x0420, 0x0420, 0x0420, 0x0420, 0x0420, 0x0420, 0x0420, 0x0420, 0x0420,
  0x0420, 0x0420, 0x0420, 0x0420, 0x0420, 0x0420, 0x0420, 0x0420, 0x0420, 0x0420, 0x0420, 0x0420,
  0x0420, 0x0420, 0x0420, 0x0420, 0x0420, 0x0420, 0x0420, 0x0420, 0x0420, 0x0420, 0x0420, 0x0420,
  0x0420, 0x0420, 0x0420, 0x0420, 0x0420, 0x0420, 0x0420, 0x0420, 0x0420, 0x0420, 0x0420, 0x0420,
  0x0420, 0x0420, 0x0420, 0x0420, 0x0420, 0x0420, 0x0420, 0x0420, 0x0420, 0x0420, 0x0420, 0x0420,
  0x0420, 0x0420, 0x0420, 0x0420, 0x0420, 0x0420, 0x0420, 0x0420, 0x0420, 0x0420, 0x0420, 0x0420,
  0x0420, 0x0420, 0x0420, 0x0420, 0x0420, 0x0420, 0x0420, 0x0420, 0x0420, 0x0420, 0x0420, 0x0420,
  0x0420, 0x0420, 0x0420, 0x0420, 0x0420, 0x0420, 0x0420, 0x0420, 0x0420, 0x0420, 0x0420, 0x0420,
  0x0420, 0x0420, 0x0420, 0x0420, 0x0420, 0x0420, 0x0420, 0x0420, 0x0420, 0x0420, 0x0420, 0x0420,
  0x0420, 0x0420, 0x0420, 0x0420, 0x0420, 0x0420, 0x0420, 0x0420, 0x0420, 0x0420, 0x0420, 0x0420,
  0x0420, 0x0420, 0x0420, 0x0420, 0x0420, 0x0420, 0x0420, 0x0420, 0x0420, 0x0420, 0x0420, 0x0420,
  0x0420, 0x0420, 0x0420, 0x0420, 0x0420, 0x0420, 0x0420, 0x0420, 0x0420, 0x0420, 0x0420, 0x0420,
  0x0420, 0x0420, 0x0420, 0x0420, 0x0420, 0x0420, 0x0420, 0x0420, 0x0420, 0x0420, 0x0420, 0x0420,
  0x0420, 0x0420, 0x0420, 0x0420, 0x0420, 0x0420, 0x0420, 0x0420, 0x0420, 0x0420, 0x0420, 0x0420,
  0x0420, 0x0420, 0x0420, 0x0420, 0x0420, 0x0420, 0x0420, 0x0420, 0x0420, 0x0420, 0x0420, 0x0420,
  0x0420, 0x0420, 0x0420, 0x0420, 0x0420, 0x0420, 0x0420, 0x0420, 0x0420, 0x0420, 0x0420, 0x0420,
  0x0420, 0x0420, 0x0420, 0x0420, 0x0420, 0x0420, 0x0420, 0x0420, 0x0420, 0x0420, 0x0420, 0x0420,
  0x0420, 0x0420, 0x0420, 0x0420, 0x0420, 0x0420, 0x0420, 0x0420, 0x0420, 0x0420, 0x0420, 0x0420,
  0x0420, 0x0420, 0x0420, 0x0420, 0x0420, 0x0420, 0x0420, 0x0420, 0x0420, 0x0420, 0x0420, 0x0420,
  0x0420, 0x0420, 0x0420, 0x0420, 0x0420, 0x0420, 0x0420, 0x0420, 0x0420, 0x0420, 0x0420, 0x0420,
  0x0420, 0x0420, 0x0420, 0x0420, 0x0420, 0x0420, 0x0420, 0x0420, 0x0420, 0x0420, 0x0420, 0x0420,
  0x0420, 0x0420, 0x0420, 0x0420, 0x0420, 0x0420, 0x0420, 0x0420, 0x0420, 0x0420, 0x0420, 0x0420,
  0x0420, 0x0420, 0x0420, 0x0420, 0x0420, 0x0420, 0x0420, 0x0420, 0x0420, 0x0420, 0x0420, 0x0420,
  0x0420, 0x0420, 0x0420, 0x0420, 0x0420, 0x0420, 0x0420, 0x0420, 0x0420, 0x0420, 0x0420, 0x0420,
  0x0420, 0x0420, 0x0420, 0x0420, 0x0420, 0x0420, 0x0420, 0x0420, 0x0420, 0x0420, 0x0420, 0x0420,
  0x0420, 0x0420, 0x0420, 0x0420, 0x0420, 0x0420, 0x0420, 0x0420, 0x0420, 0x0420, 0x0420, 0x0420,
  0x0420, 0x0420, 0x0420, 0x0420, 0x0420, 0x0420, 0x0420, 0x0420, 0x0420, 0x0420, 0x0420, 0x0420,
  0x0420, 0x0420, 0x0420, 0x0420, 0x0420, 0x0420, 0x0420, 0x0420, 0x0420, 0x0420, 0x0420, 0x0420,
  0x0420, 0x0420, 0x0420, 0x0420, 0x0420, 0x0420, 0x0420, 0x0420, 0x0420, 0x0420, 0x0420, 0x0420,
  0x0420, 0x0420, 0x0420, 0x0420, 0x0420, 0x0420, 0x0420, 0x0420, 0x0420, 0x0420, 0x0420, 0x0420,
  0x0420, 0x0420, 0x0420, 0x0420, 0x0420, 0x0420, 0x0420, 0x0420, 0x0420, 0x0420, 0x0420, 0x0420,
  0x0420, 0x0420, 0x0420, 0x0420, 0x0420, 0x0420, 0x0420, 0x0420, 0x0420, 0x0420, 0x0420, 0x0420,
  0x0420, 0x0420, 0x0420, 0x0420, 0x0420, 0x0420, 0x0420, 0x0420, 0x0420, 0x0420, 0x0420, 0x0420,
  0x0420, 0x0420, 0x0420, 0x0420, 0x0420, 0x0420, 0x0420, 0x0420, 0x0420, 0x0420, 0x0420, 0x0420,
  0x0420, 0x0420, 0x0420, 0x0420, 0x0420, 0x0420, 0x0420, 0x0420, 0x0420, 0x0420, 0x0420, 0x0420,
  0x0420, 0x0420, 0x0420, 0x0420, 0x0420, 0x0420, 0x0420, 0x0420, 0x0420, 0x0420, 0x0420, 0x0420,
  0x0420, 0x0420, 0x0420, 0x0420, 0x0420, 0x0420, 0x0420, 0x0420, 0x0420, 0x0420, 0x0420, 0x0420,
  0x0420, 0x0420, 0x0420, 0x0420, 0x0420, 0x0420, 0x0420, 0x0420, 0x0420, 0x0420, 0x0420, 0x0420,
  0x0420, 0x0420, 0x0420, 0x0420, 0x0420, 0x0420, 0x0420, 0x0420, 0x0420, 0x0420, 0x0420, 0x0420,
  0x0420, 0x0420, 0x0420, 0x0420, 0x0420, 0x0420, 0x0420, 0x0420, 0x0420, 0x0420, 0x0420, 0x0420,
  0x0420, 0x0420, 0x0420, 0x0420, 0x0420, 0x0420, 0x0420, 0x0420, 0x0420, 0x0420, 0x0420, 0x0420,
  0x0420, 0x0420, 0x0420, 0x0420, 0x0420, 0x0420, 0x0420, 0x0420, 0x0420, 0x0420, 0x0420, 0x0420,
  0x0420, 0x0420, 0x0420, 0x0420, 0x0420, 0x0420, 0x0420, 0x0420, 0x0420, 0x0420, 0x0420, 0x0420,
  0x0420, 0x0420, 0x0420, 0x0420, 0x0420, 0x0420, 0x0420, 0x0420, 0x0420, 0x0420, 0x0420, 0x0420,
  0x0420, 0x0420, 0x0420, 0x0420, 0x0420, 0x0420, 0x0420, 0x0420, 0x0420, 0x0420, 0x0420, 0x0420,
  0x0420, 0x0420, 0x0420, 0x0420, 0x0420, 0x0420, 0x0420, 0x0420, 0x0420, 0x0420, 0x0420, 0x0420,
  0x0420, 0x0420, 0x0420, 0x0420, 0x0420, 0x0420, 0x0420, 0x0420, 0x0420, 0x0420, 0x0420, 0x0420,
  0x0420, 0x0420, 0x0420, 0x0420, 0x0420, 0x0420, 0x0420, 0x0420, 0x0420, 0x0420, 0x0420, 0x0420,
  0x0420, 0x0420, 0x0420, 0x0420, 0x0420, 0x0420, 0x0420, 0x0420, 0x0420, 0x0420, 0x0420, 0x0420,
  0x0420, 0x0420, 0x0420, 0x0420, 0x0420, 0x0420, 0x0420, 0x0420, 0x0420, 0x0420, 0x0420, 0x0420,
  0x0420, 0x0420, 0x0420, 0x0420, 0x0420, 0x0420, 0x0420, 0x0420, 0x0420, 0x0420, 0x0420, 0x0420,
  0x0420, 0x0420, 0x0420, 0x0420, 0x0420, 0x0420, 0x0420, 0x0420, 0x0420, 0x0420, 0x0420, 0x0420,
  0x0420, 0x0420, 0x0420, 0x0420, 0x0420, 0x0420, 0x0420, 0x0420, 0x0420, 0x0420, 0x0420, 0x0420,
  0x0420, 0x0420, 0x0420, 0x0420, 0x0420, 0x0420, 0x0420, 0x0420, 0x0420, 0x0420, 0x0420, 0x0420,
  0x0420, 0x0420, 0x0420, 0x0420, 0x0420, 0x0420, 0x0420, 0x0420, 0x0420, 0x0420, 0x0420, 0x0420,
  0x0420, 0x0420, 0x0420, 0x0420, 0x0420, 0x0420, 0x0420, 0x0420, 0x0420, 0x0420, 0x0420, 0x0420,
  0x0420, 0x0420, 0x0420, 0x0420, 0x0420, 0x0420, 0x0420, 0x0420, 0x0420, 0x0420, 0x0420, 0x0420,
  0x0420, 0x0420, 0x0420, 0x0420, 0x0420, 0x0420, 0x0420, 0x0420, 0x0420, 0x0420, 0x0420, 0x0420,
  0x0420, 0x0420, 0x0420, 0x0420, 0x0420, 0x0420, 0x0420, 0x0420, 0x0420, 0x0420, 0x0420, 0x0420,
  0x0420, 0x0420, 0x0420, 0x0420, 0x0420, 0x0420, 0x0420, 0x0420, 0x0420, 0x0420, 0x0420, 0x0420,
  0x0420, 0x0420, 0x0420, 0x0420, 0x0420, 0x0420, 0x0420, 0x0420, 0x0420, 0x0420, 0x0420, 0x0420,
  0x0420, 0x0420, 0x0420, 0x0420, 0x0420, 0x0420, 0x0420, 0x0420, 0x0420, 0x0420, 0x0420, 0x0420,
  0x0420, 0x0420, 0x0420, 0x0420, 0x0420, 0x0420, 0x0420, 0x0420, 0x0420, 0x0420, 0x0420, 0x0420,
  0x0420, 0x0420, 0x0420, 0x0420, 0x0420, 0x0420, 0x0420, 0x0420, 0x0420, 0x0420, 0x0420, 0x0420,
  0x0420, 0x0420, 0x0420, 0x0420, 0x0420, 0x0420, 0x0420, 0x0420, 0x0420, 0x0420, 0x0420, 0x0420,
  0x0420, 0x0420, 0x0420, 0x0420, 0x0420, 0x0420, 0x0420, 0x0420, 0x0420, 0x0420, 0x0420, 0x0420,
  0x0420, 0x0420, 0x0420, 0x0420, 0x0420, 0x0420, 0x0420, 0x0420, 0x0420, 0x0420, 0x0420, 0x0420,
  0x0420, 0x0420, 0x0420, 0x0420, 0x0420, 0x0420, 0x0420, 0x0420, 0x0420, 0x0420, 0x0420, 0x0420,
  0x0420, 0x0420, 0x0420, 0x0420, 0x0420, 0x0420, 0x0420, 0x0420, 0x0420, 0x0420, 0x0420, 0x0420,
  0x0420, 0x0420, 0x0420, 0x0420, 0x0420, 0x0420, 0x0420, 0x0420, 0x0420, 0x0420, 0x0420, 0x0420,
  0x0420, 0x0420, 0x0420, 0x0420, 0x0420, 0x0420, 0x0420, 0x0420, 0x0420, 0x0420, 0x0420, 0x0420,
  0x0420, 0x0420, 0x0420, 0x0420, 0x0420, 0x0420, 0x0420, 0x0420, 0x0420, 0x0420, 0x0420, 0x0420,
  0x0420, 0x0420, 0x0420, 0x0420, 0x0420, 0x0420, 0x0420, 0x0420, 0x0420, 0x0420, 0x0420, 0x0420,
  0x0420, 0x0420, 0x0420, 0x0420, 0x0420, 0x0420, 0x0420, 0x0420, 0x0420, 0x0420, 0x0420, 0x0420,
  0x0420, 0x0420, 0x0420, 0x0420, 0x0420, 0x0420, 0x0420, 0x0420, 0x0420, 0x0420, 0x0420, 0x0420,
  0x0420, 0x0420, 0x0420, 0x0420, 0x0420, 0x0420, 0x0420, 0x0420, 0x0420, 0x0420, 0x0420, 0x0420,
  0x0420, 0x0420, 0x0420, 0x0420, 0x0420, 0x0420, 0x0420, 0x0420, 0x0420, 0x0420, 0x0420, 0x0420,
  0x0420, 0x0420, 0x0420, 0x0420, 0x0420, 0x0420, 0x0420, 0x0420, 0x0420, 0x0420, 0x0420, 0x0420,
  0x0420, 0x0420, 0x0420, 0x0420, 0x0420, 0x0420, 0x0420, 0x0420, 0x0420, 0x0420, 0x0420, 0x0420,
  0x0420, 0x0420, 0x0420, 0x0420, 0x0420, 0x0420, 0x0420, 0x0420, 0x0420, 0x0420, 0x0420, 0x0420,
  0x0420, 0x0420, 0x0420, 0x0420, 0x0420, 0x0420, 0x0420, 0x0420, 0x0420, 0x0420, 0x0420, 0x0420,
  0x0420, 0x0420, 0x0420, 0x0420, 0x0420, 0x0420, 0x0420, 0x0420, 0x0420, 0x0420, 0x0420, 0x0420,
  0x0420, 0x0420, 0x0420, 0x0420, 0x0420, 0x0420, 0x0420, 0x0420, 0x0420, 0x0420, 0x0420, 0x0420,
  0x0420, 0x0420, 0x0420, 0x0420, 0x0420, 0x0420, 0x0420, 0x0420, 0x0420, 0x0420, 0x0420, 0x0420,
  0x0420, 0x0420, 0x0420, 0x0420, 0x0420, 0x0420, 0x0420, 0x0420, 0x0420, 0x0420, 0x0420, 0x0420,
  0x0420, 0x0420, 0x0420, 0x0420, 0x0420, 0x0420, 0x0420, 0x0420, 0x0420, 0x0420, 0x0420, 0x0420,
  0x0420, 0x0420, 0x0420, 0x0420, 0x0420, 0x0420, 0x0420, 0x0420, 0x0420, 0x0420, 0x0420, 0x0420,
  0x0420, 0x0420, 0x0420, 0x0420, 0x0420, 0x0420, 0x0420, 0x0420, 0x0420, 0x0420, 0x0420, 0x0420,
  0x0420, 0x0420, 0x0420, 0x0420, 0x0420, 0x0420, 0x0420, 0x0420, 0x0420, 0x0420, 0x0420, 0x0420,
  0x0420, 0x0420, 0x0420, 0x0420, 0x0420, 0x0420, 0x0420, 0x0420, 0x0420, 0x0420, 0x0420, 0x0420,
  0x0420, 0x0420, 0x0420, 0x0420, 0x0420, 0x0420, 0x0420, 0x0420, 0x0420, 0x0420, 0x0420, 0x0420,
  0x0420, 0x0420, 0x0420, 0x0420, 0x0420, 0x0420, 0x0420, 0x0420, 0x0420, 0x0420, 0x0420, 0x0420,
  0x0420, 0x0420, 0x0420, 0x0420, 0x0420, 0x0420, 0x0420, 0x0420, 0x0420, 0x0420, 0x0420, 0x0420,
  0x0420, 0x0420, 0x0420, 0x0420, 0x0420, 0x0420, 0x0420, 0x0420, 0x0420, 0x0420, 0x0420, 0x0420,
  0x0420, 0x0420, 0x0420, 0x0420, 0x0420, 0x0420, 0x0420, 0x0420, 0x0420, 0x0420, 0x0420, 0x0420,
  0x0420, 0x0420, 0x0420, 0x0420, 0x0420, 0x0420, 0x0420, 0x0420, 0x0420, 0x0420, 0x0420, 0x0420,
  0x0420, 0x0420, 0x0420, 0x0420, 0x0420, 0x0420, 0x0420, 0x0420, 0x0420, 0x0420, 0x0420, 0x0420,
  0x0420, 0x0420, 0x0420, 0x0420, 0x0420, 0x0420, 0x0420, 0x0420, 0x0420, 0x0420, 0x0420, 0x0420,
  0x0420, 0x0420, 0x0420, 0x0420, 0x0420, 0x0420, 0x0420, 0x0420, 0x0420, 0x0420, 0x0420, 0x0420,
  0x0420, 0x0420, 0x0420, 0x0420, 0x0420, 0x0420, 0x0420, 0x0420, 0x0420, 0x0420, 0x0420, 0x0420,
  0x0420, 0x0420, 0x0420, 0x0420, 0x0420, 0x0420, 0x0420, 0x0420, 0x0420, 0x0420, 0x0420, 0x0420,
  0x0420, 0x0420, 0x0420, 0x0420, 0x0420, 0x0420, 0x0420, 0x0420, 0x0420, 0x0420, 0x0420, 0x0420,
  0x0420, 0x0420, 0x0420, 0x0420, 0x0420, 0x0420, 0x0420, 0x0420, 0x0420, 0x0420, 0x0420, 0x0420,
  0x0420, 0x0420, 0x0420, 0x0420, 0x0420, 0x0420, 0x0420, 0x0420, 0x0420, 0x0420, 0x0420, 0x0420,
  0x0420, 0x0420, 0x0420, 0x0420, 0x0420, 0x0420, 0x0420, 0x0420, 0x0420, 0x0420, 0x0420, 0x0420,
  0x0420, 0x0420, 0x0420, 0x0420, 0x0420, 0x0420, 0x0420, 0x0420, 0x0420, 0x0420, 0x0420, 0x0420,
  0x0420, 0x0420, 0x0420, 0x0420, 0x0420, 0x0420, 0x0420, 0x0420, 0x0420, 0x0420, 0x0420, 0x0420,
  0x0420, 0x0420, 0x0420, 0x0420, 0x0420, 0x0420, 0x0420, 0x0420, 0x0420, 0x0420, 0x0420, 0x0420,
  0x0420, 0x0420, 0x0420, 0x0420, 0x0420, 0x0420, 0x0420, 0x0420, 0x0420, 0x0420, 0x0420, 0x0420,
  0x0420, 0x0420, 0x0420, 0x0420, 0x0420, 0x0420, 0x0420, 0x0420, 0x0420, 0x0420, 0x0420, 0x0420,
  0x0420, 0x0420, 0x0420, 0x0420, 0x0420, 0x0420, 0x0420, 0x0420, 0x0420, 0x0420, 0x0420, 0x0420,
  0x0420, 0x0420, 0x0420, 0x0420, 0x0420, 0x0420, 0x0420, 0x0420, 0x0420, 0x0420, 0x0420, 0x0420,
  0x0420, 0x0420, 0x0420, 0x0420, 0x0420, 0x0420, 0x0420, 0x0420, 0x0420, 0x0420, 0x0420, 0x0420,
  0x0420, 0x0420, 0x0420, 0x0420, 0x0420, 0x0420, 0x0420, 0x0420, 0x0420, 0x0420, 0x0420, 0x0420,
  0x0420, 0x0420, 0x0420, 0x0420, 0x0420, 0x0420, 0x0420, 0x0420, 0x0420, 0x0420, 0x0420, 0x0420,
  0x0420, 0x0420, 0x0420, 0x0420, 0x0420, 0x0420, 0x0420, 0x0420, 0x0420, 0x0420, 0x0420, 0x0420,
  0x0420, 0x0420, 0x0420, 0x0420, 0x0420, 0x0420, 0x0420, 0x0420, 0x0420, 0x0420, 0x0420, 0x0420,
  0x0420, 0x0420, 0x0420, 0x0420, 0x0420, 0x0420, 0x0420, 0x0420, 0x0420, 0x0420, 0x0420, 0x0420,
  0x0420, 0x0420, 0x0420, 0x0420, 0x0420, 0x0420, 0x0420, 0x0420, 0x0420, 0x0420, 0x0420, 0x0420,
  0x0420, 0x0420, 0x0420, 0x0420, 0x0420, 0x0420, 0x0420, 0x0420, 0x0420, 0x0420, 0x0420, 0x0420,
  0x0420, 0x0420, 0x0420, 0x0420, 0x0420, 0x0420, 0x0420, 0x0420, 0x0420, 0x0420, 0x0420, 0x0420,
  0x0420, 0x0420, 0x0420, 0x0420, 0x0420, 0x0420, 0x0420, 0x0420, 0x0420, 0x0420, 0x0420, 0x0420,
  0x0420, 0x0420, 0x0420, 0x0420, 0x0420, 0x0420, 0x0420, 0x0420, 0x0420, 0x0420, 0x0420, 0x0420,
  0x0420, 0x0420, 0x0420, 0x0420, 0x0420, 0x0420, 0x0420, 0x0420, 0x0420, 0x0420, 0x0420, 0x0420,
  0x0420, 0x0420, 0x0420, 0x0420, 0x0420, 0x0420, 0x0420, 0x0420, 0x0420, 0x0420, 0x0420, 0x0420,
  0x0420, 0x0420, 0x0420, 0x0420, 0x0420, 0x0420, 0x0420, 0x0420, 0x0420, 0x0420, 0x0420, 0x0420,
  0x0420, 0x0420, 0x0420, 0x0420, 0x0420, 0x0420, 0x0420, 0x0420, 0x0420, 0x0420, 0x0420, 0x0420,
  0x0420, 0x0420, 0x0420, 0x0420, 0x0420, 0x0420, 0x0420, 0x0420, 0x0420, 0x0420, 0x0420, 0x0420,
  0x0420, 0x0420, 0x0420, 0x0420, 0x0420, 0x0420, 0x0420, 0x0420, 0x0420, 0x0420, 0x0420, 0x0420,
  0x0420, 0x0420, 0x0420, 0x0420, 0x0420, 0x0420, 0x0420, 0x0420, 0x0420, 0x0420, 0x0420, 0x0420,
  0x0420, 0x0420, 0x0420, 0x0420, 0x0420, 0x0420, 0x0420, 0x0420, 0x0420, 0x0420, 0x0420, 0x0420,
  0x0420, 0x0420, 0x0420, 0x0420, 0x0420, 0x0420, 0x0420, 0x0420, 0x0420, 0x0420, 0x0420, 0x0420,
  0x0420, 0x0420, 0x0420, 0x0420, 0x0420, 0x0420, 0x0420, 0x0420, 0x0420, 0x0420, 0x0420, 0x0420,
  0x0420, 0x0420, 0x0420, 0x0420, 0x0420, 0x0420, 0x0420, 0x0420, 0x0420, 0x0420, 0x0420, 0x0420,
  0x0420, 0x0420, 0x0420, 0x0420, 0x0420, 0x0420, 0x0420, 0x0420, 0x0420, 0x0420, 0x0420, 0x0420,
  0x0420, 0x0420, 0x0420, 0x0420, 0x0420, 0x0420, 0x0420, 0x0420, 0x0420, 0x0420, 0x0420, 0x0420,
  0x0420, 0x0420, 0x0420, 0x0420, 0x0420, 0x0420, 0x0420, 0x0420, 0x0420, 0x0420, 0x0420, 0x0420,
  0x0420, 0x0420, 0x0420, 0x0420, 0x0420, 0x0420, 0x0420, 0x0420, 0x0420, 0x0420, 0x0420, 0x0420,
  0x0420, 0x0420, 0x0420, 0x0420, 0x0420, 0x0420, 0x0420, 0x0420, 0x0420, 0x0420, 0x0420, 0x0420,
  0x0420, 0x0420, 0x0420, 0x0420, 0x0420, 0x0420, 0x0420, 0x0420, 0x0420, 0x0420, 0x0420, 0x0420,
  0x0420, 0x0420, 0x0420, 0x0420, 0x0420, 0x0420, 0x0420, 0x0420, 0x0420, 0x0420, 0x0420, 0x0420,
  0x0420, 0x0420, 0x0420, 0x0420, 0x0420, 0x0420, 0x0420, 0x0420, 0x0420, 0x0420, 0x0420, 0x0420,
  0x0420, 0x0420, 0x0420, 0x0420, 0x0420, 0x0420, 0x0420, 0x0420, 0x0420, 0x0420, 0x0420, 0x0420,
  0x0420, 0x0420, 0x0420, 0x0420, 0x0420, 0x0420, 0x0420, 0x0420, 0x0420, 0x0420, 0x0420, 0x0420,
  0x0420, 0x0420, 0x0420, 0x0420, 0x0420, 0x0420, 0x0420, 0x0420, 0x0420, 0x0420, 0x0420, 0x0420,
  0x0420, 0x0420, 0x0420, 0x0420, 0x0420, 0x0420, 0x0420, 0x0420, 0x0420, 0x0420, 0x0420, 0x0420,
  0x0420, 0x0420, 0x0420, 0x0420, 0x0420, 0x0420, 0x0420, 0x0420, 0x0420, 0x0420, 0x0420, 0x0420,
  0x0420, 0x0420, 0x0420, 0x0420, 0x0420, 0x0420, 0x0420, 0x0420, 0x0420, 0x0420, 0x0420, 0x0420,
  0x0420, 0x0420, 0x0420, 0x0420, 0x0420, 0x0420, 0x0420, 0x0420, 0x0420, 0x0420, 0x0420, 0x0420,
  0x0420, 0x0420, 0x0420, 0x0420, 0x0420, 0x0420, 0x0420, 0x0420, 0x0420, 0x0420, 0x0420, 0x0420,
  0x0420, 0x0420, 0x0420, 0x0420, 0x0420, 0x0420, 0x0420, 0x0420, 0x0420, 0x0420, 0x0420, 0x0420,
  0x0420, 0x0420, 0x0420, 0x0420, 0x0420, 0x0420, 0x0420, 0x0420, 0x0420, 0x0420, 0x0420, 0x0420,
  0x0420, 0x0420, 0x0420, 0x0420, 0x0420, 0x0420, 0x0420, 0x0420, 0x0420, 0x0420, 0x0420, 0x0420,
  0x0420, 0x0420, 0x0420, 0x0420, 0x0420, 0x0420, 0x0420, 0x0420, 0x0420, 0x0420, 0x0420, 0x0420,
  0x0420, 0x0420, 0x0420, 0x0420, 0x0420, 0x0420, 0x0420, 0x0420, 0x0420, 0x0420, 0x0420, 0x0420,
  0x0420, 0x0420, 0x0420, 0x0420, 0x0420, 0x0420, 0x0420, 0x0420, 0x0420, 0x0420, 0x0420, 0x0420,
  0x0420, 0x0420, 0x0420, 0x0420, 0x0420, 0x0420, 0x0420, 0x0420, 0x0420, 0x0420, 0x0420, 0x0420,
  0x0420, 0x0420, 0x0420, 0x0420, 0x0420, 0x0420, 0x0420, 0x0420, 0x0420, 0x0420, 0x0420, 0x0420,
  0x0420, 0x0420, 0x0420, 0x0420, 0x0420, 0x0420, 0x0420, 0x0420, 0x0420, 0x0420, 0x0420, 0x0420,
  0x0420, 0x0420, 0x0420, 0x0420, 0x0420, 0x0420, 0x0420, 0x0420, 0x0420, 0x0420, 0x0420, 0x0420,
  0x0420, 0x0420, 0x0420, 0x0420, 0x0420, 0x0420, 0x0420, 0x0420, 0x0420, 0x0420, 0x0420, 0x0420,
  0x0420, 0x0420, 0x0420, 0x0420, 0x0420, 0x0420, 0x0420, 0x0420, 0x0420, 0x0420, 0x0420, 0x0420,
  0x0420, 0x0420, 0x0420, 0x0420, 0x0420, 0x0420, 0x0420, 0x0420, 0x0420, 0x0420, 0x0420, 0x0420,
  0x0420, 0x0420, 0x0420, 0x0420, 0x0420, 0x0420, 0x0420, 0x0420, 0x0420, 0x0420, 0x0420, 0x0420,
  0x0420, 0x0420, 0x0420, 0x0420, 0x0420, 0x0420, 0x0420, 0x0420, 0x0420, 0x0420, 0x0420, 0x0420,
  0x0420, 0x0420, 0x0420, 0x0420, 0x0420, 0x0420, 0x0420, 0x0420, 0x0420, 0x0420, 0x0420, 0x0420,
  0x0420, 0x0420, 0x0420, 0x0420, 0x0420, 0x0420, 0x0420, 0x0420, 0x0420, 0x0420, 0x0420, 0x0420,
  0x0420, 0x0420, 0x0420, 0x0420, 0x0420, 0x0420, 0x0420, 0x0420, 0x0420, 0x0420, 0x0420, 0x0420,
  0x0420, 0x0420, 0x0420, 0x0420, 0x0420, 0x0420, 0x0420, 0x0420, 0x0420, 0x0420, 0x0420, 0x0420,
  0x0420, 0x0420, 0x0420, 0x0420, 0x0420, 0x0420, 0x0420, 0x0420, 0x0420, 0x0420, 0x0420, 0x0420,
  0x0420, 0x0420, 0x0420, 0x0420, 0x0420, 0x0420, 0x0420, 0x0420, 0x0420, 0x0420, 0x0420, 0x0420,
  0x0420, 0x0420, 0x0420, 0x0420, 0x0420, 0x0420, 0x0420, 0x0420, 0x0420, 0x0420, 0x0420, 0x0420,
  0x0420, 0x0420, 0x0420, 0x0420, 0x0420, 0x0420, 0x0420, 0x0420, 0x0420, 0x0420, 0x0420, 0x0420,
  0x0420, 0x0420, 0x0420, 0x0420, 0x0420, 0x0420, 0x0420, 0x0420, 0x0420, 0x0420, 0x0420, 0x0420,
  0x0420, 0x0420, 0x0420, 0x0420, 0x0420, 0x0420, 0x0420, 0x0420, 0x0420, 0x0420, 0x0420, 0x0420,
  0x0420, 0x0420, 0x0420, 0x0420, 0x0420, 0x0420, 0x0420, 0x0420, 0x0420, 0x0420, 0x0420, 0x0420,
  0x0420, 0x0420, 0x0420, 0x0420, 0x0420, 0x0420, 0x0420, 0x0420, 0x0420, 0x0420, 0x0420, 0x0420,
  0x0420, 0x0420, 0x0420, 0x0420, 0x0420, 0x0420, 0x0420, 0x0420, 0x0420, 0x0420, 0x0420, 0x0420,
  0x0420, 0x0420, 0x0420, 0x0420, 0x0420, 0x0420, 0x0420, 0x0420, 0x0420, 0x0420, 0x0420, 0x0420,
  0x0420, 0x0420, 0x0420, 0x0420, 0x0420, 0x0420, 0x0420, 0x0420, 0x0420, 0x0420, 0x0420, 0x0420,
  0x0420, 0x0420, 0x0420, 0x0420, 0x0420, 0x0420, 0x0420, 0x0420, 0x0420, 0x0420, 0x0420, 0x0420,
  0x0420, 0x0420, 0x0420, 0x0420, 0x0420, 0x0420, 0x0420, 0x0420, 0x0420, 0x0420, 0x0420, 0x0420,
  0x0420, 0x0420, 0x0420, 0x0420, 0x0420, 0x0420, 0x0420, 0x0420, 0x0420, 0x0420, 0x0420, 0x0420,
  0x0420, 0x0420, 0x0420, 0x0420, 0x0420, 0x0420, 0x0420, 0x0420, 0x0420, 0x0420, 0x0420, 0x0420,
  0x0420, 0x0420, 0x0420, 0x0420, 0x0420, 0x0420, 0x0420, 0x0420, 0x0420, 0x0420, 0x0420, 0x0420,
  0x0420, 0x0420, 0x0420, 0x0420, 0x0420, 0x0420, 0x0420, 0x0420, 0x0420, 0x0420, 0x0420, 0x0420,
  0x0420, 0x0420, 0x0420, 0x0420, 0x0420, 0x0420, 0x0420, 0x0420, 0x0420, 0x0420, 0x0420, 0x0420,
  0x0420, 0x0420, 0x0420, 0x0420, 0x0420, 0x0420, 0x0420, 0x0420, 0x0420, 0x0420, 0x0420, 0x0420,
  0x0420, 0x0420, 0x0420, 0x0420, 0x0420, 0x0420, 0x0420, 0x0420, 0x0420, 0x0420, 0x0420, 0x0420,
  0x0420, 0x0420, 0x0420, 0x0420, 0x0420, 0x0420, 0x0420, 0x0420, 0x0420, 0x0420, 0x0420, 0x0420,
  0x0420, 0x0420, 0x0420, 0x0420, 0x0420, 0x0420, 0x0420, 0x0420, 0x0420, 0x0420, 0x0420, 0x0420,
  0x0420, 0x0420, 0x0420, 0x0420, 0x0420, 0x0420, 0x0420, 0x0420, 0x0420, 0x0420, 0x0420, 0x0420,
  0x0420, 0x0420, 0x0420, 0x0420, 0x0420, 0x0420, 0x0420, 0x0420, 0x0420, 0x0420, 0x0420, 0x0420,
  0x0420, 0x0420, 0x0420, 0x0420, 0x0420, 0x0420, 0x0420, 0x0420, 0x0420, 0x0420, 0x0420, 0x0420,
  0x0420, 0x0420, 0x0420, 0x0420, 0x0420, 0x0420, 0x0420, 0x0420, 0x0420, 0x0420, 0x0420, 0x0420,
  0x0420, 0x0420, 0x0420, 0x0420, 0x0420, 0x0420, 0x0420, 0x0420, 0x0420, 0x0420, 0x0420, 0x0420,
  0x0420, 0x0420, 0x0420, 0x0420, 0x0420, 0x0420, 0x0420, 0x0420, 0x0420, 0x0420, 0x0420, 0x0420,
  0x0420, 0x0420, 0x0420, 0x0420, 0x0420, 0x0420, 0x0420, 0x0420, 0x0420, 0x0420, 0x0420, 0x0420,
  0x0420, 0x0420, 0x0420, 0x0420, 0x0420, 0x0420, 0x0420, 0x0420, 0x0420, 0x0420, 0x0420, 0x0420,
  0x0420, 0x0420, 0x0420, 0x0420, 0x0420, 0x0420, 0x0420, 0x0420, 0x0420, 0x0420, 0x0420, 0x0420,
  0x0420, 0x0420, 0x0420, 0x0420, 0x0420, 0x0420, 0x0420, 0x0420, 0x0420, 0x0420, 0x0420, 0x0420,
  0x0420, 0x0420, 0x0420, 0x0420, 0x0420, 0x0420, 0x0420, 0x0420, 0x0420, 0x0420, 0x0420, 0x0420,
  0x0420, 0x0420, 0x0420, 0x0420, 0x0420, 0x0420, 0x0420, 0x0420, 0x0420, 0x0420, 0x0420, 0x0420,
  0x0420, 0x0420, 0x0420, 0x0420, 0x0420, 0x0420, 0x0420, 0x0420, 0x0420, 0x0420, 0x0420, 0x0420,
  0x0420, 0x0420, 0x0420, 0x0420, 0x0420, 0x0420, 0x0420, 0x0420, 0x0420, 0x0420, 0x0420, 0x0420,
  0x0420, 0x0420, 0x0420, 0x0420, 0x0420, 0x0420, 0x0420, 0x0420, 0x0420, 0x0420, 0x0420, 0x0420,
  0x0420, 0x0420, 0x0420, 0x0420, 0x0420, 0x0420, 0x0420, 0x0420, 0x0420, 0x0420, 0x0420, 0x0420,
  0x0420, 0x0420, 0x0420, 0x0420, 0x0420, 0x0420, 0x0420, 0x0420, 0x0420, 0x0420, 0x0420, 0x0420,
  0x0420, 0x0420, 0x0420, 0x0420, 0x0420, 0x0420, 0x0420, 0x0420, 0x0420, 0x0420, 0x0420, 0x0420,
  0x0420, 0x0420, 0x0420, 0x0420, 0x0420, 0x0420, 0x0420, 0x0420, 0x0420, 0x0420, 0x0420, 0x0420,
  0x0420, 0x0420, 0x0420, 0x0420, 0x0420, 0x0420, 0x0420, 0x0420, 0x0420, 0x0420, 0x0420, 0x0420,
  0x0420, 0x0420, 0x0420, 0x0420, 0x0420, 0x0420, 0x0420, 0x0420, 0x0420, 0x0420, 0x0420, 0x0420,
  0x0420, 0x0420, 0x0420, 0x0420, 0x0420, 0x0420, 0x0420, 0x0420, 0x0420, 0x0420, 0x0420, 0x0420,
  0x0420, 0x0420, 0x0420, 0x0420, 0x0420, 0x0420, 0x0420, 0x0420, 0x0420, 0x0420, 0x0420, 0x0420,
  0x0420, 0x0420, 0x0420, 0x0420, 0x0420, 0x0420, 0x0420, 0x0420, 0x0420, 0x0420, 0x0420, 0x0420,
  0x0420, 0x0420, 0x0420, 0x0420, 0x0420, 0x0420, 0x0420, 0x0420, 0x0420, 0x0420, 0x0420, 0x0420,
  0x0420, 0x0420, 0x0420, 0x0420, 0x0420, 0x0420, 0x0420, 0x0420, 0x0420, 0x0420, 0x0420, 0x0420,
  0x0420, 0x0420, 0x0420, 0x0420, 0x0420, 0x0420, 0x0420, 0x0420, 0x0420, 0x0420, 0x0420, 0x0420,
  0x0420, 0x0420, 0x0420, 0x0420, 0x0420, 0x0420, 0x0420, 0x0420, 0x0420, 0x0420, 0x0420, 0x0420,
  0x0420, 0x0420, 0x0420, 0x0420, 0x0420, 0x0420, 0x0420, 0x0420, 0x0420, 0x0420, 0x0420, 0x0420,
  0x0420, 0x0420, 0x0420, 0x0420, 0x0420, 0x0420, 0x0420, 0x0420, 0x0420, 0x0420, 0x0420, 0x0420,
  0x0420, 0x0420, 0x0420, 0x0420, 0x0420, 0x0420, 0x0420, 0x0420, 0x0420, 0x0420, 0x0420, 0x0420,
  0x0420, 0x0420, 0x0420, 0x0420, 0x0420, 0x0420, 0x0420, 0x0420, 0x0420, 0x0420, 0x0420, 0x0420,
  0x0420, 0x0420, 0x0420, 0x0420, 0x0420, 0x0420, 0x0420, 0x0420, 0x0420, 0x0420, 0x0420, 0x0420,
  0x0420, 0x0420, 0x0420, 0x0420, 0x0420, 0x0420, 0x0420, 0x0420, 0x0420, 0x0420, 0x0420, 0x0420,
  0x0420, 0x0420, 0x0420, 0x0420, 0x0420, 0x0420, 0x0420, 0x0420, 0x0420, 0x0420, 0x0420, 0x0420,
  0x0420, 0x0420, 0x0420, 0x0420, 0x0420, 0x0420, 0x0420, 0x0420, 0x0420, 0x0420, 0x0420, 0x0420,
  0x0420, 0x0420, 0x0420, 0x0420, 0x0420, 0x0420, 0x0420, 0x0420, 0x0420, 0x0420, 0x0420, 0x0420,
  0x0420, 0x0420, 0x0420, 0x0420, 0x0420, 0x0420, 0x0420, 0x0420, 0x0420, 0x0420, 0x0420, 0x0420,
  0x0420, 0x0420, 0x0420, 0x0420, 0x0420, 0x0420, 0x0420, 0x0420, 0x0420, 0x0420, 0x0420, 0x0420,
  0x0420, 0x0420, 0x0420, 0x0420, 0x0420, 0x0420, 0x0420, 0x0420, 0x0420, 0x0420, 0x0420, 0x0420,
  0x0420, 0x0420, 0x0420, 0x0420, 0x0420, 0x0420, 0x0420, 0x0420, 0x0420, 0x0420, 0x0420, 0x0420,
  0x0420, 0x0420, 0x0420, 0x0420, 0x0420, 0x0420, 0x0420, 0x0420, 0x0420, 0x0420, 0x0420, 0x0420,
  0x0420, 0x0420, 0x0420, 0x0420, 0x0420, 0x0420, 0x0420, 0x0420, 0x0420, 0x0420, 0x0420, 0x0420,
  0x0420, 0x0420, 0x0420, 0x0420, 0x0420, 0x0420, 0x0420, 0x0420, 0x0420, 0x0420, 0x0420, 0x0420,
  0x0420, 0x0420, 0x0420, 0x0420, 0x0420, 0x0420, 0x0420, 0x0420, 0x0420, 0x0420, 0x0420, 0x0420,
  0x0420, 0x0420, 0x0420, 0x0420, 0x0420, 0x0420, 0x0420, 0x0420, 0x0420, 0x0420, 0x0420, 0x0420,
  0x0420, 0x0420, 0x0420, 0x0420, 0x0420, 0x0420, 0x0420, 0x0420, 0x0420, 0x0420, 0x0420, 0x0420,
  0x0420, 0x0420, 0x0420, 0x0420, 0x0420, 0x0420, 0x0420, 0x0420, 0x0420, 0x0420, 0x0420, 0x0420,
  0x0420, 0x0420, 0x0420, 0x0420, 0x0420, 0x0420, 0x0420, 0x0420, 0x0420, 0x0420, 0x0420, 0x0420,
  0x0420, 0x0420, 0x0420, 0x0420, 0x0420, 0x0420, 0x0420, 0x0420, 0x0420, 0x0420, 0x0420, 0x0420,
  0x0420, 0x0420, 0x0420, 0x0420, 0x0420, 0x0420, 0x0420, 0x0420, 0x0420, 0x0420, 0x0420, 0x0420,
  0x0420, 0x0420, 0x0420, 0x0420, 0x0420, 0x0420, 0x0420, 0x0420, 0x0420, 0x0420, 0x0420, 0x0420,
  0x0420, 0x0420, 0x0420, 0x0420, 0x0420, 0x0420, 0x0420, 0x0420, 0x0420, 0x0420, 0x0420, 0x0420,
  0x0420, 0x0420, 0x0420, 0x0420, 0x0420, 0x0420, 0x0420, 0x0420, 0x0420, 0x0420, 0x0420, 0x0420,
  0x0420, 0x0420, 0x0420, 0x0420, 0x0420, 0x0420, 0x0420, 0x0420, 0x0420, 0x0420, 0x0420, 0x0420,
  0x0420, 0x0420, 0x0420, 0x0420, 0x0420, 0x0420, 0x0420, 0x0420, 0x0420, 0x0420, 0x0420, 0x0420,
  0x0420, 0x0420, 0x0420, 0x0420, 0x0420, 0x0420, 0x0420, 0x0420, 0x0420, 0x0420, 0x0420, 0x0420,
  0x0420, 0x0420, 0x0420, 0x0420, 0x0420, 0x0420, 0x0420, 0x0420, 0x0420, 0x0420, 0x0420, 0x0420,
  0x0420, 0x0420, 0x0420, 0x0420, 0x0420, 0x0420, 0x0420, 0x0420, 0x0420, 0x0420, 0x0420, 0x0420,
  0x0420, 0x0420, 0x0420, 0x0420, 0x0420, 0x0420, 0x0420, 0x0420, 0x0420, 0x0420, 0x0420, 0x0420,
  0x0420, 0x0420, 0x0420, 0x0420, 0x0420, 0x0420, 0x0420, 0x0420, 0x0420, 0x0420, 0x0420, 0x0420,
  0x0420, 0x0420, 0x0420, 0x0420, 0x0420, 0x0420, 0x0420, 0x0420, 0x0420, 0x0420, 0x0420, 0x0420,
  0x0420, 0x0420, 0x0420, 0x0420, 0x0420, 0x0420, 0x0420, 0x0420, 0x0420, 0x0420, 0x0420, 0x0420,
  0x0420, 0x0420, 0x0420, 0x0420, 0x0420, 0x0420, 0x0420, 0x0420, 0x0420, 0x0420, 0x0420, 0x0420,
  0x0420, 0x0420, 0x0420, 0x0420, 0x0420, 0x0420, 0x0420, 0x0420, 0x0420, 0x0420, 0x0420, 0x0420,
  0x0420, 0x0420, 0x0420, 0x0420, 0x0420, 0x0420, 0x0420, 0x0420, 0x0420, 0x0420, 0x0420, 0x0420,
  0x0420, 0x0420, 0x0420, 0x0420, 0x0420, 0x0420, 0x0420, 0x0420, 0x0420, 0x0420, 0x0420, 0x0420,
  0x0420, 0x0420, 0x0420, 0x0420, 0x0420, 0x0420, 0x0420, 0x0420, 0x0420, 0x0420, 0x0420, 0x0420,
  0x0420, 0x0420, 0x0420, 0x0420, 0x0420, 0x0420, 0x0420, 0x0420, 0x0420, 0x0420, 0x0420, 0x0420,
  0x0420, 0x0420, 0x0420, 0x0420, 0x0420, 0x0420, 0x0420, 0x0420, 0x0420, 0x0420, 0x0420, 0x0420,
  0x0420, 0x0420, 0x0420, 0x0420, 0x0420, 0x0420, 0x0420, 0x0420, 0x0420, 0x0420, 0x0420, 0x0420,
  0x0420, 0x0420, 0x0420, 0x0420, 0x0420, 0x0420, 0x0420, 0x0420, 0x0420, 0x0420, 0x0420, 0x0420,
  0x0420, 0x0420, 0x0420, 0x0420, 0x0420, 0x0420, 0x0420, 0x0420, 0x0420, 0x0420, 0x0420, 0x0420,
  0x0420, 0x0420, 0x0420, 0x0420, 0x0420, 0x0420, 0x0420, 0x0420, 0x0420, 0x0420, 0x0420, 0x0420,
  0x0420, 0x0420, 0x0420, 0x0420, 0x0420, 0x0420, 0x0420, 0x0420, 0x0420, 0x0420, 0x0420, 0x0420,
  0x0420, 0x0420, 0x0420, 0x0420, 0x0420, 0x0420, 0x0420, 0x0420, 0x0420, 0x0420, 0x0420, 0x0420,
  0x0420, 0x0420, 0x0420, 0x0420, 0x0420, 0x0420, 0x0420, 0x0420, 0x0420, 0x0420, 0x0420, 0x0420,
  0x0420, 0x0420, 0x0420, 0x0420, 0x0420, 0x0420, 0x0420, 0x0420, 0x0420, 0x0420, 0x0420, 0x0420,
  0x0420, 0x0420, 0x0420, 0x0420, 0x0420, 0x0420, 0x0420, 0x0420, 0x0420, 0x0420, 0x0420, 0x0420,
  0x0420, 0x0420, 0x0420, 0x0420, 0x0420, 0x0420, 0x0420, 0x0420, 0x0420, 0x0420, 0x0420, 0x0420,
  0x0420, 0x0420, 0x0420, 0x0420, 0x0420, 0x0420, 0x0420, 0x0420, 0x0420, 0x0420, 0x0420, 0x0420,
  0x0420, 0x0420, 0x0420, 0x0420, 0x0420, 0x0420, 0x0420, 0x0420, 0x0420, 0x0420, 0x0420, 0x0420,
  0x0420, 0x0420, 0x0420, 0x0420, 0x0420, 0x0420, 0x0420, 0x0420, 0x0420, 0x0420, 0x0420, 0x0420,
  0x0420, 0x0420, 0x0420, 0x0420, 0x0420, 0x0420, 0x0420, 0x0420, 0x0420, 0x0420, 0x0420, 0x0420,
  0x0420, 0x0420, 0x0420, 0x0420, 0x0420, 0x0420, 0x0420, 0x0420, 0x0420, 0x0420, 0x0420, 0x0420,
  0x0420, 0x0420, 0x0420, 0x0420, 0x0420, 0x0420, 0x0420, 0x0420, 0x0420, 0x0420, 0x0420, 0x0420,
  0x0420, 0x0420, 0x0420, 0x0420, 0x0420, 0x0420, 0x0420, 0x0420, 0x0420, 0x0420, 0x0420, 0x0420,
  0x0420, 0x0420, 0x0420, 0x0420, 0x0420, 0x0420, 0x0420, 0x0420, 0x0420, 0x0420, 0x0420, 0x0420,
  0x0420, 0x0420, 0x0420, 0x0420, 0x0420, 0x0420, 0x0420, 0x0420, 0x0420, 0x0420, 0x0420, 0x0420,
  0x0420, 0x0420, 0x0420, 0x0420, 0x0420, 0x0420, 0x0420, 0x0420, 0x0420, 0x0420, 0x0420, 0x0420,
  0x0420, 0x0420, 0x0420, 0x0420, 0x0420, 0x0420, 0x0420, 0x0420, 0x0420, 0x0420, 0x0420, 0x0420,
  0x0420, 0x0420, 0x0420, 0x0420, 0x0420, 0x0420, 0x0420, 0x0420, 0x0420, 0x0420, 0x0420, 0x0420,
  0x0420, 0x0420, 0x0420, 0x0420, 0x0420, 0x0420, 0x0420, 0x0420, 0x0420, 0x0420, 0x0420, 0x0420,
  0x0420, 0x0420, 0x0420, 0x0420, 0x0420, 0x0420, 0x0420, 0x0420, 0x0420, 0x0420, 0x0420, 0x0420,
  0x0420, 0x0420, 0x0420, 0x0420, 0x0420, 0x0420, 0x0420, 0x0420, 0x0420, 0x0420, 0x0420, 0x0420,
  0x0420, 0x0420, 0x0420, 0x0420, 0x0420, 0x0420, 0x0420, 0x0420, 0x0420, 0x0420, 0x0420, 0x0420,
  0x0420, 0x0420, 0x0420, 0x0420, 0x0420, 0x0420, 0x0420, 0x0420, 0x0420, 0x0420, 0x0420, 0x0420,
  0x0420, 0x0420, 0x0420, 0x0420, 0x0420, 0x0420, 0x0420, 0x0420, 0x0420, 0x0420, 0x0420, 0x0420,
  0x0420, 0x0420, 0x0420, 0x0420, 0x0420, 0x0420, 0x0420, 0x0420, 0x0420, 0x0420, 0x0420, 0x0420,
  0x0420, 0x0420, 0x0420, 0x0420, 0x0420, 0x0420, 0x0420, 0x0420, 0x0420, 0x0420, 0x0420, 0x0420,
  0x0420, 0x0420, 0x0420, 0x0420, 0x0420, 0x0420, 0x0420, 0x0420, 0x0420, 0x0420, 0x0420, 0x0420,
  0x0420, 0x0420, 0x0420, 0x0420, 0x0420, 0x0420, 0x0420, 0x0420, 0x0420, 0x0420, 0x0420, 0x0420,
  0x0420, 0x0420, 0x0420, 0x0420, 0x0420, 0x0420, 0x0420, 0x0420, 0x0420, 0x0420, 0x0420, 0x0420,
  0x0420, 0x0420, 0x0420, 0x0420, 0x0420, 0x0420, 0x0420, 0x0420, 0x0420, 0x0420, 0x0420, 0x0420,
  0x0420, 0x0420, 0x0420, 0x0420, 0x0420, 0x0420, 0x0420, 0x0420, 0x0420, 0x0420, 0x0420, 0x0420,
  0x0420, 0x0420, 0x0420, 0x0420, 0x0420, 0x0420, 0x0420, 0x0420, 0x0420, 0x0420, 0x0420, 0x0420,
  0x0420, 0x0420, 0x0420, 0x0420, 0x0420, 0x0420, 0x0420, 0x0420, 0x0420, 0x0420, 0x0420, 0x0420,
  0x0420, 0x0420, 0x0420, 0x0420, 0x0420, 0x0420, 0x0420, 0x0420, 0x0420, 0x0420, 0x0420, 0x0420,
  0x0420, 0x0420, 0x0420, 0x0420, 0x0420, 0x0420, 0x0420, 0x0420, 0x0420, 0x0420, 0x0420, 0x0420,
  0x0420, 0x0420, 0x0420, 0x0420, 0x0420, 0x0420, 0x0420, 0x0420, 0x0420, 0x0420, 0x0420, 0x0420,
  0x0420, 0x0420, 0x0420, 0x0420, 0x0420, 0x0420, 0x0420, 0x0420, 0x0420, 0x0420, 0x0420, 0x0420,
  0x0420, 0x0420, 0x0420, 0x0420, 0x0420, 0x0420, 0x0420, 0x0420, 0x0420, 0x0420, 0x0420, 0x0420,
  0x0420, 0x0420, 0x0420, 0x0420, 0x0420, 0x0420, 0x0420, 0x0420, 0x0420, 0x0420, 0x0420, 0x0420,
  0x0420, 0x0420, 0x0420, 0x0420, 0x0420, 0x0420, 0x0420, 0x0420, 0x0420, 0x0420, 0x0420, 0x0420,
  0x0420, 0x0420, 0x0420, 0x0420, 0x0420, 0x0420, 0x0420, 0x0420, 0x0420, 0x0420, 0x0420, 0x0420,
  0x0420, 0x0420, 0x0420, 0x0420, 0x0420, 0x0420, 0x0420, 0x0420, 0x0420, 0x0420, 0x0420, 0x0420,
  0x0420, 0x0420, 0x0420, 0x0420, 0x0420, 0x0420, 0x0420, 0x0420, 0x0420, 0x0420, 0x0420, 0x0420,
  0x0420, 0x0420, 0x0420, 0x0420, 0x0420, 0x0420, 0x0420, 0x0420, 0x0420, 0x0420, 0x0420, 0x0420,
  0x0420, 0x0420, 0x0420, 0x0420, 0x0420, 0x0420, 0x0420, 0x0420, 0x0420, 0x0420, 0x0420, 0x0420,
  0x0420, 0x0420, 0x0420, 0x0420, 0x0420, 0x0420, 0x0420, 0x0420, 0x0420, 0x0420, 0x0420, 0x0420,
  0x0420, 0x0420, 0x0420, 0x0420, 0x0420, 0x0420, 0x0420, 0x0420, 0x0420, 0x0420, 0x0420, 0x0420,
  0x0420, 0x0420, 0x0420, 0x0420, 0x0420, 0x0420, 0x0420, 0x0420, 0x0420, 0x0420, 0x0420, 0x0420,
  0x0420, 0x0420, 0x0420, 0x0420, 0x0420, 0x0420, 0x0420, 0x0420, 0x0420, 0x0420, 0x0420, 0x0420,
  0x0420, 0x0420, 0x0420, 0x0420, 0x0420, 0x0420, 0x0420, 0x0420, 0x0420, 0x0420, 0x0420, 0x0420,
  0x0420, 0x0420, 0x0420, 0x0420, 0x0420, 0x0420, 0x0420, 0x0420, 0x0420, 0x0420, 0x0420, 0x0420,
  0x0420, 0x0420, 0x0420, 0x0420, 0x0420, 0x0420, 0x0420, 0x0420, 0x0420, 0x0420, 0x0420, 0x0420,
  0x0420, 0x0420, 0x0420, 0x0420, 0x0420, 0x0420, 0x0420, 0x0420, 0x0420, 0x0420, 0x0420, 0x0420,
  0x0420, 0x0420, 0x0420, 0x0420, 0x0420, 0x0420, 0x0420, 0x0420, 0x0420, 0x0420, 0x0420, 0x0420,
  0x0420, 0x0420, 0x0420, 0x0420, 0x0420, 0x0420, 0x0420, 0x0420, 0x0420, 0x0420, 0x0420, 0x0420,
  0x0420, 0x0420, 0x0420, 0x0420, 0x0420, 0x0420, 0x0420, 0x0420, 0x0420, 0x0420, 0x0420, 0x0420,
  0x0420, 0x0420, 0x0420, 0x0420, 0x0420, 0x0420, 0x0420, 0x0420, 0x0420, 0x0420, 0x0420, 0x0420,
  0x0420, 0x0420, 0x0420, 0x0420, 0x0420, 0x0420, 0x0420, 0x0420, 0x0420, 0x0420, 0x0420, 0x0420,
  0x0420, 0x0420, 0x0420, 0x0420, 0x0420, 0x0420, 0x0420, 0x0420, 0x0420, 0x0420, 0x0420, 0x0420,
  0x0420, 0x0420, 0x0420, 0x0420, 0x0420, 0x0420, 0x0420, 0x0420, 0x0420, 0x0420, 0x0420, 0x0420,
  0x0420, 0x0420, 0x0420, 0x0420, 0x0420, 0x0420, 0x0420, 0x0420, 0x0420, 0x0420, 0x0420, 0x0420,
  0x0420, 0x0420, 0x0420, 0x0420, 0x0420, 0x0420, 0x0420, 0x0420, 0x0420, 0x0420, 0x0420, 0x0420,
  0x0420, 0x0420, 0x0420, 0x0420, 0x0420, 0x0420, 0x0420, 0x0420, 0x0420, 0x0420, 0x0420, 0x0420,
  0x0420, 0x0420, 0x0420, 0x0420, 0x0420, 0x0420, 0x0420, 0x0420, 0x0420, 0x0420, 0x0420, 0x0420,
  0x0420, 0x0420, 0x0420, 0x0420, 0x0420, 0x0420, 0x0420, 0x0420, 0x0420, 0x0420, 0x0420, 0x0420,
  0x0420, 0x0420, 0x0420, 0x0420, 0x0420, 0x0420, 0x0420, 0x0420, 0x0420, 0x0420, 0x0420, 0x0420,
  0x0420, 0x0420, 0x0420, 0x0420, 0x0420, 0x0420, 0x0420, 0x0420, 0x0420, 0x0420, 0x0420, 0x0420,
  0x0420, 0x0420, 0x0420, 0x0420, 0x0420, 0x0420, 0x0420, 0x0420, 0x0420, 0x0420, 0x0420, 0x0420,
  0x0420, 0x0420, 0x0420, 0x0420, 0x0420, 0x0420, 0x0420, 0x0420, 0x0420, 0x0420, 0x0420, 0x0420,
  0x0420, 0x0420, 0x0420, 0x0420, 0x0420, 0x0420, 0x0420, 0x0420, 0x0420, 0x0420, 0x0420, 0x0420,
  0x0420, 0x0420, 0x0420, 0x0420, 0x0420, 0x0420, 0x0420, 0x0420, 0x0420, 0x0420, 0x0420, 0x0420,
  0x0420, 0x0420, 0x0420, 0x0420, 0x0420, 0x0420, 0x0420, 0x0420, 0x0420, 0x0420, 0x0420, 0x0420,
  0x0420, 0x0420, 0x0420, 0x0420, 0x0420, 0x0420, 0x0420, 0x0420, 0x0420, 0x0420, 0x0420, 0x0420,
  0x0420, 0x0420, 0x0420, 0x0420, 0x0420, 0x0420, 0x0420, 0x0420, 0x0420, 0x0420, 0x0420, 0x0420,
  0x0420, 0x0420, 0x0420, 0x0420, 0x0420, 0x0420, 0x0420, 0x0420, 0x0420, 0x0420, 0x0420, 0x0420,
  0x0420, 0x0420, 0x0420, 0x0420, 0x0420, 0x0420, 0x0420, 0x0420, 0x0420, 0x0420, 0x0420, 0x0420,
  0x0420, 0x0420, 0x0420, 0x0420, 0x0420, 0x0420, 0x0420, 0x0420, 0x0420, 0x0420, 0x0420, 0x0420,
  0x0420, 0x0420, 0x0420, 0x0420, 0x0420, 0x0420, 0x0420, 0x0420, 0x0420, 0x0420, 0x0420, 0x0420,
  0x0420, 0x0420, 0x0420, 0x0420, 0x0420, 0x0420, 0x0420, 0x0420, 0x0420, 0x0420, 0x0420, 0x0420,
  0x0420, 0x0420, 0x0420, 0x0420, 0x0420, 0x0420, 0x0420, 0x0420, 0x0420, 0x0420, 0x0420, 0x0420,
  0x0420, 0x0420, 0x0420, 0x0420, 0x0420, 0x0420, 0x0420, 0x0420, 0x0420, 0x0420, 0x0420, 0x0420,
  0x0420, 0x0420, 0x0420, 0x0420, 0x0420, 0x0420, 0x0420, 0x0420, 0x0420, 0x0420, 0x0420, 0x0420,
  0x0420, 0x0420, 0x0420, 0x0420, 0x0420, 0x0420, 0x0420, 0x0420, 0x0420, 0x0420, 0x0420, 0x0420,
  0x0420, 0x0420, 0x0420, 0x0420, 0x0420, 0x0420, 0x0420, 0x0420, 0x0420, 0x0420, 0x0420, 0x0420,
  0x0420, 0x0420, 0x0420, 0x0420, 0x0420, 0x0420, 0x0420, 0x0420, 0x0420, 0x0420, 0x0420, 0x0420,
  0x0420, 0x0420, 0x0420, 0x0420, 0x0420, 0x0420, 0x0420, 0x0420, 0x0420, 0x0420, 0x0420, 0x0420,
  0x0420, 0x0420, 0x0420, 0x0420, 0x0420, 0x0420, 0x0420, 0x0420, 0x0420, 0x0420, 0x0420, 0x0420,
  0x0420, 0x0420, 0x0420, 0x0420, 0x0420, 0x0420, 0x0420, 0x0420, 0x0420, 0x0420, 0x0420, 0x0420,
  0x0420, 0x0420, 0x0420, 0x0420, 0x0420, 0x0420, 0x0420, 0x0420, 0x0420, 0x0420, 0x0420, 0x0420,
  0x0420, 0x0420, 0x0420, 0x0420, 0x0420, 0x0420, 0x0420, 0x0420, 0x0420, 0x0420, 0x0420, 0x0420,
  0x0420, 0x0420, 0x0420, 0x0420, 0x0420, 0x0420, 0x0420, 0x0420, 0x0420, 0x0420, 0x0420, 0x0420,
  0x0420, 0x0420, 0x0420, 0x0420, 0x0420, 0x0420, 0x0420, 0x0420, 0x0420, 0x0420, 0x0420, 0x0420,
  0x0420, 0x0420, 0x0420, 0x0420, 0x0420, 0x0420, 0x0420, 0x0420, 0x0420, 0x0420, 0x0420, 0x0420,
  0x0420, 0x0420, 0x0420, 0x0420, 0x0420, 0x0420, 0x0420, 0x0420, 0x0420, 0x0420, 0x0420, 0x0420,
  0x0420, 0x0420, 0x0420, 0x0420, 0x0420, 0x0420, 0x0420, 0x0420, 0x0420, 0x0420, 0x0420, 0x0420,
  0x0420, 0x0420, 0x0420, 0x0420, 0x0420, 0x0420, 0x0420, 0x0420, 0x0420, 0x0420, 0x0420, 0x0420,
  0x0420, 0x0420, 0x0420, 0x0420, 0x0420, 0x0420, 0x0420, 0x0420, 0x0420, 0x0420, 0x0420, 0x0420,
  0x0420, 0x0420, 0x0420, 0x0420, 0x0420, 0x0420, 0x0420, 0x0420, 0x0420, 0x0420, 0x0420, 0x0420,
  0x0420, 0x0420, 0x0420, 0x0420, 0x0420, 0x0420, 0x0420, 0x0420, 0x0420, 0x0420, 0x0420, 0x0420,
  0x0420, 0x0420, 0x0420, 0x0420, 0x0420, 0x0420, 0x0420, 0x0420, 0x0420, 0x0420, 0x0420, 0x0420,
  0x0420, 0x0420, 0x0420, 0x0420, 0x0420, 0x0420, 0x0420, 0x0420, 0x0420, 0x0420, 0x0420, 0x0420,
  0x0420, 0x0420, 0x0420, 0x0420, 0x0420, 0x0420, 0x0420, 0x0420, 0x0420, 0x0420, 0x0420, 0x0420,
  0x0420, 0x0420, 0x0420, 0x0420, 0x0420, 0x0420, 0x0420, 0x0420, 0x0420, 0x0420, 0x0420, 0x0420,
  0x0420, 0x0420, 0x0420, 0x0420, 0x0420, 0x0420, 0x0420, 0x0420, 0x0420, 0x0420, 0x0420, 0x0420,
  0x0420, 0x0420, 0x0420, 0x0420, 0x0420, 0x0420, 0x0420, 0x0420, 0x0420, 0x0420, 0x0420, 0x0420,
  0x0420, 0x0420, 0x0420, 0x0420, 0x0420, 0x0420, 0x0420, 0x0420, 0x0420, 0x0420, 0x0420, 0x0420,
  0x0420, 0x0420, 0x0420, 0x0420, 0x0420, 0x0420, 0x0420, 0x0420, 0x0420, 0x0420, 0x0420, 0x0420,
  0x0420, 0x0420, 0x0420, 0x0420, 0x0420, 0x0420, 0x0420, 0x0420, 0x0420, 0x0420, 0x0420, 0x0420,
  0x0420, 0x0420, 0x0420, 0x0420, 0x0420, 0x0420, 0x0420, 0x0420, 0x0420, 0x0420, 0x0420, 0x0420,
  0x0420, 0x0420, 0x0420, 0x0420, 0x0420, 0x0420, 0x0420, 0x0420, 0x0420, 0x0420, 0x0420, 0x0420,
  0x0420, 0x0420, 0x0420, 0x0420, 0x0420, 0x0420, 0x0420, 0x0420, 0x0420, 0x0420, 0x0420, 0x0420,
  0x0420, 0x0420, 0x0420, 0x0420, 0x0420, 0x0420, 0x0420, 0x0420, 0x0420, 0x0420, 0x0420, 0x0420,
  0x0420, 0x0420, 0x0420, 0x0420, 0x0420, 0x0420, 0x0420, 0x0420, 0x0420, 0x0420, 0x0420, 0x0420,
  0x0420, 0x0420, 0x0420, 0x0420, 0x0420, 0x0420, 0x0420, 0x0420, 0x0420, 0x0420, 0x0420, 0x0420,
  0x0420, 0x0420, 0x0420, 0x0420, 0x0420, 0x0420, 0x0420, 0x0420, 0x0420, 0x0420, 0x0420, 0x0420,
  0x0420, 0x0420, 0x0420, 0x0420, 0x0420, 0x0420, 0x0420, 0x0420, 0x0420, 0x0420, 0x0420, 0x0420,
  0x0420, 0x0420, 0x0420, 0x0420, 0x0420, 0x0420, 0x0420, 0x0420, 0x0420, 0x0420, 0x0420, 0x0420,
  0x0420, 0x0420, 0x0420, 0x0420, 0x0420, 0x0420, 0x0420, 0x0420, 0x0420, 0x0420, 0x0420, 0x0420,
  0x0420, 0x0420, 0x0420, 0x0420, 0x0420, 0x0420, 0x0420, 0x0420, 0x0420, 0x0420, 0x0420, 0x0420,
  0x0420, 0x0420, 0x0420, 0x0420, 0x0420, 0x0420, 0x0420, 0x0420, 0x0420, 0x0420, 0x0420, 0x0420,
  0x0420, 0x0420, 0x0420, 0x0420, 0x0420, 0x0420, 0x0420, 0x0420, 0x0420, 0x0420, 0x0420, 0x0420,
  0x0420, 0x0420, 0x0420, 0x0420, 0x0420, 0x0420, 0x0420, 0x0420, 0x0420, 0x0420, 0x0420, 0x0420,
  0x0420, 0x0420, 0x0420, 0x0420, 0x0420, 0x0420, 0x0420, 0x0420, 0x0420, 0x0420, 0x0420, 0x0420,
  0x0420, 0x0420, 0x0420, 0x0420, 0x0420, 0x0420, 0x0420, 0x0420, 0x0420, 0x0420, 0x0420, 0x0420,
  0x0420, 0x0420, 0x0420, 0x0420, 0x0420, 0x0420, 0x0420, 0x0420, 0x0420, 0x0420, 0x0420, 0x0420,
  0x0420, 0x0420, 0x0420, 0x0420, 0x0420, 0x0420, 0x0420, 0x0420, 0x0420, 0x0420, 0x0420, 0x0420,
  0x0420, 0x0420, 0x0420, 0x0420, 0x0420, 0x0420, 0x0420, 0x0420, 0x0420, 0x0420, 0x0420, 0x0420,
  0x0420, 0x0420, 0x0420, 0x0420, 0x0420, 0x0420, 0x0420, 0x0420, 0x0420, 0x0420, 0x0420, 0x0420,
  0x0420, 0x0420, 0x0420, 0x0420, 0x0420, 0x0420, 0x0420, 0x0420, 0x0420, 0x0420, 0x0420, 0x0420,
  0x0420, 0x0420, 0x0420, 0x0420, 0x0420, 0x0420, 0x0420, 0x0420, 0x0420, 0x0420, 0x0420, 0x0420,
  0x0420, 0x0420, 0x0420, 0x0420, 0x0420, 0x0420, 0x0420, 0x0420, 0x0420, 0x0420, 0x0420, 0x0420,
  0x0420, 0x0420, 0x0420, 0x0420, 0x0420, 0x0420, 0x0420, 0x0420, 0x0420, 0x0420, 0x0420, 0x0420,
  0x0420, 0x0420, 0x0420, 0x0420, 0x0420, 0x0420, 0x0420, 0x0420, 0x0420, 0x0420, 0x0420, 0x0420,
  0x0420, 0x0420, 0x0420, 0x0420, 0x0420, 0x0420, 0x0420, 0x0420, 0x0420, 0x0420, 0x0420, 0x0420,
  0x0420, 0x0420, 0x0420, 0x0420, 0x0420, 0x0420, 0x0420, 0x0420, 0x0420, 0x0420, 0x0420, 0x0420,
  0x0420, 0x0420, 0x0420, 0x0420, 0x0420, 0x0420, 0x0420, 0x0420, 0x0420, 0x0420, 0x0420, 0x0420,
  0x0420, 0x0420, 0x0420, 0x0420, 0x0420, 0x0420, 0x0420, 0x0420, 0x0420, 0x0420, 0x0420, 0x0420,
  0x0420, 0x0420, 0x0420, 0x0420, 0x0420, 0x0420, 0x0420, 0x0420, 0x0420, 0x0420, 0x0420, 0x0420,
  0x0420, 0x0420, 0x0420, 0x0420, 0x0420, 0x0420, 0x0420, 0x0420, 0x0420, 0x0420, 0x0420, 0x0420,
  0x0420, 0x0420, 0x0420, 0x0420, 0x0420, 0x0420, 0x0420, 0x0420, 0x0420, 0x0420, 0x0420, 0x0420,
  0x0420, 0x0420, 0x0420, 0x0420, 0x0420, 0x0420, 0x0420, 0x0420, 0x0420, 0x0420, 0x0420, 0x0420,
  0x0420, 0x0420, 0x0420, 0x0420, 0x0420, 0x0420, 0x0420, 0x0420, 0x0420, 0x0420, 0x0420, 0x0420,
  0x0420, 0x0420, 0x0420, 0x0420, 0x0420, 0x0420, 0x0420, 0x0420, 0x0420, 0x0420, 0x0420, 0x0420,
  0x0420, 0x0420, 0x0420, 0x0420, 0x0420, 0x0420, 0x0420, 0x0420, 0x0420, 0x0420, 0x0420, 0x0420,
  0x0420, 0x0420, 0x0420, 0x0420, 0x0420, 0x0420, 0x0420, 0x0420, 0x0420, 0x0420, 0x0420, 0x0420,
  0x0420, 0x0420, 0x0420, 0x0420, 0x0420, 0x0420, 0x0420, 0x0420, 0x0420, 0x0420, 0x0420, 0x0420,
  0x0420, 0x0420, 0x0420, 0x0420, 0x0420, 0x0420, 0x0420, 0x0420, 0x0420, 0x0420, 0x0420, 0x0420,
  0x0420, 0x0420, 0x0420, 0x0420, 0x0420, 0x0420, 0x0420, 0x0420, 0x0420, 0x0420, 0x0420, 0x0420,
  0x0420, 0x0420, 0x0420, 0x0420, 0x0420, 0x0420, 0x0420, 0x0420, 0x0420, 0x0420, 0x0420, 0x0420,
  0x0420, 0x0420, 0x0420, 0x0420, 0x0420, 0x0420, 0x0420, 0x0420, 0x0420, 0x0420, 0x0420, 0x0420,
  0x0420, 0x0420, 0x0420, 0x0420, 0x0420, 0x0420, 0x0420, 0x0420, 0x0420, 0x0420, 0x0420, 0x0420,
  0x0420, 0x0420, 0x0420, 0x0420, 0x0420, 0x0420, 0x0420, 0x0420, 0x0420, 0x0420, 0x0420, 0x0420,
  0x0420, 0x0420, 0x0420, 0x0420, 0x0420, 0x0420, 0x0420, 0x0420, 0x0420, 0x0420, 0x0420, 0x0420,
  0x0420, 0x0420, 0x0420, 0x0420, 0x0420, 0x0420, 0x0420, 0x0420, 0x0420, 0x0420, 0x0420, 0x0420,
  0x0420, 0x0420, 0x0420, 0x0420, 0x0420, 0x0420, 0x0420, 0x0420, 0x0420, 0x0420, 0x0420, 0x0420,
  0x0420, 0x0420, 0x0420, 0x0420, 0x0420, 0x0420, 0x0420, 0x0420, 0x0420, 0x0420, 0x0420, 0x0420,
  0x0420, 0x0420, 0x0420, 0x0420, 0x0420, 0x0420, 0x0420, 0x0420, 0x0420, 0x0420, 0x0420, 0x0420,
  0x0420, 0x0420, 0x0420, 0x0420, 0x0420, 0x0420, 0x0420, 0x0420, 0x0420, 0x0420, 0x0420, 0x0420,
  0x0420, 0x0420, 0x0420, 0x0420, 0x0420, 0x0420, 0x0420, 0x0420, 0x0420, 0x0420, 0x0420, 0x0420,
  0x0420, 0x0420, 0x0420, 0x0420, 0x0420, 0x0420, 0x0420, 0x0420, 0x0420, 0x0420, 0x0420, 0x0420,
  0x0420, 0x0420, 0x0420, 0x0420, 0x0420, 0x0420, 0x0420, 0x0420, 0x0420, 0x0420, 0x0420, 0x0420,
  0x0420, 0x0420, 0x0420, 0x0420, 0x0420, 0x0420, 0x0420, 0x0420, 0x0420, 0x0420, 0x0420, 0x0420,
  0x0420, 0x0420, 0x0420, 0x0420, 0x0420, 0x0420, 0x0420, 0x0420, 0x0420, 0x0420, 0x0420, 0x0420,
  0x0420, 0x0420, 0x0420, 0x0420, 0x0420, 0x0420, 0x0420, 0x0420, 0x0420, 0x0420, 0x0420, 0x0420,
  0x0420, 0x0420, 0x0420, 0x0420, 0x0420, 0x0420, 0x0420, 0x0420, 0x0420, 0x0420, 0x0420, 0x0420,
  0x0420, 0x0420, 0x0420, 0x0420, 0x0420, 0x0420, 0x0420, 0x0420, 0x0420, 0x0420, 0x0420, 0x0420,
  0x0420, 0x0420, 0x0420, 0x0420, 0x0420, 0x0420, 0x0420, 0x0420, 0x0420, 0x0420, 0x0420, 0x0420,
  0x0420, 0x0420, 0x0420, 0x0420, 0x0420, 0x0420, 0x0420, 0x0420, 0x0420, 0x0420, 0x0420, 0x0420,
  0x0420, 0x0420, 0x0420, 0x0420, 0x0420, 0x0420, 0x0420, 0x0420, 0x0420, 0x0420, 0x0420, 0x0420,
  0x0420, 0x0420, 0x0420, 0x0420, 0x0420, 0x0420, 0x0420, 0x0420, 0x0420, 0x0420, 0x0420, 0x0420,
  0x0420, 0x0420, 0x0420, 0x0420, 0x0420, 0x0420, 0x0420, 0x0420, 0x0420, 0x0420, 0x0420, 0x0420,
  0x0420, 0x0420, 0x0420, 0x0420, 0x0420, 0x0420, 0x0420, 0x0420, 0x0420, 0x0420, 0x0420, 0x0420,
  0x0420, 0x0420, 0x0420, 0x0420, 0x0420, 0x0420, 0x0420, 0x0420, 0x0420, 0x0420, 0x0420, 0x0420,
  0x0420, 0x0420, 0x0420, 0x0420, 0x0420, 0x0420, 0x0420, 0x0420, 0x0420, 0x0420, 0x0420, 0x0420,
  0x0420, 0x0420, 0x0420, 0x0420, 0x0420, 0x0420, 0x0420, 0x0420, 0x0420, 0x0420, 0x0420, 0x0420,
  0x0420, 0x0420, 0x0420, 0x0420, 0x0420, 0x0420, 0x0420, 0x0420, 0x0420, 0x0420, 0x0420, 0x0420,
  0x0420, 0x0420, 0x0420, 0x0420, 0x0420, 0x0420, 0x0420, 0x0420, 0x0420, 0x0420, 0x0420, 0x0420,
  0x0420, 0x0420, 0x0420, 0x0420, 0x0420, 0x0420, 0x0420, 0x0420, 0x0420, 0x0420, 0x0420, 0x0420,
  0x0420, 0x0420, 0x0420, 0x0420, 0x0420, 0x0420, 0x0420, 0x0420, 0x0420, 0x0420, 0x0420, 0x0420,
  0x0420, 0x0420, 0x0420, 0x0420, 0x0420, 0x0420, 0x0420, 0x0420, 0x0420, 0x0420, 0x0420, 0x0420,
  0x0420, 0x0420, 0x0420, 0x0420, 0x0420, 0x0420, 0x0420, 0x0420, 0x0420, 0x0420, 0x0420, 0x0420,
  0x0420, 0x0420, 0x0420, 0x0420, 0x0420, 0x0420, 0x0420, 0x0420, 0x0420, 0x0420, 0x0420, 0x0420,
  0x0420, 0x0420, 0x0420, 0x0420, 0x0420, 0x0420, 0x0420, 0x0420, 0x0420, 0x0420, 0x0420, 0x0420,
  0x0420, 0x0420, 0x0420, 0x0420, 0x0420, 0x0420, 0x0420, 0x0420, 0x0420, 0x0420, 0x0420, 0x0420,
  0x0420, 0x0420, 0x0420, 0x0420, 0x0420, 0x0420, 0x0420, 0x0420, 0x0420, 0x0420, 0x0420, 0x0420,
  0x0420, 0x0420, 0x0420, 0x0420, 0x0420, 0x0420, 0x0420, 0x0420, 0x0420, 0x0420, 0x0420, 0x0420,
  0x0420, 0x0420, 0x0420, 0x0420, 0x0420, 0x0420, 0x0420, 0x0420, 0x0420, 0x0420, 0x0420, 0x0420,
  0x0420, 0x0420, 0x0420, 0x0420, 0x0420, 0x0420, 0x0420, 0x0420, 0x0420, 0x0420, 0x0420, 0x0420,
  0x0420, 0x0420, 0x0420, 0x0420, 0x0420, 0x0420, 0x0420, 0x0420, 0x0420, 0x0420, 0x0420, 0x0420,
  0x0420, 0x0420, 0x0420, 0x0420, 0x0420, 0x0420, 0x0420, 0x0420, 0x0420, 0x0420, 0x0420, 0x0420,
  0x0420, 0x0420, 0x0420, 0x0420, 0x0420, 0x0420, 0x0420, 0x0420, 0x0420, 0x0420, 0x0420, 0x0420,
  0x0420, 0x0420, 0x0420, 0x0420, 0x0420, 0x0420, 0x0420, 0x0420, 0x0420, 0x0420, 0x0420, 0x0420,
  0x0420, 0x0420, 0x0420, 0x0420, 0x0420, 0x0420, 0x0420, 0x0420, 0x0420, 0x0420, 0x0420, 0x0420,
  0x0420, 0x0420, 0x0420, 0x0420, 0x0420, 0x0420, 0x0420, 0x0420, 0x0420, 0x0420, 0x0420, 0x0420,
  0x0420, 0x0420, 0x0420, 0x0420, 0x0420, 0x0420, 0x0420, 0x0420, 0x0420, 0x0420, 0x0420, 0x0420,
  0x0420, 0x0420, 0x0420, 0x0420, 0x0420, 0x0420, 0x0420, 0x0420, 0x0420, 0x0420, 0x0420, 0x0420,
  0x0420, 0x0420, 0x0420, 0x0420, 0x0420, 0x0420, 0x0420, 0x0420, 0x0420, 0x0420, 0x0420, 0x0420,
  0x0420, 0x0420, 0x0420, 0x0420, 0x0420, 0x0420, 0x0420, 0x0420, 0x0420, 0x0420, 0x0420, 0x0420,
  0x0420, 0x0420, 0x0420, 0x0420, 0x0420, 0x0420, 0x0420, 0x0420, 0x0420, 0x0420, 0x0420, 0x0420,
  0x0420, 0x0420, 0x0420, 0x0420, 0x0420, 0x0420, 0x0420, 0x0420, 0x0420, 0x0420, 0x0420, 0x0420,
  0x0420, 0x0420, 0x0420, 0x0420, 0x0420, 0x0420, 0x0420, 0x0420, 0x0420, 0x0420, 0x0420, 0x0420,
  0x0420, 0x0420, 0x0420, 0x0420, 0x0420, 0x0420, 0x0420, 0x0420, 0x0420, 0x0420, 0x0420, 0x0420,
  0x0420, 0x0420, 0x0420, 0x0420, 0x0420, 0x0420, 0x0420, 0x0420, 0x0420, 0x0420, 0x0420, 0x0420,
  0x0420, 0x0420, 0x0420, 0x0420, 0x0420, 0x0420, 0x0420, 0x0420, 0x0420, 0x0420, 0x0420, 0x0420,
  0x0420, 0x0420, 0x0420, 0x0420, 0x0420, 0x0420, 0x0420, 0x0420, 0x0420, 0x0420, 0x0420, 0x0420,
  0x0420, 0x0420, 0x0420, 0x0420, 0x0420, 0x0420, 0x0420, 0x0420, 0x0420, 0x0420, 0x0420, 0x0420,
  0x0420, 0x0420, 0x0420, 0x0420, 0x0420, 0x0420, 0x0420, 0x0420, 0x0420, 0x0420, 0x0420, 0x0420,
  0x0420, 0x0420, 0x0420, 0x0420, 0x0420, 0x0420, 0x0420, 0x0420, 0x0420, 0x0420, 0x0420, 0x0420,
  0x0420, 0x0420, 0x0420, 0x0420, 0x0420, 0x0420, 0x0420, 0x0420, 0x0420, 0x0420, 0x0420, 0x0420,
  0x0420, 0x0420, 0x0420, 0x0420, 0x0420, 0x0420, 0x0420, 0x0420, 0x0420, 0x0420, 0x0420, 0x0420,
  0x0420, 0x0420, 0x0420, 0x0420, 0x0420, 0x0420, 0x0420, 0x0420, 0x0420, 0x0420, 0x0420, 0x0420,
  0x0420, 0x0420, 0x0420, 0x0420, 0x0420, 0x0420, 0x0420, 0x0420, 0x0420, 0x0420, 0x0420, 0x0420,
  0x0420, 0x0420, 0x0420, 0x0420, 0x0420, 0x0420, 0x0420, 0x0420, 0x0420, 0x0420, 0x0420, 0x0420,
  0x0420, 0x0420, 0x0420, 0x0420, 0x0420, 0x0420, 0x0420, 0x0420, 0x0420, 0x0420, 0x0420, 0x0420,
  0x0420, 0x0420, 0x0420, 0x0420, 0x0420, 0x0420, 0x0420, 0x0420, 0x0420, 0x0420, 0x0420, 0x0420,
  0x0420, 0x0420, 0x0420, 0x0420, 0x0420, 0x0420, 0x0420, 0x0420, 0x0420, 0x0420, 0x0420, 0x0420,
  0x0420, 0x0420, 0x0420, 0x0420, 0x0420, 0x0420, 0x0420, 0x0420, 0x0420, 0x0420, 0x0420, 0x0420,
  0x0420, 0x0420, 0x0420, 0x0420, 0x0420, 0x0420, 0x0420, 0x0420, 0x0420, 0x0420, 0x0420, 0x0420,
  0x0420, 0x0420, 0x0420, 0x0420, 0x0420, 0x0420, 0x0420, 0x0420, 0x0420, 0x0420, 0x0420, 0x0420,
  0x0420, 0x0420, 0x0420, 0x0420, 0x0420, 0x0420, 0x0420, 0x0420, 0x0420, 0x0420, 0x0420, 0x0420,
  0x0420, 0x0420, 0x0420, 0x0420, 0x0420, 0x0420, 0x0420, 0x0420, 0x0420, 0x0420, 0x0420, 0x0420,
  0x0420, 0x0420, 0x0420, 0x0420, 0x0420, 0x0420, 0x0420, 0x0420, 0x0420, 0x0420, 0x0420, 0x0420,
  0x0420, 0x0420, 0x0420, 0x0420, 0x0420, 0x0420, 0x0420, 0x0420, 0x0420, 0x0420, 0x0420, 0x0420,
  0x0420, 0x0420, 0x0420, 0x0420, 0x0420, 0x0420, 0x0420, 0x0420, 0x0420, 0x0420, 0x0420, 0x0420,
  0x0420, 0x0420, 0x0420, 0x0420, 0x0420, 0x0420, 0x0420, 0x0420, 0x0420, 0x0420, 0x0420, 0x0420,
  0x0420, 0x0420, 0x0420, 0x0420, 0x0420, 0x0420, 0x0420, 0x0420, 0x0420, 0x0420, 0x0420, 0x0420,
  0x0420, 0x0420, 0x0420, 0x0420, 0x0420, 0x0420, 0x0420, 0x0420, 0x0420, 0x0420, 0x0420, 0x0420,
  0x0420, 0x0420, 0x0420, 0x0420, 0x0420, 0x0420, 0x0420, 0x0420, 0x0420, 0x0420, 0x0420, 0x0420,
  0x0420, 0x0420, 0x0420, 0x0420, 0x0420, 0x0420, 0x0420, 0x0420, 0x0420, 0x0420, 0x0420, 0x0420,
  0x0420, 0x0420, 0x0420, 0x0420, 0x0420, 0x0420, 0x0420, 0x0420, 0x0420, 0x0420, 0x0420, 0x0420,
  0x0420, 0x0420, 0x0420, 0x0420, 0x0420, 0x0420, 0x0420, 0x0420, 0x0420, 0x0420, 0x0420, 0x0420,
  0x0420, 0x0420, 0x0420, 0x0420, 0x0420, 0x0420, 0x0420, 0x0420, 0x0420, 0x0420, 0x0420, 0x0420,
  0x0420, 0x0420, 0x0420, 0x0420, 0x0420, 0x0420, 0x0420, 0x0420, 0x0420, 0x0420, 0x0420, 0x0420,
  0x0420, 0x0420, 0x0420, 0x0420, 0x0420, 0x0420, 0x0420, 0x0420, 0x0420, 0x0420, 0x0420, 0x0420,
  0x0420, 0x0420, 0x0420, 0x0420, 0x0420, 0x0420, 0x0420, 0x0420, 0x0420, 0x0420, 0x0420, 0x0420,
  0x0420, 0x0420, 0x0420, 0x0420, 0x0420, 0x0420, 0x0420, 0x0420, 0x0420, 0x0420, 0x0420, 0x0420,
  0x0420, 0x0420, 0x0420, 0x0420, 0x0420, 0x0420, 0x0420, 0x0420, 0x0420, 0x0420, 0x0420, 0x0420,
  0x0420, 0x0420, 0x0420, 0x0420, 0x0420, 0x0420, 0x0420, 0x0420, 0x0420, 0x0420, 0x0420, 0x0420,
  0x0420, 0x0420, 0x0420, 0x0420, 0x0420, 0x0420, 0x0420, 0x0420, 0x0420, 0x0420, 0x0420, 0x0420,
  0x0420, 0x0420, 0x0420, 0x0420, 0x0420, 0x0420, 0x0420, 0x0420, 0x0420, 0x0420, 0x0420, 0x0420,
  0x0420, 0x0420, 0x0420, 0x0420, 0x0420, 0x0420, 0x0420, 0x0420, 0x0420, 0x0420, 0x0420, 0x0420,
  0x0420, 0x0420, 0x0420, 0x0420, 0x0420, 0x0420, 0x0420, 0x0420, 0x0420, 0x0420, 0x0420, 0x0420,
  0x0420, 0x0420, 0x0420, 0x0420, 0x0420, 0x0420, 0x0420, 0x0420, 0x0420, 0x0420, 0x0420, 0x0420,
  0x0420, 0x0420, 0x0420, 0x0420, 0x0420, 0x0420, 0x0420, 0x0420, 0x0420, 0x0420, 0x0420, 0x0420,
  0x0420, 0x0420, 0x0420, 0x0420, 0x0420, 0x0420, 0x0420, 0x0420, 0x0420, 0x0420, 0x0420, 0x0420,
  0x0420, 0x0420, 0x0420, 0x0420, 0x0420, 0x0420, 0x0420, 0x0420, 0x0420, 0x0420, 0x0420, 0x0420,
  0x0420, 0x0420, 0x0420, 0x0420, 0x0420, 0x0420, 0x0420, 0x0420, 0x0420, 0x0420, 0x0420, 0x0420,
  0x0420, 0x0420, 0x0420, 0x0420, 0x0420, 0x0420, 0x0420, 0x0420, 0x0420, 0x0420, 0x0420, 0x0420,
  0x0420, 0x0420, 0x0420, 0x0420, 0x0420, 0x0420, 0x0420, 0x0420, 0x0420, 0x0420, 0x0420, 0x0420,
  0x0420, 0x0420, 0x0420, 0x0420, 0x0420, 0x0420, 0x0420, 0x0420, 0x0420, 0x0420, 0x0420, 0x0420,
  0x0420, 0x0420, 0x0420, 0x0420, 0x0420, 0x0420, 0x0420, 0x0420, 0x0420, 0x0420, 0x0420, 0x0420,
  0x0420, 0x0420, 0x0420, 0x0420, 0x0420, 0x0420, 0x0420, 0x0420, 0x0420, 0x0420, 0x0420, 0x0420,
  0x0420, 0x0420, 0x0420, 0x0420, 0x0420, 0x0420, 0x0420, 0x0420, 0x0420, 0x0420, 0x0420, 0x0420,
  0x0420, 0x0420, 0x0420, 0x0420, 0x0420, 0x0420, 0x0420, 0x0420, 0x0420, 0x0420, 0x0420, 0x0420,
  0x0420, 0x0420, 0x0420, 0x0420, 0x0420, 0x0420, 0x0420, 0x0420, 0x0420, 0x0420, 0x0420, 0x0420,
  0x0420, 0x0420, 0x0420, 0x0420, 0x0420, 0x0420, 0x0420, 0x0420, 0x0420, 0x0420, 0x0420, 0x0420,
  0x0420, 0x0420, 0x0420, 0x0420, 0x0420, 0x0420, 0x0420, 0x0420, 0x0420, 0x0420, 0x0420, 0x0420,
  0x0420, 0x0420, 0x0420, 0x0420, 0x0420, 0x0420, 0x0420, 0x0420, 0x0420, 0x0420, 0x0420, 0x0420,
  0x0420, 0x0420, 0x0420, 0x0420, 0x0420, 0x0420, 0x0420, 0x0420, 0x0420, 0x0420, 0x0420, 0x0420,
  0x0420, 0x0420, 0x0420, 0x0420, 0x0420, 0x0420, 0x0420, 0x0420, 0x0420, 0x0420, 0x0420, 0x0420,
  0x0420, 0x0420, 0x0420, 0x0420, 0x0420, 0x0420, 0x0420, 0x0420, 0x0420, 0x0420, 0x0420, 0x0420,
  0x0420, 0x0420, 0x0420, 0x0420, 0x0420, 0x0420, 0x0420, 0x0420, 0x0420, 0x0420, 0x0420, 0x0420,
  0x0420, 0x0420, 0x0420, 0x0420, 0x0420, 0x0420, 0x0420, 0x0420, 0x0420, 0x0420, 0x0420, 0x0420,
  0x0420, 0x0420, 0x0420, 0x0420, 0x0420, 0x0420, 0x0420, 0x0420, 0x0420, 0x0420, 0x0420, 0x0420,
  0x0420, 0x0420, 0x0420, 0x0420, 0x0420, 0x0420, 0x0420, 0x0420, 0x0420, 0x0420, 0x0420, 0x0420,
  0x0420, 0x0420, 0x0420, 0x0420, 0x0420, 0x0420, 0x0420, 0x0420, 0x0420, 0x0420, 0x0420, 0x0420,
  0x0420, 0x0420, 0x0420, 0x0420, 0x0420, 0x0420, 0x0420, 0x0420, 0x0420, 0x0420, 0x0420, 0x0420,
  0x0420, 0x0420, 0x0420, 0x0420, 0x0420, 0x0420, 0x0420, 0x0420, 0x0420, 0x0420, 0x0420, 0x0420,
  0x0420, 0x0420, 0x0420, 0x0420, 0x0420, 0x0420, 0x0420, 0x0420, 0x0420, 0x0420, 0x0420, 0x0420,
  0x0420, 0x0420, 0x0420, 0x0420, 0x0420, 0x0420, 0x0420, 0x0420, 0x0420, 0x0420, 0x0420, 0x0420,
  0x0420, 0x0420, 0x0420, 0x0420, 0x0420, 0x0420, 0x0420, 0x0420, 0x0420, 0x0420, 0x0420, 0x0420,
  0x0420, 0x0420, 0x0420, 0x0420, 0x0420, 0x0420, 0x0420, 0x0420, 0x0420, 0x0420, 0x0420, 0x0420,
  0x0420, 0x0420, 0x0420, 0x0420, 0x0420, 0x0420, 0x0420, 0x0420, 0x0420, 0x0420, 0x0420, 0x0420,
  0x0420, 0x0420, 0x0420, 0x0420, 0x0420, 0x0420, 0x0420, 0x0420, 0x0420, 0x0420, 0x0420, 0x0420,
  0x0420, 0x0420, 0x0420, 0x0420, 0x0420, 0x0420, 0x0420, 0x0420, 0x0420, 0x0420, 0x0420, 0x0420,
  0x0420, 0x0420, 0x0420, 0x0420, 0x0420, 0x0420, 0x0420, 0x0420, 0x0420, 0x0420, 0x0420, 0x0420,
  0x0420, 0x0420, 0x0420, 0x0420, 0x0420, 0x0420, 0x0420, 0x0420, 0x0420, 0x0420, 0x0420, 0x0420,
  0x0420, 0x0420, 0x0420, 0x0420, 0x0420, 0x0420, 0x0420, 0x0420, 0x0420, 0x0420, 0x0420, 0x0420,
  0x0420, 0x0420, 0x0420, 0x0420, 0x0420, 0x0420, 0x0420, 0x0420, 0x0420, 0x0420, 0x0420, 0x0420,
  0x0420, 0x0420, 0x0420, 0x0420, 0x0420, 0x0420, 0x0420, 0x0420, 0x0420, 0x0420, 0x0420, 0x0420,
  0x0420, 0x0420, 0x0420, 0x0420, 0x0420, 0x0420, 0x0420, 0x0420, 0x0420, 0x0420, 0x0420, 0x0420,
  0x0420, 0x0420, 0x0420, 0x0420, 0x0420, 0x0420, 0x0420, 0x0420, 0x0420, 0x0420, 0x0420, 0x0420,
  0x0420, 0x0420, 0x0420, 0x0420, 0x0420, 0x0420, 0x0420, 0x0420, 0x0420, 0x0420, 0x0420, 0x0420,
  0x0420, 0x0420, 0x0420, 0x0420, 0x0420, 0x0420, 0x0420, 0x0420, 0x0420, 0x0420, 0x0420, 0x0420,
  0x0420, 0x0420, 0x0420, 0x0420, 0x0420, 0x0420, 0x0420, 0x0420, 0x0420, 0x0420, 0x0420, 0x0420,
  0x0420, 0x0420, 0x0420, 0x0420, 0x0420, 0x0420, 0x0420, 0x0420, 0x0420, 0x0420, 0x0420, 0x0420,
  0x0420, 0x0420, 0x0420, 0x0420, 0x0420, 0x0420, 0x0420, 0x0420, 0x0420, 0x0420, 0x0420, 0x0420,
  0x0420, 0x0420, 0x0420, 0x0420, 0x0420, 0x0420, 0x0420, 0x0420, 0x0420, 0x0420, 0x0420, 0x0420,
  0x0420, 0x0420, 0x0420, 0x0420, 0x0420, 0x0420, 0x0420, 0x0420, 0x0420, 0x0420, 0x0420, 0x0420,
  0x0420, 0x0420, 0x0420, 0x0420, 0x0420, 0x0420, 0x0420, 0x0420, 0x0420, 0x0420, 0x0420, 0x0420,
  0x0420, 0x0420, 0x0420, 0x0420, 0x0420, 0x0420, 0x0420, 0x0420, 0x0420, 0x0420, 0x0420, 0x0420,
  0x0420, 0x0420, 0x0420, 0x0420, 0x0420, 0x0420, 0x0420, 0x0420, 0x0420, 0x0420, 0x0420, 0x0420,
  0x0420, 0x0420, 0x0420, 0x0420, 0x0420, 0x0420, 0x0420, 0x0420, 0x0420, 0x0420, 0x0420, 0x0420,
  0x0420, 0x0420, 0x0420, 0x0420, 0x0420, 0x0420, 0x0420, 0x0420, 0x0420, 0x0420, 0x0420, 0x0420,
  0x0420, 0x0420, 0x0420, 0x0420, 0x0420, 0x0420, 0x0420, 0x0420, 0x0420, 0x0420, 0x0420, 0x0420,
  0x0420, 0x0420, 0x0420, 0x0420, 0x0420, 0x0420, 0x0420, 0x0420, 0x0420, 0x0420, 0x0420, 0x0420,
  0x0420, 0x0420, 0x0420, 0x0420, 0x0420, 0x0420, 0x0420, 0x0420, 0x0420, 0x0420, 0x0420, 0x0420,
  0x0420, 0x0420, 0x0420, 0x0420, 0x0420, 0x0420, 0x0420, 0x0420, 0x0420, 0x0420, 0x0420, 0x0420,
  0x0420, 0x0420, 0x0420, 0x0420, 0x0420, 0x0420, 0x0420, 0x0420, 0x0420, 0x0420, 0x0420, 0x0420,
  0x0420, 0x0420, 0x0420, 0x0420, 0x0420, 0x0420, 0x0420, 0x0420, 0x0420, 0x0420, 0x0420, 0x0420,
  0x0420, 0x0420, 0x0420, 0x0420, 0x0420, 0x0420, 0x0420, 0x0420, 0x0420, 0x0420, 0x0420, 0x0420,
  0x0420, 0x0420, 0x0420, 0x0420, 0x0420, 0x0420, 0x0420, 0x0420, 0x0420, 0x0420, 0x0420, 0x0420,
  0x0420, 0x0420, 0x0420, 0x0420, 0x0420, 0x0420, 0x0420, 0x0420, 0x0420, 0x0420, 0x0420, 0x0420,
  0x0420, 0x0420, 0x0420, 0x0420, 0x0420, 0x0420, 0x0420, 0x0420, 0x0420, 0x0420, 0x0420, 0x0420,
  0x0420, 0x0420, 0x0420, 0x0420, 0x0420, 0x0420, 0x0420, 0x0420, 0x0420, 0x0420, 0x0420, 0x0420,
  0x0420, 0x0420, 0x0420, 0x0420, 0x0420, 0x0420, 0x0420, 0x0420, 0x0420, 0x0420, 0x0420, 0x0420,
  0x0420, 0x0420, 0x0420, 0x0420, 0x0420, 0x0420, 0x0420, 0x0420, 0x0420, 0x0420, 0x0420, 0x0420,
  0x0420, 0x0420, 0x0420, 0x0420, 0x0420, 0x0420, 0x0420, 0x0420, 0x0420, 0x0420, 0x0420, 0x0420,
  0x0420, 0x0420, 0x0420, 0x0420, 0x0420, 0x0420, 0x0420, 0x0420, 0x0420, 0x0420, 0x0420, 0x0420,
  0x0420, 0x0420, 0x0420, 0x0420, 0x0420, 0x0420, 0x0420, 0x0420, 0x0420, 0x0420, 0x0420, 0x0420,
  0x0420, 0x0420, 0x0420, 0x0420, 0x0420, 0x0420, 0x0420, 0x0420, 0x0420, 0x0420, 0x0420, 0x0420,
  0x0420, 0x0420, 0x0420, 0x0420, 0x0420, 0x0420, 0x0420, 0x0420, 0x0420, 0x0420, 0x0420, 0x0420,
  0x0420, 0x0420, 0x0420, 0x0420, 0x0420, 0x0420, 0x0420, 0x0420, 0x0420, 0x0420, 0x0420, 0x0420,
  0x0420, 0x0420, 0x0420, 0x0420, 0x0420, 0x0420, 0x0420, 0x0420, 0x0420, 0x0420, 0x0420, 0x0420,
  0x0420, 0x0420, 0x0420, 0x0420, 0x0420, 0x0420, 0x0420, 0x0420, 0x0420, 0x0420, 0x0420, 0x0420,
  0x0420, 0x0420, 0x0420, 0x0420, 0x0420, 0x0420, 0x0420, 0x0420, 0x0420, 0x0420, 0x0420, 0x0420,
  0x0420, 0x0420, 0x0420, 0x0420, 0x0420, 0x0420, 0x0420, 0x0420, 0x0420, 0x0420, 0x0420, 0x0420,
  0x0420, 0x0420, 0x0420, 0x0420, 0x0420, 0x0420, 0x0420, 0x0420, 0x0420, 0x0420, 0x0420, 0x0420,
  0x0420, 0x0420, 0x0420, 0x0420, 0x0420, 0x0420, 0x0420, 0x0420, 0x0420, 0x0420, 0x0420, 0x0420,
  0x0420, 0x0420, 0x0420, 0x0420, 0x0420, 0x0420, 0x0420, 0x0420, 0x0420, 0x0420, 0x0420, 0x0420,
  0x0420, 0x0420, 0x0420, 0x0420, 0x0420, 0x0420, 0x0420, 0x0420, 0x0420, 0x0420, 0x0420, 0x0420,
  0x0420, 0x0420, 0x0420, 0x0420, 0x0420, 0x0420, 0x0420, 0x0420, 0x0420, 0x0420, 0x0420, 0x0420,
  0x0420, 0x0420, 0x0420, 0x0420, 0x0420, 0x0420, 0x0420, 0x0420, 0x0420, 0x0420, 0x0420, 0x0420,
  0x0420, 0x0420, 0x0420, 0x0420, 0x0420, 0x0420, 0x0420, 0x0420, 0x0420, 0x0420, 0x0420, 0x0420,
  0x0420, 0x0420, 0x0420, 0x0420, 0x0420, 0x0420, 0x0420, 0x0420, 0x0420, 0x0420, 0x0420, 0x0420,
  0x0420, 0x0420, 0x0420, 0x0420, 0x0420, 0x0420, 0x0420, 0x0420, 0x0420, 0x0420, 0x0420, 0x0420,
  0x0420, 0x0420, 0x0420, 0x0420, 0x0420, 0x0420, 0x0420, 0x0420, 0x0420, 0x0420, 0x0420, 0x0420,
  0x0420, 0x0420, 0x0420, 0x0420, 0x0420, 0x0420, 0x0420, 0x0420, 0x0420, 0x0420, 0x0420, 0x0420,
  0x0420, 0x0420, 0x0420, 0x0420, 0x0420, 0x0420, 0x0420, 0x0420, 0x0420, 0x0420, 0x0420, 0x0420,
  0x0420, 0x0420, 0x0420, 0x0420, 0x0420, 0x0420, 0x0420, 0x0420, 0x0420, 0x0420, 0x0420, 0x0420,
  0x0420, 0x0420, 0x0420, 0x0420, 0x0420, 0x0420, 0x0420, 0x0420, 0x0420, 0x0420, 0x0420, 0x0420,
  0x0420, 0x0420, 0x0420, 0x0420, 0x0420, 0x0420, 0x0420, 0x0420, 0x0420, 0x0420, 0x0420, 0x0420,
  0x0420, 0x0420, 0x0420, 0x0420, 0x0420, 0x0420, 0x0420, 0x0420, 0x0420, 0x0420, 0x0420, 0x0420,
  0x0420, 0x0420, 0x0420, 0x0420, 0x0420, 0x0420, 0x0420, 0x0420, 0x0420, 0x0420, 0x0420, 0x0420,
  0x0420, 0x0420, 0x0420, 0x0420, 0x0420, 0x0420, 0x0420, 0x0420, 0x0420, 0x0420, 0x0420, 0x0420,
  0x0420, 0x0420, 0x0420, 0x0420, 0x0420, 0x0420, 0x0420, 0x0420, 0x0420, 0x0420, 0x0420, 0x0420,
  0x0420, 0x0420, 0x0420, 0x0420, 0x0420, 0x0420, 0x0420, 0x0420, 0x0420, 0x0420, 0x0420, 0x0420,
  0x0420, 0x0420, 0x0420, 0x0420, 0x0420, 0x0420, 0x0420, 0x0420, 0x0420, 0x0420, 0x0420, 0x0420,
  0x0420, 0x0420, 0x0420, 0x0420, 0x0420, 0x0420, 0x0420, 0x0420, 0x0420, 0x0420, 0x0420, 0x0420,
  0x0420, 0x0420, 0x0420, 0x0420, 0x0420, 0x0420, 0x0420, 0x0420, 0x0420, 0x0420, 0x0420, 0x0420,
  0x0420, 0x0420, 0x0420, 0x0420, 0x0420, 0x0420, 0x0420, 0x0420, 0x0420, 0x0420, 0x0420, 0x0420,
  0x0420, 0x0420, 0x0420, 0x0420, 0x0420, 0x0420, 0x0420, 0x0420, 0x0420, 0x0420, 0x0420, 0x0420,
  0x0420, 0x0420, 0x0420, 0x0420, 0x0420, 0x0420, 0x0420, 0x0420, 0x0420, 0x0420, 0x0420, 0x0420,
  0x0420, 0x0420, 0x0420, 0x0420, 0x0420, 0x0420, 0x0420, 0x0420, 0x0420, 0x0420, 0x0420, 0x0420,
  0x0420, 0x0420, 0x0420, 0x0420, 0x0420, 0x0420, 0x0420, 0x0420, 0x0420, 0x0420, 0x0420, 0x0420,
  0x0420, 0x0420, 0x0420, 0x0420, 0x0420, 0x0420, 0x0420, 0x0420, 0x0420, 0x0420, 0x0420, 0x0420,
  0x0420, 0x0420, 0x0420, 0x0420, 0x0420, 0x0420, 0x0420, 0x0420, 0x0420, 0x0420, 0x0420, 0x0420,
  0x0420, 0x0420, 0x0420, 0x0420, 0x0420, 0x0420, 0x0420, 0x0420, 0x0420, 0x0420, 0x0420, 0x0420,
  0x0420, 0x0420, 0x0420, 0x0420, 0x0420, 0x0420, 0x0420, 0x0420, 0x0420, 0x0420, 0x0420, 0x0420,
  0x0420, 0x0420, 0x0420, 0x0420, 0x0420, 0x0420, 0x0420, 0x0420, 0x0420, 0x0420, 0x0420, 0x0420,
  0x0420, 0x0420, 0x0420, 0x0420, 0x0420, 0x0420, 0x0420, 0x0420, 0x0420, 0x0420, 0x0420, 0x0420,
  0x0420, 0x0420, 0x0420, 0x0420, 0x0420, 0x0420, 0x0420, 0x0420, 0x0420, 0x0420, 0x0420, 0x0420,
  0x0420, 0x0420, 0x0420, 0x0420, 0x0420, 0x0420, 0x0420, 0x0420, 0x0420, 0x0420, 0x0420, 0x0420,
  0x0420, 0x0420, 0x0420, 0x0420, 0x0420, 0x0420, 0x0420, 0x0420, 0x0420, 0x0420, 0x0420, 0x0420,
  0x0420, 0x0420, 0x0420, 0x0420, 0x0420, 0x0420, 0x0420, 0x0420, 0x0420, 0x0420, 0x0420, 0x0420,
  0x0420, 0x0420, 0x0420, 0x0420, 0x0420, 0x0420, 0x0420, 0x0420, 0x0420, 0x0420, 0x0420, 0x0420,
  0x0420, 0x0420, 0x0420, 0x0420, 0x0420, 0x0420, 0x0420, 0x0420, 0x0420, 0x0420, 0x0420, 0x0420,
  0x0420, 0x0420, 0x0420, 0x0420, 0x0420, 0x0420, 0x0420, 0x0420, 0x0420, 0x0420, 0x0420, 0x0420,
  0x0420, 0x0420, 0x0420, 0x0420, 0x0420, 0x0420, 0x0420, 0x0420, 0x0420, 0x0420, 0x0420, 0x0420,
  0x0420, 0x0420, 0x0420, 0x0420, 0x0420, 0x0420, 0x0420, 0x0420, 0x0420, 0x0420, 0x0420, 0x0420,
  0x0420, 0x0420, 0x0420, 0x0420, 0x0420, 0x0420, 0x0420, 0x0420, 0x0420, 0x0420, 0x0420, 0x0420,
  0x0420, 0x0420, 0x0420, 0x0420, 0x0420, 0x0420, 0x0420, 0x0420, 0x0420, 0x0420, 0x0420, 0x0420,
  0x0420, 0x0420, 0x0420, 0x0420, 0x0420, 0x0420, 0x0420, 0x0420, 0x0420, 0x0420, 0x0420, 0x0420,
  0x0420, 0x0420, 0x0420, 0x0420, 0x0420, 0x0420, 0x0420, 0x0420, 0x0420, 0x0420, 0x0420, 0x0420,
  0x0420, 0x0420, 0x0420, 0x0420, 0x0420, 0x0420, 0x0420, 0x0420, 0x0420, 0x0420, 0x0420, 0x0420,
  0x0420, 0x0420, 0x0420, 0x0420, 0x0420, 0x0420, 0x0420, 0x0420, 0x0420, 0x0420, 0x0420, 0x0420,
  0x0420, 0x0420, 0x0420, 0x0420, 0x0420, 0x0420, 0x0420, 0x0420, 0x0420, 0x0420, 0x0420, 0x0420,
  0x0420, 0x0420, 0x0420, 0x0420, 0x0420, 0x0420, 0x0420, 0x0420, 0x0420, 0x0420, 0x0420, 0x0420,
  0x0420, 0x0420, 0x0420, 0x0420, 0x0420, 0x0420, 0x0420, 0x0420, 0x0420, 0x0420, 0x0420, 0x0420,
  0x0420, 0x0420, 0x0420, 0x0420, 0x0420, 0x0420, 0x0420, 0x0420, 0x0420, 0x0420, 0x0420, 0x0420,
  0x0420, 0x0420, 0x0420, 0x0420, 0x0420, 0x0420, 0x0420, 0x0420, 0x0420, 0x0420, 0x0420, 0x0420,
  0x0420, 0x0420, 0x0420, 0x0420, 0x0420, 0x0420, 0x0420, 0x0420, 0x0420, 0x0420, 0x0420, 0x0420,
  0x0420, 0x0420, 0x0420, 0x0420, 0x0420, 0x0420, 0x0420, 0x0420, 0x0420, 0x0420, 0x0420, 0x0420,
  0x0420, 0x0420, 0x0420, 0x0420, 0x0420, 0x0420, 0x0420, 0x0420, 0x0420, 0x0420, 0x0420, 0x0420,
  0x0420, 0x0420, 0x0420, 0x0420, 0x0420, 0x0420, 0x0420, 0x0420, 0x0420, 0x0420, 0x0420, 0x0420,
  0x0420, 0x0420, 0x0420, 0x0420, 0x0420, 0x0420, 0x0420, 0x0420, 0x0420, 0x0420, 0x0420, 0x0420,
  0x0420, 0x0420, 0x0420, 0x0420, 0x0420, 0x0420, 0x0420, 0x0420, 0x0420, 0x0420, 0x0420, 0x0420,
  0x0420, 0x0420, 0x0420, 0x0420, 0x0420, 0x0420, 0x0420, 0x0420, 0x0420, 0x0420, 0x0420, 0x0420,
  0x0420, 0x0420, 0x0420, 0x0420, 0x0420, 0x0420, 0x0420, 0x0420, 0x0420, 0x0420, 0x0420, 0x0420,
  0x0420, 0x0420, 0x0420, 0x0420, 0x0420, 0x0420, 0x0420, 0x0420, 0x0420, 0x0420, 0x0420, 0x0420,
  0x0420, 0x0420, 0x0420, 0x0420, 0x0420, 0x0420, 0x0420, 0x0420, 0x0420, 0x0420, 0x0420, 0x0420,
  0x0420, 0x0420, 0x0420, 0x0420, 0x0420, 0x0420, 0x0420, 0x0420, 0x0420, 0x0420, 0x0420, 0x0420,
  0x0420, 0x0420, 0x0420, 0x0420, 0x0420, 0x0420, 0x0420, 0x0420, 0x0420, 0x0420, 0x0420, 0x0420,
  0x0420, 0x0420, 0x0420, 0x0420, 0x0420, 0x0420, 0x0420, 0x0420, 0x0420, 0x0420, 0x0420, 0x0420,
  0x0420, 0x0420, 0x0420, 0x0420, 0x0420, 0x0420, 0x0420, 0x0420, 0x0420, 0x0420, 0x0420, 0x0420,
  0x0420, 0x0420, 0x0420, 0x0420, 0x0420, 0x0420, 0x0420, 0x0420, 0x0420, 0x0420, 0x0420, 0x0420,
  0x0420, 0x0420, 0x0420, 0x0420, 0x0420, 0x0420, 0x0420, 0x0420, 0x0420, 0x0420, 0x0420, 0x0420,
  0x0420, 0x0420, 0x0420, 0x0420, 0x0420, 0x0420, 0x0420, 0x0420, 0x0420, 0x0420, 0x0420, 0x0420,
  0x0420, 0x0420, 0x0420, 0x0420, 0x0420, 0x0420, 0x0420, 0x0420, 0x0420, 0x0420, 0x0420, 0x0420,
  0x0420, 0x0420, 0x0420, 0x0420, 0x0420, 0x0420, 0x0420, 0x0420, 0x0420, 0x0420, 0x0420, 0x0420,
  0x0420, 0x0420, 0x0420, 0x0420, 0x0420, 0x0420, 0x0420, 0x0420, 0x0420, 0x0420, 0x0420, 0x0420,
  0x0420, 0x0420, 0x0420, 0x0420, 0x0420, 0x0420, 0x0420, 0x0420, 0x0420, 0x0420, 0x0420, 0x0420,
  0x0420, 0x0420, 0x0420, 0x0420, 0x0420, 0x0420, 0x0420, 0x0420, 0x0420, 0x0420, 0x0420, 0x0420,
  0x0420, 0x0420, 0x0420, 0x0420, 0x0420, 0x0420, 0x0420, 0x0420, 0x0420, 0x0420, 0x0420, 0x0420,
  0x0420, 0x0420, 0x0420, 0x0420, 0x0420, 0x0420, 0x0420, 0x0420, 0x0420, 0x0420, 0x0420, 0x0420,
  0x0420, 0x0420, 0x0420, 0x0420, 0x0420, 0x0420, 0x0420, 0x0420, 0x0420, 0x0420, 0x0420, 0x0420,
  0x0420, 0x0420, 0x0420, 0x0420, 0x0420, 0x0420, 0x0420, 0x0420, 0x0420, 0x0420, 0x0420, 0x0420,
  0x0420, 0x0420, 0x0420, 0x0420, 0x0420, 0x0420, 0x0420, 0x0420, 0x0420, 0x0420, 0x0420, 0x0420,
  0x0420, 0x0420, 0x0420, 0x0420, 0x0420, 0x0420, 0x0420, 0x0420, 0x0420, 0x0420, 0x0420, 0x0420,
  0x0420, 0x0420, 0x0420, 0x0420, 0x0420, 0x0420, 0x0420, 0x0420, 0x0420, 0x0420, 0x0420, 0x0420,
  0x0420, 0x0420, 0x0420, 0x0420, 0x0420, 0x0420, 0x0420, 0x0420, 0x0420, 0x0420, 0x0420, 0x0420,
  0x0420, 0x0420, 0x0420, 0x0420, 0x0420, 0x0420, 0x0420, 0x0420, 0x0420, 0x0420, 0x0420, 0x0420,
  0x0420, 0x0420, 0x0420, 0x0420, 0x0420, 0x0420, 0x0420, 0x0420, 0x0420, 0x0420, 0x0420, 0x0420,
  0x0420, 0x0420, 0x0420, 0x0420, 0x0420, 0x0420, 0x0420, 0x0420, 0x0420, 0x0420, 0x0420, 0x0420,
  0x0420, 0x0420, 0x0420, 0x0420, 0x0420, 0x0420, 0x0420, 0x0420, 0x0420, 0x0420, 0x0420, 0x0420,
  0x0420, 0x0420, 0x0420, 0x0420, 0x0420, 0x0420, 0x0420, 0x0420, 0x0420, 0x0420, 0x0420, 0x0420,
  0x0420, 0x0420, 0x0420, 0x0420, 0x0420, 0x0420, 0x0420, 0x0420, 0x0420, 0x0420, 0x0420, 0x0420,
  0x0420, 0x0420, 0x0420, 0x0420, 0x0420, 0x0420, 0x0420, 0x0420, 0x0420, 0x0420, 0x0420, 0x0420,
  0x0420, 0x0420, 0x0420, 0x0420, 0x0420, 0x0420, 0x0420, 0x0420, 0x0420, 0x0420, 0x0420, 0x0420,
  0x0420, 0x0420, 0x0420, 0x0420, 0x0420, 0x0420, 0x0420, 0x0420, 0x0420, 0x0420, 0x0420, 0x0420,
  0x0420, 0x0420, 0x0420, 0x0420, 0x0420, 0x0420, 0x0420, 0x0420, 0x0420, 0x0420, 0x0420, 0x0420,
  0x0420, 0x0420, 0x0420, 0x0420, 0x0420, 0x0420, 0x0420, 0x0420, 0x0420, 0x0420, 0x0420, 0x0420,
  0x0420, 0x0420, 0x0420, 0x0420, 0x0420, 0x0420, 0x0420, 0x0420, 0x0420, 0x0420, 0x0420, 0x0420,
  0x0420, 0x0420, 0x0420, 0x0420, 0x0420, 0x0420, 0x0420, 0x0420, 0x0420, 0x0420, 0x0420, 0x0420,
  0x0420, 0x0420, 0x0420, 0x0420, 0x0420, 0x0420, 0x0420, 0x0420, 0x0420, 0x0420, 0x0420, 0x0420,
  0x0420, 0x0420, 0x0420, 0x0420, 0x0420, 0x0420, 0x0420, 0x0420, 0x0420, 0x0420, 0x0420, 0x0420,
  0x0420, 0x0420, 0x0420, 0x0420, 0x0420, 0x0420, 0x0420, 0x0420, 0x0420, 0x0420, 0x0420, 0x0420,
  0x0420, 0x0420, 0x0420, 0x0420, 0x0420, 0x0420, 0x0420, 0x0420, 0x0420, 0x0420, 0x0420, 0x0420,
  0x0420, 0x0420, 0x0420, 0x0420, 0x0420, 0x0420, 0x0420, 0x0420, 0x0420, 0x0420, 0x0420, 0x0420,
  0x0420, 0x0420, 0x0420, 0x0420, 0x0420, 0x0420, 0x0420, 0x0420, 0x0420, 0x0420, 0x0420, 0x0420,
  0x0420, 0x0420, 0x0420, 0x0420, 0x0420, 0x0420, 0x0420, 0x0420, 0x0420, 0x0420, 0x0420, 0x0420,
  0x0420, 0x0420, 0x0420, 0x0420, 0x0420, 0x0420, 0x0420, 0x0420, 0x0420, 0x0420, 0x0420, 0x0420,
  0x0420, 0x0420, 0x0420, 0x0420, 0x0420, 0x0420, 0x0420, 0x0420, 0x0420, 0x0420, 0x0420, 0x0420,
  0x0420, 0x0420, 0x0420, 0x0420, 0x0420, 0x0420, 0x0420, 0x0420, 0x0420, 0x0420, 0x0420, 0x0420,
  0x0420, 0x0420, 0x0420, 0x0420, 0x0420, 0x0420, 0x0420, 0x0420, 0x0420, 0x0420, 0x0420, 0x0420,
  0x0420, 0x0420, 0x0420, 0x0420, 0x0420, 0x0420, 0x0420, 0x0420, 0x0420, 0x0420, 0x0420, 0x0420,
  0x0420, 0x0420, 0x0420, 0x0420, 0x0420, 0x0420, 0x0420, 0x0420, 0x0420, 0x0420, 0x0420, 0x0420,
  0x0420, 0x0420, 0x0420, 0x0420, 0x0420, 0x0420, 0x0420, 0x0420, 0x0420, 0x0420, 0x0420, 0x0420,
  0x0420, 0x0420, 0x0420, 0x0420, 0x0420, 0x0420, 0x0420, 0x0420, 0x0420, 0x0420, 0x0420, 0x0420,
  0x0420, 0x0420, 0x0420, 0x0420, 0x0420, 0x0420, 0x0420, 0x0420, 0x0420, 0x0420, 0x0420, 0x0420,
  0x0420, 0x0420, 0x0420, 0x0420, 0x0420, 0x0420, 0x0420, 0x0420, 0x0420, 0x0420, 0x0420, 0x0420,
  0x0420, 0x0420, 0x0420, 0x0420, 0x0420, 0x0420, 0x0420, 0x0420, 0x0420, 0x0420, 0x0420, 0x0420,
  0x0420, 0x0420, 0x0420, 0x0420, 0x0420, 0x0420, 0x0420, 0x0420, 0x0420, 0x0420, 0x0420, 0x0420,
  0x0420, 0x0420, 0x0420, 0x0420, 0x0420, 0x0420, 0x0420, 0x0420, 0x0420, 0x0420, 0x0420, 0x0420,
  0x0420, 0x0420, 0x0420, 0x0420, 0x0420, 0x0420, 0x0420, 0x0420, 0x0420, 0x0420, 0x0420, 0x0420,
  0x0420, 0x0420, 0x0420, 0x0420, 0x0420, 0x0420, 0x0420, 0x0420, 0x0420, 0x0420, 0x0420, 0x0420,
  0x0420, 0x0420, 0x0420, 0x0420, 0x0420, 0x0420, 0x0420, 0x0420, 0x0420, 0x0420, 0x0420, 0x0420,
  0x0420, 0x0420, 0x0420, 0x0420, 0x0420, 0x0420, 0x0420, 0x0420, 0x0420, 0x0420, 0x0420, 0x0420,
  0x0420, 0x0420, 0x0420, 0x0420, 0x0420, 0x0420, 0x0420, 0x0420, 0x0420, 0x0420, 0x0420, 0x0420,
  0x0420, 0x0420, 0x0420, 0x0420, 0x0420, 0x0420, 0x0420, 0x0420, 0x0420, 0x0420, 0x0420, 0x0420,
  0x0420, 0x0420, 0x0420, 0x0420, 0x0420, 0x0420, 0x0420, 0x0420, 0x0420, 0x0420, 0x0420, 0x0420,
  0x0420, 0x0420, 0x0420, 0x0420, 0x0420, 0x0420, 0x0420, 0x0420, 0x0420, 0x0420, 0x0420, 0x0420,
  0x0420, 0x0420, 0x0420, 0x0420, 0x0420, 0x0420, 0x0420, 0x0420, 0x0420, 0x0420, 0x0420, 0x0420,
  0x0420, 0x0420, 0x0420, 0x0420, 0x0420, 0x0420, 0x0420, 0x0420, 0x0420, 0x0420, 0x0420, 0x0420,
  0x0420, 0x0420, 0x0420, 0x0420, 0x0420, 0x0420, 0x0420, 0x0420, 0x0420, 0x0420, 0x0420, 0x0420,
  0x0420, 0x0420, 0x0420, 0x0420, 0x0420, 0x0420, 0x0420, 0x0420, 0x0420, 0x0420, 0x0420, 0x0420,
  0x0420, 0x0420, 0x0420, 0x0420, 0x0420, 0x0420, 0x0420, 0x0420, 0x0420, 0x0420, 0x0420, 0x0420,
  0x0420, 0x0420, 0x0420, 0x0420, 0x0420, 0x0420, 0x0420, 0x0420, 0x0420, 0x0420, 0x0420, 0x0420,
  0x0420, 0x0420, 0x0420, 0x0420, 0x0420, 0x0420, 0x0420, 0x0420, 0x0420, 0x0420, 0x0420, 0x0420,
  0x0420, 0x0420, 0x0420, 0x0420, 0x0420, 0x0420, 0x0420, 0x0420, 0x0420, 0x0420, 0x0420, 0x0420,
  0x0420, 0x0420, 0x0420, 0x0420, 0x0420, 0x0420, 0x0420, 0x0420, 0x0420, 0x0420, 0x0420, 0x0420,
  0x0420, 0x0420, 0x0420, 0x0420, 0x0420, 0x0420, 0x0420, 0x0420, 0x0420, 0x0420, 0x0420, 0x0420,
  0x0420, 0x0420, 0x0420, 0x0420, 0x0420, 0x0420, 0x0420, 0x0420, 0x0420, 0x0420, 0x0420, 0x0420,
  0x0420, 0x0420, 0x0420, 0x0420, 0x0420, 0x0420, 0x0420, 0x0420, 0x0420, 0x0420, 0x0420, 0x0420,
  0x0420, 0x0420, 0x0420, 0x0420, 0x0420, 0x0420, 0x0420, 0x0420, 0x0420, 0x0420, 0x0420, 0x0420,
  0x0420, 0x0420, 0x0420, 0x0420, 0x0420, 0x0420, 0x0420, 0x0420, 0x0420, 0x0420, 0x0420, 0x0420,
  0x0420, 0x0420, 0x0420, 0x0420, 0x0420, 0x0420, 0x0420, 0x0420, 0x0420, 0x0420, 0x0420, 0x0420,
  0x0420, 0x0420, 0x0420, 0x0420, 0x0420, 0x0420, 0x0420, 0x0420, 0x0420, 0x0420, 0x0420, 0x0420,
  0x0420, 0x0420, 0x0420, 0x0420, 0x0420, 0x0420, 0x0420, 0x0420, 0x0420, 0x0420, 0x0420, 0x0420,
  0x0420, 0x0420, 0x0420, 0x0420, 0x0420, 0x0420, 0x0420, 0x0420, 0x0420, 0x0420, 0x0420, 0x0420,
  0x0420, 0x0420, 0x0420, 0x0420, 0x0420, 0x0420, 0x0420, 0x0420, 0x0420, 0x0420, 0x0420, 0x0420,
  0x0420, 0x0420, 0x0420, 0x0420, 0x0420, 0x0420, 0x0420, 0x0420, 0x0420, 0x0420, 0x0420, 0x0420,
  0x0420, 0x0420, 0x0420, 0x0420, 0x0420, 0x0420, 0x0420, 0x0420, 0x0420, 0x0420, 0x0420, 0x0420,
  0x0420, 0x0420, 0x0420, 0x0420, 0x0420, 0x0420, 0x0420, 0x0420, 0x0420, 0x0420, 0x0420, 0x0420,
  0x0420, 0x0420, 0x0420, 0x0420, 0x0420, 0x0420, 0x0420, 0x0420, 0x0420, 0x0420, 0x0420, 0x0420,
  0x0420, 0x0420, 0x0420, 0x0420, 0x0420, 0x0420, 0x0420, 0x0420, 0x0420, 0x0420, 0x0420, 0x0420,
  0x0420, 0x0420, 0x0420, 0x0420, 0x0420, 0x0420, 0x0420, 0x0420, 0x0420, 0x0420, 0x0420, 0x0420,
  0x0420, 0x0420, 0x0420, 0x0420, 0x0420, 0x0420, 0x0420, 0x0420, 0x0420, 0x0420, 0x0420, 0x0420,
  0x0420, 0x0420, 0x0420, 0x0420, 0x0420, 0x0420, 0x0420, 0x0420, 0x0420, 0x0420, 0x0420, 0x0420,
  0x0420, 0x0420, 0x0420, 0x0420, 0x0420, 0x0420, 0x0420, 0x0420, 0x0420, 0x0420, 0x0420, 0x0420,
  0x0420, 0x0420, 0x0420, 0x0420, 0x0420, 0x0420, 0x0420, 0x0420, 0x0420, 0x0420, 0x0420, 0x0420,
  0x0420, 0x0420, 0x0420, 0x0420, 0x0420, 0x0420, 0x0420, 0x0420, 0x0420, 0x0420, 0x0420, 0x0420,
  0x0420, 0x0420, 0x0420, 0x0420, 0x0420, 0x0420, 0x0420, 0x0420, 0x0420, 0x0420, 0x0420, 0x0420,
  0x0420, 0x0420, 0x0420, 0x0420, 0x0420, 0x0420, 0x0420, 0x0420, 0x0420, 0x0420, 0x0420, 0x0420,
  0x0420, 0x0420, 0x0420, 0x0420, 0x0420, 0x0420, 0x0420, 0x0420, 0x0420, 0x0420, 0x0420, 0x0420,
  0x0420, 0x0420, 0x0420, 0x0420, 0x0420, 0x0420, 0x0420, 0x0420, 0x0420, 0x0420, 0x0420, 0x0420,
  0x0420, 0x0420, 0x0420, 0x0420, 0x0420, 0x0420, 0x0420, 0x0420, 0x0420, 0x0420, 0x0420, 0x0420,
  0x0420, 0x0420, 0x0420, 0x0420, 0x0420, 0x0420, 0x0420, 0x0420, 0x0420, 0x0420, 0x0420, 0x0420,
  0x0420, 0x0420, 0x0420, 0x0420, 0x0420, 0x0420, 0x0420, 0x0420, 0x0420, 0x0420, 0x0420, 0x0420,
  0x0420, 0x0420, 0x0420, 0x0420, 0x0420, 0x0420, 0x0420, 0x0420, 0x0420, 0x0420, 0x0420, 0x0420,
  0x0420, 0x0420, 0x0420, 0x0420, 0x0420, 0x0420, 0x0420, 0x0420, 0x0420, 0x0420, 0x0420, 0x0420,
  0x0420, 0x0420, 0x0420, 0x0420, 0x0420, 0x0420, 0x0420, 0x0420, 0x0420, 0x0420, 0x0420, 0x0420,
  0x0420, 0x0420, 0x0420, 0x0420, 0x0420, 0x0420, 0x0420, 0x0420, 0x0420, 0x0420, 0x0420, 0x0420,
  0x0420, 0x0420, 0x0420, 0x0420, 0x0420, 0x0420, 0x0420, 0x0420, 0x0420, 0x0420, 0x0420, 0x0420,
  0x0420, 0x0420, 0x0420, 0x0420, 0x0420, 0x0420, 0x0420, 0x0420, 0x0420, 0x0420, 0x0420, 0x0420,
  0x0420, 0x0420, 0x0420, 0x0420, 0x0420, 0x0420, 0x0420, 0x0420, 0x0420, 0x0420, 0x0420, 0x0420,
  0x0420, 0x0420, 0x0420, 0x0420, 0x0420, 0x0420, 0x0420, 0x0420, 0x0420, 0x0420, 0x0420, 0x0420,
  0x0420, 0x0420, 0x0420, 0x0420, 0x0420, 0x0420, 0x0420, 0x0420, 0x0420, 0x0420, 0x0420, 0x0420,
  0x0420, 0x0420, 0x0420, 0x0420, 0x0420, 0x0420, 0x0420, 0x0420, 0x0420, 0x0420, 0x0420, 0x0420,
  0x0420, 0x0420, 0x0420, 0x0420, 0x0420, 0x0420, 0x0420, 0x0420, 0x0420, 0x0420, 0x0420, 0x0420,
  0x0420, 0x0420, 0x0420, 0x0420, 0x0420, 0x0420, 0x0420, 0x0420, 0x0420, 0x0420, 0x0420, 0x0420,
  0x0420, 0x0420, 0x0420, 0x0420, 0x0420, 0x0420, 0x0420, 0x0420, 0x0420, 0x0420, 0x0420, 0x0420,
  0x0420, 0x0420, 0x0420, 0x0420, 0x0420, 0x0420, 0x0420, 0x0420, 0x0420, 0x0420, 0x0420, 0x0420,
  0x0420, 0x0420, 0x0420, 0x0420, 0x0420, 0x0420, 0x0420, 0x0420, 0x0420, 0x0420, 0x0420, 0x0420,
  0x0420, 0x0420, 0x0420, 0x0420, 0x0420, 0x0420, 0x0420, 0x0420, 0x0420, 0x0420, 0x0420, 0x0420,
  0x0420, 0x0420, 0x0420, 0x0420, 0x0420, 0x0420, 0x0420, 0x0420, 0x0420, 0x0420, 0x0420, 0x0420,
  0x0420, 0x0420, 0x0420, 0x0420, 0x0420, 0x0420, 0x0420, 0x0420, 0x0420, 0x0420, 0x0420, 0x0420,
  0x0420, 0x0420, 0x0420, 0x0420, 0x0420, 0x0420, 0x0420, 0x0420, 0x0420, 0x0420, 0x0420, 0x0420,
  0x0420, 0x0420, 0x0420, 0x0420, 0x0420, 0x0420, 0x0420, 0x0420, 0x0420, 0x0420, 0x0420, 0x0420,
  0x0420, 0x0420, 0x0420, 0x0420, 0x0420, 0x0420, 0x0420, 0x0420, 0x0420, 0x0420, 0x0420, 0x0420,
  0x0420, 0x0420, 0x0420, 0x0420, 0x0420, 0x0420, 0x0420, 0x0420, 0x0420, 0x0420, 0x0420, 0x0420,
  0x0420, 0x0420, 0x0420, 0x0420, 0x0420, 0x0420, 0x0420, 0x0420, 0x0420, 0x0420, 0x0420, 0x0420,
  0x0420, 0x0420, 0x0420, 0x0420, 0x0420, 0x0420, 0x0420, 0x0420, 0x0420, 0x0420, 0x0420, 0x0420,
  0x0420, 0x0420, 0x0420, 0x0420, 0x0420, 0x0420, 0x0420, 0x0420, 0x0420, 0x0420, 0x0420, 0x0420,
  0x0420, 0x0420, 0x0420, 0x0420, 0x0420, 0x0420, 0x0420, 0x0420, 0x0420, 0x0420, 0x0420, 0x0420,
  0x0420, 0x0420, 0x0420, 0x0420, 0x0420, 0x0420, 0x0420, 0x0420, 0x0420, 0x0420, 0x0420, 0x0420,
  0x0420, 0x0420, 0x0420, 0x0420, 0x0420, 0x0420, 0x0420, 0x0420, 0x0420, 0x0420, 0x0420, 0x0420,
  0x0420, 0x0420, 0x0420, 0x0420, 0x0420, 0x0420, 0x0420, 0x0420, 0x0420, 0x0420, 0x0420, 0x0420,
  0x0420, 0x0420, 0x0420, 0x0420, 0x0420, 0x0420, 0x0420, 0x0420, 0x0420, 0x0420, 0x0420, 0x0420,
  0x0420, 0x0420, 0x0420, 0x0420, 0x0420, 0x0420, 0x0420, 0x0420, 0x0420, 0x0420, 0x0420, 0x0420,
  0x0420, 0x0420, 0x0420, 0x0420, 0x0420, 0x0420, 0x0420, 0x0420, 0x0420, 0x0420, 0x0420, 0x0420,
  0x0420, 0x0420, 0x0420, 0x0420, 0x0420, 0x0420, 0x0420, 0x0420, 0x0420, 0x0420, 0x0420, 0x0420,
  0x0420, 0x0420, 0x0420, 0x0420, 0x0420, 0x0420, 0x0420, 0x0420, 0x0420, 0x0420, 0x0420, 0x0420,
  0x0420, 0x0420, 0x0420, 0x0420, 0x0420, 0x0420, 0x0420, 0x0420, 0x0420, 0x0420, 0x0420, 0x0420,
  0x0420, 0x0420, 0x0420, 0x0420, 0x0420, 0x0420, 0x0420, 0x0420, 0x0420, 0x0420, 0x0420, 0x0420,
  0x0420, 0x0420, 0x0420, 0x0420, 0x0420, 0x0420, 0x0420, 0x0420, 0x0420, 0x0420, 0x0420, 0x0420,
  0x0420, 0x0420, 0x0420, 0x0420, 0x0420, 0x0420, 0x0420, 0x0420, 0x0420, 0x0420, 0x0420, 0x0420,
  0x0420, 0x0420, 0x0420, 0x0420, 0x0420, 0x0420, 0x0420, 0x0420, 0x0420, 0x0420, 0x0420, 0x0420,
  0x0420, 0x0420, 0x0420, 0x0420, 0x0420, 0x0420, 0x0420, 0x0420, 0x0420, 0x0420, 0x0420, 0x0420,
  0x0420, 0x0420, 0x0420, 0x0420, 0x0420, 0x0420, 0x0420, 0x0420, 0x0420, 0x0420, 0x0420, 0x0420,
  0x0420, 0x0420, 0x0420, 0x0420, 0x0420, 0x0420, 0x0420, 0x0420, 0x0420, 0x0420, 0x0420, 0x0420,
  0x0420, 0x0420, 0x0420, 0x0420, 0x0420, 0x0420, 0x0420, 0x0420, 0x0420, 0x0420, 0x0420, 0x0420,
  0x0420, 0x0420, 0x0420, 0x0420, 0x0420, 0x0420, 0x0420, 0x0420, 0x0420, 0x0420, 0x0420, 0x0420,
  0x0420, 0x0420, 0x0420, 0x0420, 0x0420, 0x0420, 0x0420, 0x0420, 0x0420, 0x0420, 0x0420, 0x0420,
  0x0420, 0x0420, 0x0420, 0x0420, 0x0420, 0x0420, 0x0420, 0x0420, 0x0420, 0x0420, 0x0420, 0x0420,
  0x0420, 0x0420, 0x0420, 0x0420, 0x0420, 0x0420, 0x0420, 0x0420, 0x0420, 0x0420, 0x0420, 0x0420,
  0x0420, 0x0420, 0x0420, 0x0420, 0x0420, 0x0420, 0x0420, 0x0420, 0x0420, 0x0420, 0x0420, 0x0420,
  0x0420, 0x0420, 0x0420, 0x0420, 0x0420, 0x0420, 0x0420, 0x0420, 0x0420, 0x0420, 0x0420, 0x0420,
  0x0420, 0x0420, 0x0420, 0x0420, 0x0420, 0x0420, 0x0420, 0x0420, 0x0420, 0x0420, 0x0420, 0x0420,
  0x0420, 0x0420, 0x0420, 0x0420, 0x0420, 0x0420, 0x0420, 0x0420, 0x0420, 0x0420, 0x0420, 0x0420,
  0x0420, 0x0420, 0x0420, 0x0420, 0x0420, 0x0420, 0x0420, 0x0420, 0x0420, 0x0420, 0x0420, 0x0420,
  0x0420, 0x0420, 0x0420, 0x0420, 0x0420, 0x0420, 0x0420, 0x0420, 0x0420, 0x0420, 0x0420, 0x0420,
  0x0420, 0x0420, 0x0420, 0x0420, 0x0420, 0x0420, 0x0420, 0x0420, 0x0420, 0x0420, 0x0420, 0x0420,
  0x0420, 0x0420, 0x0420, 0x0420, 0x0420, 0x0420, 0x0420, 0x0420, 0x0420, 0x0420, 0x0420, 0x0420,
  0x0420, 0x0420, 0x0420, 0x0420, 0x0420, 0x0420, 0x0420, 0x0420, 0x0420, 0x0420, 0x0420, 0x0420,
  0x0420, 0x0420, 0x0420, 0x0420, 0x0420, 0x0420, 0x0420, 0x0420, 0x0420, 0x0420, 0x0420, 0x0420,
  0x0420, 0x0420, 0x0420, 0x0420, 0x0420, 0x0420, 0x0420, 0x0420, 0x0420, 0x0420, 0x0420, 0x0420,
  0x0420, 0x0420, 0x0420, 0x0420, 0x0420, 0x0420, 0x0420, 0x0420, 0x0420, 0x0420, 0x0420, 0x0420,
  0x0420, 0x0420, 0x0420, 0x0420, 0x0420, 0x0420, 0x0420, 0x0420, 0x0420, 0x0420, 0x0420, 0x0420,
  0x0420, 0x0420, 0x0420, 0x0420, 0x0420, 0x0420, 0x0420, 0x0420, 0x0420, 0x0420, 0x0420, 0x0420,
  0x0420, 0x0420, 0x0420, 0x0420, 0x0420, 0x0420, 0x0420, 0x0420, 0x0420, 0x0420, 0x0420, 0x0420,
  0x0420, 0x0420, 0x0420, 0x0420, 0x0420, 0x0420, 0x0420, 0x0420, 0x0420, 0x0420, 0x0420, 0x0420,
  0x0420, 0x0420, 0x0420, 0x0420, 0x0420, 0x0420, 0x0420, 0x0420, 0x0420, 0x0420, 0x0420, 0x0420,
  0x0420, 0x0420, 0x0420, 0x0420, 0x0420, 0x0420, 0x0420, 0x0420, 0x0420, 0x0420, 0x0420, 0x0420,
  0x0420, 0x0420, 0x0420, 0x0420, 0x0420, 0x0420, 0x0420, 0x0420, 0x0420, 0x0420, 0x0420, 0x0420,
  0x0420, 0x0420, 0x0420, 0x0420, 0x0420, 0x0420, 0x0420, 0x0420, 0x0420, 0x0420, 0x0420, 0x0420,
  0x0420, 0x0420, 0x0420, 0x0420, 0x0420, 0x0420, 0x0420, 0x0420, 0x0420, 0x0420, 0x0420, 0x0420,
  0x0420, 0x0420, 0x0420, 0x0420, 0x0420, 0x0420, 0x0420, 0x0420, 0x0420, 0x0420, 0x0420, 0x0420,
  0x0420, 0x0420, 0x0420, 0x0420, 0x0420, 0x0420, 0x0420, 0x0420, 0x0420, 0x0420, 0x0420, 0x0420,
  0x0420, 0x0420, 0x0420, 0x0420, 0x0420, 0x0420, 0x0420, 0x0420, 0x0420, 0x0420, 0x0420, 0x0420,
  0x0420, 0x0420, 0x0420, 0x0420, 0x0420, 0x0420, 0x0420, 0x0420, 0x0420, 0x0420, 0x0420, 0x0420,
  0x0420, 0x0420, 0x0420, 0x0420, 0x0420, 0x0420, 0x0420, 0x0420, 0x0420, 0x0420, 0x0420, 0x0420,
  0x0420, 0x0420, 0x0420, 0x0420, 0x0420, 0x0420, 0x0420, 0x0420, 0x0420, 0x0420, 0x0420, 0x0420,
  0x0420, 0x0420, 0x0420, 0x0420, 0x0420, 0x0420, 0x0420, 0x0420, 0x0420, 0x0420, 0x0420, 0x0420,
  0x0420, 0x0420, 0x0420, 0x0420, 0x0420, 0x0420, 0x0420, 0x0420, 0x0420, 0x0420, 0x0420, 0x0420,
  0x0420, 0x0420, 0x0420, 0x0420, 0x0420, 0x0420, 0x0420, 0x0420, 0x0420, 0x0420, 0x0420, 0x0420,
  0x0420, 0x0420, 0x0420, 0x0420, 0x0420, 0x0420, 0x0420, 0x0420, 0x0420, 0x0420, 0x0420, 0x0420,
  0x0420, 0x0420, 0x0420, 0x0420, 0x0420, 0x0420, 0x0420, 0x0420, 0x0420, 0x0420, 0x0420, 0x0420,
  0x0420, 0x0420, 0x0420, 0x0420, 0x0420, 0x0420, 0x0420, 0x0420, 0x0420, 0x0420, 0x0420, 0x0420,
  0x0420, 0x0420, 0x0420, 0x0420, 0x0420, 0x0420, 0x0420, 0x0420, 0x0420, 0x0420, 0x0420, 0x0420,
  0x0420, 0x0420, 0x0420, 0x0420, 0x0420, 0x0420, 0x0420, 0x0420, 0x0420, 0x0420, 0x0420, 0x0420,
  0x0420, 0x0420, 0x0420, 0x0420, 0x0420, 0x0420, 0x0420, 0x0420, 0x0420, 0x0420, 0x0420, 0x0420,
  0x0420, 0x0420, 0x0420, 0x0420, 0x0420, 0x0420, 0x0420, 0x0420, 0x0420, 0x0420, 0x0420, 0x0420,
  0x0420, 0x0420, 0x0420, 0x0420, 0x0420, 0x0420, 0x0420, 0x0420, 0x0420, 0x0420, 0x0420, 0x0420,
  0x0420, 0x0420, 0x0420, 0x0420, 0x0420, 0x0420, 0x0420, 0x0420, 0x0420, 0x0420, 0x0420, 0x0420,
  0x0420, 0x0420, 0x0420, 0x0420, 0x0420, 0x0420, 0x0420, 0x0420, 0x0420, 0x0420, 0x0420, 0x0420,
  0x0420, 0x0420, 0x0420, 0x0420, 0x0420, 0x0420, 0x0420, 0x0420, 0x0420, 0x0420, 0x0420, 0x0420,
  0x0420, 0x0420, 0x0420, 0x0420, 0x0420, 0x0420, 0x0420, 0x0420, 0x0420, 0x0420, 0x0420, 0x0420,
  0x0420, 0x0420, 0x0420, 0x0420, 0x0420, 0x0420, 0x0420, 0x0420, 0x0420, 0x0420, 0x0420, 0x0420,
  0x0420, 0x0420, 0x0420, 0x0420, 0x0420, 0x0420, 0x0420, 0x0420, 0x0420, 0x0420, 0x0420, 0x0420,
  0x0420, 0x0420, 0x0420, 0x0420, 0x0420, 0x0420, 0x0420, 0x0420, 0x0420, 0x0420, 0x0420, 0x0420,
  0x0420, 0x0420, 0x0420, 0x0420, 0x0420, 0x0420, 0x0420, 0x0420, 0x0420, 0x0420, 0x0420, 0x0420,
  0x0420, 0x0420, 0x0420, 0x0420, 0x0420, 0x0420, 0x0420, 0x0420, 0x0420, 0x0420, 0x0420, 0x0420,
  0x0420, 0x0420, 0x0420, 0x0420, 0x0420, 0x0420, 0x0420, 0x0420, 0x0420, 0x0420, 0x0420, 0x0420,
  0x0420, 0x0420, 0x0420, 0x0420, 0x0420, 0x0420, 0x0420, 0x0420, 0x0420, 0x0420, 0x0420, 0x0420,
  0x0420, 0x0420, 0x0420, 0x0420, 0x0420, 0x0420, 0x0420, 0x0420, 0x0420, 0x0420, 0x0420, 0x0420,
  0x0420, 0x0420, 0x0420, 0x0420, 0x0420, 0x0420, 0x0420, 0x0420, 0x0420, 0x0420, 0x0420, 0x0420,
  0x0420, 0x0420, 0x0420, 0x0420, 0x0420, 0x0420, 0x0420, 0x0420, 0x0420, 0x0420, 0x0420, 0x0420,
  0x0420, 0x0420, 0x0420, 0x0420, 0x0420, 0x0420, 0x0420, 0x0420, 0x0420, 0x0420, 0x0420, 0x0420,
  0x0420, 0x0420, 0x0420, 0x0420, 0x0420, 0x0420, 0x0420, 0x0420, 0x0420, 0x0420, 0x0420, 0x0420,
  0x0420, 0x0420, 0x0420, 0x0420, 0x0420, 0x0420, 0x0420, 0x0420, 0x0420, 0x0420, 0x0420, 0x0420,
  0x0420, 0x0420, 0x0420, 0x0420, 0x0420, 0x0420, 0x0420, 0x0420, 0x0420, 0x0420, 0x0420, 0x0420,
  0x0420, 0x0420, 0x0420, 0x0420, 0x0420, 0x0420, 0x0420, 0x0420, 0x0420, 0x0420, 0x0420, 0x0420,
  0x0420, 0x0420, 0x0420, 0x0420, 0x0420, 0x0420, 0x0420, 0x0420, 0x0420, 0x0420, 0x0420, 0x0420,
  0x0420, 0x0420, 0x0420, 0x0420, 0x0420, 0x0420, 0x0420, 0x0420, 0x0420, 0x0420, 0x0420, 0x0420,
  0x0420, 0x0420, 0x0420, 0x0420, 0x0420, 0x0420, 0x0420, 0x0420, 0x0420, 0x0420, 0x0420, 0x0420,
  0x0420, 0x0420, 0x0420, 0x0420, 0x0420, 0x0420, 0x0420, 0x0420, 0x0420, 0x0420, 0x0420, 0x0420,
  0x0420, 0x0420, 0x0420, 0x0420, 0x0420, 0x0420, 0x0420, 0x0420, 0x0420, 0x0420, 0x0420, 0x0420,
  0x0420, 0x0420, 0x0420, 0x0420, 0x0420, 0x0420, 0x0420, 0x0420, 0x0420, 0x0420, 0x0420, 0x0420,
  0x0420, 0x0420, 0x0420, 0x0420, 0x0420, 0x0420, 0x0420, 0x0420, 0x0420, 0x0420, 0x0420, 0x0420,
  0x0420, 0x0420, 0x0420, 0x0420, 0x0420, 0x0420, 0x0420, 0x0420, 0x0420, 0x0420, 0x0420, 0x0420,
  0x0420, 0x0420, 0x0420, 0x0420, 0x0420, 0x0420, 0x0420, 0x0420, 0x0420, 0x0420, 0x0420, 0x0420,
  0x0420, 0x0420, 0x0420, 0x0420, 0x0420, 0x0420, 0x0420, 0x0420, 0x0420, 0x0420, 0x0420, 0x0420,
  0x0420, 0x0420, 0x0420, 0x0420, 0x0420, 0x0420, 0x0420, 0x0420, 0x0420, 0x0420, 0x0420, 0x0420,
  0x0420, 0x0420, 0x0420, 0x0420, 0x0420, 0x0420, 0x0420, 0x0420, 0x0420, 0x0420, 0x0420, 0x0420,
  0x0420, 0x0420, 0x0420, 0x0420, 0x0420, 0x0420, 0x0420, 0x0420, 0x0420, 0x0420, 0x0420, 0x0420,
  0x0420, 0x0420, 0x0420, 0x0420, 0x0420, 0x0420, 0x0420, 0x0420, 0x0420, 0x0420, 0x0420, 0x0420,
  0x0420, 0x0420, 0x0420, 0x0420, 0x0420, 0x0420, 0x0420, 0x0420, 0x0420, 0x0420, 0x0420, 0x0420,
  0x0420, 0x0420, 0x0420, 0x0420, 0x0420, 0x0420, 0x0420, 0x0420, 0x0420, 0x0420, 0x0420, 0x0420,
  0x0420, 0x0420, 0x0420, 0x0420, 0x0420, 0x0420, 0x0420, 0x0420, 0x0420, 0x0420, 0x0420, 0x0420,
  0x0420, 0x0420, 0x0420, 0x0420, 0x0420, 0x0420, 0x0420, 0x0420, 0x0420, 0x0420, 0x0420, 0x0420,
  0x0420, 0x0420, 0x0420, 0x0420, 0x0420, 0x0420, 0x0420, 0x0420, 0x0420, 0x0420, 0x0420, 0x0420,
  0x0420, 0x0420, 0x0420, 0x0420, 0x0420, 0x0420, 0x0420, 0x0420, 0x0420, 0x0420, 0x0420, 0x0420,
  0x0420, 0x0420, 0x0420, 0x0420, 0x0420, 0x0420, 0x0420, 0x0420, 0x0420, 0x0420, 0x0420, 0x0420,
  0x0420, 0x0420, 0x0420, 0x0420, 0x0420, 0x0420, 0x0420, 0x0420, 0x0420, 0x0420, 0x0420, 0x0420,
  0x0420, 0x0420, 0x0420, 0x0420, 0x0420, 0x0420, 0x0420, 0x0420, 0x0420, 0x0420, 0x0420, 0x0420,
  0x0420, 0x0420, 0x0420, 0x0420, 0x0420, 0x0420, 0x0420, 0x0420, 0x0420, 0x0420, 0x0420, 0x0420,
  0x0420, 0x0420, 0x0420, 0x0420, 0x0420, 0x0420, 0x0420, 0x0420, 0x0420, 0x0420, 0x0420, 0x0420,
  0x0420, 0x0420, 0x0420, 0x0420, 0x0420, 0x0420, 0x0420, 0x0420, 0x0420, 0x0420, 0x0420, 0x0420,
  0x0420, 0x0420, 0x0420, 0x0420, 0x0420, 0x0420, 0x0420, 0x0420, 0x0420, 0x0420, 0x0420, 0x0420,
  0x0420, 0x0420, 0x0420, 0x0420, 0x0420, 0x0420, 0x0420, 0x0420, 0x0420, 0x0420, 0x0420, 0x0420,
  0x0420, 0x0420, 0x0420, 0x0420, 0x0420, 0x0420, 0x0420, 0x0420, 0x0420, 0x0420, 0x0420, 0x0420,
  0x0420, 0x0420, 0x0420, 0x0420, 0x0420, 0x0420, 0x0420, 0x0420, 0x0420, 0x0420, 0x0420, 0x0420,
  0x0420, 0x0420, 0x0420, 0x0420, 0x0420, 0x0420, 0x0420, 0x0420, 0x0420, 0x0420, 0x0420, 0x0420,
  0x0420, 0x0420, 0x0420, 0x0420, 0x0420, 0x0420, 0x0420, 0x0420, 0x0420, 0x0420, 0x0420, 0x0420,
  0x0420, 0x0420, 0x0420, 0x0420, 0x0420, 0x0420, 0x0420, 0x0420, 0x0420, 0x0420, 0x0420, 0x0420,
  0x0420, 0x0420, 0x0420, 0x0420, 0x0420, 0x0420, 0x0420, 0x0420, 0x0420, 0x0420, 0x0420, 0x0420,
  0x0420, 0x0420, 0x0420, 0x0420, 0x0420, 0x0420, 0x0420, 0x0420, 0x0420, 0x0420, 0x0420, 0x0420,
  0x0420, 0x0420, 0x0420, 0x0420, 0x0420, 0x0420, 0x0420, 0x0420, 0x0420, 0x0420, 0x0420, 0x0420,
  0x0420, 0x0420, 0x0420, 0x0420, 0x0420, 0x0420, 0x0420, 0x0420, 0x0420, 0x0420, 0x0420, 0x0420,
  0x0420, 0x0420, 0x0420, 0x0420, 0x0420, 0x0420, 0x0420, 0x0420, 0x0420, 0x0420, 0x0420, 0x0420,
  0x0420, 0x0420, 0x0420, 0x0420, 0x0420, 0x0420, 0x0420, 0x0420, 0x0420, 0x0420, 0x0420, 0x0420,
  0x0420, 0x0420, 0x0420, 0x0420, 0x0420, 0x0420, 0x0420, 0x0420, 0x0420, 0x0420, 0x0420, 0x0420,
  0x0420, 0x0420, 0x0420, 0x0420, 0x0420, 0x0420, 0x0420, 0x0420, 0x0420, 0x0420, 0x0420, 0x0420,
  0x0420, 0x0420, 0x0420, 0x0420, 0x0420, 0x0420, 0x0420, 0x0420, 0x0420, 0x0420, 0x0420, 0x0420,
  0x0420, 0x0420, 0x0420, 0x0420, 0x0420, 0x0420, 0x0420, 0x0420, 0x0420, 0x0420, 0x0420, 0x0420,
  0x0420, 0x0420, 0x0420, 0x0420, 0x0420, 0x0420, 0x0420, 0x0420, 0x0420, 0x0420, 0x0420, 0x0420,
  0x0420, 0x0420, 0x0420, 0x0420, 0x0420, 0x0420, 0x0420, 0x0420, 0x0420, 0x0420, 0x0420, 0x0420,
  0x0420, 0x0420, 0x0420, 0x0420, 0x0420, 0x0420, 0x0420, 0x0420, 0x0420, 0x0420, 0x0420, 0x0420,
  0x0420, 0x0420, 0x0420, 0x0420, 0x0420, 0x0420, 0x0420, 0x0420, 0x0420, 0x0420, 0x0420, 0x0420,
  0x0420, 0x0420, 0x0420, 0x0420, 0x0420, 0x0420, 0x0420, 0x0420, 0x0420, 0x0420, 0x0420, 0x0420,
  0x0420, 0x0420, 0x0420, 0x0420, 0x0420, 0x0420, 0x0420, 0x0420, 0x0420, 0x0420, 0x0420, 0x0420,
  0x0420, 0x0420, 0x0420, 0x0420, 0x0420, 0x0420, 0x0420, 0x0420, 0x0420, 0x0420, 0x0420, 0x0420,
  0x0420, 0x0420, 0x0420, 0x0420, 0x0420, 0x0420, 0x0420, 0x0420, 0x0420, 0x0420, 0x0420, 0x0420,
  0x0420, 0x0420, 0x0420, 0x0420, 0x0420, 0x0420, 0x0420, 0x0420, 0x0420, 0x0420, 0x0420, 0x0420,
  0x0420, 0x0420, 0x0420, 0x0420, 0x0420, 0x0420, 0x0420, 0x0420, 0x0420, 0x0420, 0x0420, 0x0420,
  0x0420, 0x0420, 0x0420, 0x0420, 0x0420, 0x0420, 0x0420, 0x0420, 0x0420, 0x0420, 0x0420, 0x0420,
  0x0420, 0x0420, 0x0420, 0x0420, 0x0420, 0x0420, 0x0420, 0x0420, 0x0420, 0x0420, 0x0420, 0x0420,
  0x0420, 0x0420, 0x0420, 0x0420, 0x0420, 0x0420, 0x0420, 0x0420, 0x0420, 0x0420, 0x0420, 0x0420,
  0x0420, 0x0420, 0x0420, 0x0420, 0x0420, 0x0420, 0x0420, 0x0420, 0x0420, 0x0420, 0x0420, 0x0420,
  0x0420, 0x0420, 0x0420, 0x0420, 0x0420, 0x0420, 0x0420, 0x0420, 0x0420, 0x0420, 0x0420, 0x0420,
  0x0420, 0x0420, 0x0420, 0x0420, 0x0420, 0x0420, 0x0420, 0x0420, 0x0420, 0x0420, 0x0420, 0x0420,
  0x0420, 0x0420, 0x0420, 0x0420, 0x0420, 0x0420, 0x0420, 0x0420, 0x0420, 0x0420, 0x0420, 0x0420,
  0x0420, 0x0420, 0x0420, 0x0420, 0x0420, 0x0420, 0x0420, 0x0420, 0x0420, 0x0420, 0x0420, 0x0420,
  0x0420, 0x0420, 0x0420, 0x0420, 0x0420, 0x0420, 0x0420, 0x0420, 0x0420, 0x0420, 0x0420, 0x0420,
  0x0420, 0x0420, 0x0420, 0x0420, 0x0420, 0x0420, 0x0420, 0x0420, 0x0420, 0x0420, 0x0420, 0x0420,
  0x0420, 0x0420, 0x0420, 0x0420, 0x0420, 0x0420, 0x0420, 0x0420, 0x0420, 0x0420, 0x0420, 0x0420,
  0x0420, 0x0420, 0x0420, 0x0420, 0x0420, 0x0420, 0x0420, 0x0420, 0x0420, 0x0420, 0x0420, 0x0420,
  0x0420, 0x0420, 0x0420, 0x0420, 0x0420, 0x0420, 0x0420, 0x0420, 0x0420, 0x0420, 0x0420, 0x0420,
  0x0420, 0x0420, 0x0420, 0x0420, 0x0420, 0x0420, 0x0420, 0x0420, 0x0420, 0x0420, 0x0420, 0x0420,
  0x0420, 0x0420, 0x0420, 0x0420, 0x0420, 0x0420, 0x0420, 0x0420, 0x0420, 0x0420, 0x0420, 0x0420,
  0x0420, 0x0420, 0x0420, 0x0420, 0x0420, 0x0420, 0x0420, 0x0420, 0x0420, 0x0420, 0x0420, 0x0420,
  0x0420, 0x0420, 0x0420, 0x0420, 0x0420, 0x0420, 0x0420, 0x0420, 0x0420, 0x0420, 0x0420, 0x0420,
  0x0420, 0x0420, 0x0420, 0x0420, 0x0420, 0x0420, 0x0420, 0x0420, 0x0420, 0x0420, 0x0420, 0x0420,
  0x0420, 0x0420, 0x0420, 0x0420, 0x0420, 0x0420, 0x0420, 0x0420, 0x0420, 0x0420, 0x0420, 0x0420,
  0x0420, 0x0420, 0x0420, 0x0420, 0x0420, 0x0420, 0x0420, 0x0420, 0x0420, 0x0420, 0x0420, 0x0420,
  0x0420, 0x0420, 0x0420, 0x0420, 0x0420, 0x0420, 0x0420, 0x0420, 0x0420, 0x0420, 0x0420, 0x0420,
  0x0420, 0x0420, 0x0420, 0x0420, 0x0420, 0x0420, 0x0420, 0x0420, 0x0420, 0x0420, 0x0420, 0x0420,
  0x0420, 0x0420, 0x0420, 0x0420, 0x0420, 0x0420, 0x0420, 0x0420, 0x0420, 0x0420, 0x0420, 0x0420,
  0x0420, 0x0420, 0x0420, 0x0420, 0x0420, 0x0420, 0x0420, 0x0420, 0x0420, 0x0420, 0x0420, 0x0420,
  0x0420, 0x0420, 0x0420, 0x0420, 0x0420, 0x0420, 0x0420, 0x0420, 0x0420, 0x0420, 0x0420, 0x0420,
  0x0420, 0x0420, 0x0420, 0x0420, 0x0420, 0x0420, 0x0420, 0x0420, 0x0420, 0x0420, 0x0420, 0x0420,
  0x0420, 0x0420, 0x0420, 0x0420, 0x0420, 0x0420, 0x0420, 0x0420, 0x0420, 0x0420, 0x0420, 0x0420,
  0x0420, 0x0420, 0x0420, 0x0420, 0x0420, 0x0420, 0x0420, 0x0420, 0x0420, 0x0420, 0x0420, 0x0420,
  0x0420, 0x0420, 0x0420, 0x0420, 0x0420, 0x0420, 0x0420, 0x0420, 0x0420, 0x0420, 0x0420, 0x0420,
  0x0420, 0x0420, 0x0420, 0x0420, 0x0420, 0x0420, 0x0420, 0x0420, 0x0420, 0x0420, 0x0420, 0x0420,
  0x0420, 0x0420, 0x0420, 0x0420, 0x0420, 0x0420, 0x0420, 0x0420, 0x0420, 0x0420, 0x0420, 0x0420,
  0x0420, 0x0420, 0x0420, 0x0420, 0x0420, 0x0420, 0x0420, 0x0420, 0x0420, 0x0420, 0x0420, 0x0420,
  0x0420, 0x0420, 0x0420, 0x0420, 0x0420, 0x0420, 0x0420, 0x0420, 0x0420, 0x0420, 0x0420, 0x0420,
  0x0420, 0x0420, 0x0420, 0x0420, 0x0420, 0x0420, 0x0420, 0x0420, 0x0420, 0x0420, 0x0420, 0x0420,
  0x0420, 0x0420, 0x0420, 0x0420, 0x0420, 0x0420, 0x0420, 0x0420, 0x0420, 0x0420, 0x0420, 0x0420,
  0x0420, 0x0420, 0x0420, 0x0420, 0x0420, 0x0420, 0x0420, 0x0420, 0x0420, 0x0420, 0x0420, 0x0420,
  0x0420, 0x0420, 0x0420, 0x0420, 0x0420, 0x0420, 0x0420, 0x0420, 0x0420, 0x0420, 0x0420, 0x0420,
  0x0420, 0x0420, 0x0420, 0x0420, 0x0420, 0x0420, 0x0420, 0x0420, 0x0420, 0x0420, 0x0420, 0x0420,
  0x0420, 0x0420, 0x0420, 0x0420, 0x0420, 0x0420, 0x0420, 0x0420, 0x0420, 0x0420, 0x0420, 0x0420,
  0x0420, 0x0420, 0x0420, 0x0420, 0x0420, 0x0420, 0x0420, 0x0420, 0x0420, 0x0420, 0x0420, 0x0420,
  0x0420, 0x0420, 0x0420, 0x0420, 0x0420, 0x0420, 0x0420, 0x0420, 0x0420, 0x0420, 0x0420, 0x0420,
  0x0420, 0x0420, 0x0420, 0x0420, 0x0420, 0x0420, 0x0420, 0x0420, 0x0420, 0x0420, 0x0420, 0x0420,
  0x0420, 0x0420, 0x0420, 0x0420, 0x0420, 0x0420, 0x0420, 0x0420, 0x0420, 0x0420, 0x0420, 0x0420,
  0x0420, 0x0420, 0x0420, 0x0420, 0x0420, 0x0420, 0x0420, 0x0420, 0x0420, 0x0420, 0x0420, 0x0420,
  0x0420, 0x0420, 0x0420, 0x0420, 0x0420, 0x0420, 0x0420, 0x0420, 0x0420, 0x0420, 0x0420, 0x0420,
  0x0420, 0x0420, 0x0420, 0x0420, 0x0420, 0x0420, 0x0420, 0x0420, 0x0420, 0x0420, 0x0420, 0x0420,
  0x0420, 0x0420, 0x0420, 0x0420, 0x0420, 0x0420, 0x0420, 0x0420, 0x0420, 0x0420, 0x0420, 0x0420,
  0x0420, 0x0420, 0x0420, 0x0420, 0x0420, 0x0420, 0x0420, 0x0420, 0x0420, 0x0420, 0x0420, 0x0420,
  0x0420, 0x0420, 0x0420, 0x0420, 0x0420, 0x0420, 0x0420, 0x0420, 0x0420, 0x0420, 0x0420, 0x0420,
  0x0420, 0x0420, 0x0420, 0x0420, 0x0420, 0x0420, 0x0420, 0x0420, 0x0420, 0x0420, 0x0420, 0x0420,
  0x0420, 0x0420, 0x0420, 0x0420, 0x0420, 0x0420, 0x0420, 0x0420, 0x0420, 0x0420, 0x0420, 0x0420,
  0x0420, 0x0420, 0x0420, 0x0420, 0x0420, 0x0420, 0x0420, 0x0420, 0x0420, 0x0420, 0x0420, 0x0420,
  0x0420, 0x0420, 0x0420, 0x0420, 0x0420, 0x0420, 0x0420, 0x0420, 0x0420, 0x0420, 0x0420, 0x0420,
  0x0420, 0x0420, 0x0420, 0x0420, 0x0420, 0x0420, 0x0420, 0x0420, 0x0420, 0x0420, 0x0420, 0x0420,
  0x0420, 0x0420, 0x0420, 0x0420, 0x0420, 0x0420, 0x0420, 0x0420, 0x0420, 0x0420, 0x0420, 0x0420,
  0x0420, 0x0420, 0x0420, 0x0420, 0x0420, 0x0420, 0x0420, 0x0420, 0x0420, 0x0420, 0x0420, 0x0420,
  0x0420, 0x0420, 0x0420, 0x0420, 0x0420, 0x0420, 0x0420, 0x0420, 0x0420, 0x0420, 0x0420, 0x0420,
  0x0420, 0x0420, 0x0420, 0x0420, 0x0420, 0x0420, 0x0420, 0x0420, 0x0420, 0x0420, 0x0420, 0x0420,
  0x0420, 0x0420, 0x0420, 0x0420, 0x0420, 0x0420, 0x0420, 0x0420, 0x0420, 0x0420, 0x0420, 0x0420,
  0x0420, 0x0420, 0x0420, 0x0420, 0x0420, 0x0420, 0x0420, 0x0420, 0x0420, 0x0420, 0x0420, 0x0420,
  0x0420, 0x0420, 0x0420, 0x0420, 0x0420, 0x0420, 0x0420, 0x0420, 0x0420, 0x0420, 0x0420, 0x0420,
  0x0420, 0x0420, 0x0420, 0x0420, 0x0420, 0x0420, 0x0420, 0x0420, 0x0420, 0x0420, 0x0420, 0x0420,
  0x0420, 0x0420, 0x0420, 0x0420, 0x0420, 0x0420, 0x0420, 0x0420, 0x0420, 0x0420, 0x0420, 0x0420,
  0x0420, 0x0420, 0x0420, 0x0420, 0x0420, 0x0420, 0x0420, 0x0420, 0x0420, 0x0420, 0x0420, 0x0420,
  0x0420, 0x0420, 0x0420, 0x0420, 0x0420, 0x0420, 0x0420, 0x0420, 0x0420, 0x0420, 0x0420, 0x0420,
  0x0420, 0x0420, 0x0420, 0x0420, 0x0420, 0x0420, 0x0420, 0x0420, 0x0420, 0x0420, 0x0420, 0x0420,
  0x0420, 0x0420, 0x0420, 0x0420, 0x0420, 0x0420, 0x0420, 0x0420, 0x0420, 0x0420, 0x0420, 0x0420,
  0x0420, 0x0420, 0x0420, 0x0420, 0x0420, 0x0420, 0x0420, 0x0420, 0x0420, 0x0420, 0x0420, 0x0420,
  0x0420, 0x0420, 0x0420, 0x0420, 0x0420, 0x0420, 0x0420, 0x0420, 0x0420, 0x0420, 0x0420, 0x0420,
  0x0420, 0x0420, 0x0420, 0x0420, 0x0420, 0x0420, 0x0420, 0x0420, 0x0420, 0x0420, 0x0420, 0x0420,
  0x0420, 0x0420, 0x0420, 0x0420, 0x0420, 0x0420, 0x0420, 0x0420, 0x0420, 0x0420, 0x0420, 0x0420,
  0x0420, 0x0420, 0x0420, 0x0420, 0x0420, 0x0420, 0x0420, 0x0420, 0x0420, 0x0420, 0x0420, 0x0420,
  0x0420, 0x0420, 0x0420, 0x0420, 0x0420, 0x0420, 0x0420, 0x0420, 0x0420, 0x0420, 0x0420, 0x0420,
  0x0420, 0x0420, 0x0420, 0x0420, 0x0420, 0x0420, 0x0420, 0x0420, 0x0420, 0x0420, 0x0420, 0x0420,
  0x0420, 0x0420, 0x0420, 0x0420, 0x0420, 0x0420, 0x0420, 0x0420, 0x0420, 0x0420, 0x0420, 0x0420,
  0x0420, 0x0420, 0x0420, 0x0420, 0x0420, 0x0420, 0x0420, 0x0420, 0x0420, 0x0420, 0x0420, 0x0420,
  0x0420, 0x0420, 0x0420, 0x0420, 0x0420, 0x0420, 0x0420, 0x0420, 0x0420, 0x0420, 0x0420, 0x0420,
  0x0420, 0x0420, 0x0420, 0x0420, 0x0420, 0x0420, 0x0420, 0x0420, 0x0420, 0x0420, 0x0420, 0x0420,
  0x0420, 0x0420, 0x0420, 0x0420, 0x0420, 0x0420, 0x0420, 0x0420, 0x0420, 0x0420, 0x0420, 0x0420,
  0x0420, 0x0420, 0x0420, 0x0420, 0x0420, 0x0420, 0x0420, 0x0420, 0x0420, 0x0420, 0x0420, 0x0420,
  0x0420, 0x0420, 0x0420, 0x0420, 0x0420, 0x0420, 0x0420, 0x0420, 0x0420, 0x0420, 0x0420, 0x0420,
  0x0420, 0x0420, 0x0420, 0x0420, 0x0420, 0x0420, 0x0420, 0x0420, 0x0420, 0x0420, 0x0420, 0x0420,
  0x0420, 0x0420, 0x0420, 0x0420, 0x0420, 0x0420, 0x0420, 0x0420, 0x0420, 0x0420, 0x0420, 0x0420,
  0x0420, 0x0420, 0x0420, 0x0420, 0x0420, 0x0420, 0x0420, 0x0420, 0x0420, 0x0420, 0x0420, 0x0420,
  0x0420, 0x0420, 0x0420, 0x0420, 0x0420, 0x0420, 0x0420, 0x0420, 0x0420, 0x0420, 0x0420, 0x0420,
  0x0420, 0x0420, 0x0420, 0x0420, 0x0420, 0x0420, 0x0420, 0x0420, 0x0420, 0x0420, 0x0420, 0x0420,
  0x0420, 0x0420, 0x0420, 0x0420, 0x0420, 0x0420, 0x0420, 0x0420, 0x0420, 0x0420, 0x0420, 0x0420,
  0x0420, 0x0420, 0x0420, 0x0420, 0x0420, 0x0420, 0x0420, 0x0420, 0x0420, 0x0420, 0x0420, 0x0420,
  0x0420, 0x0420, 0x0420, 0x0420, 0x0420, 0x0420, 0x0420, 0x0420, 0x0420, 0x0420, 0x0420, 0x0420,
  0x0420, 0x0420, 0x0420, 0x0420, 0x0420, 0x0420, 0x0420, 0x0420, 0x0420, 0x0420, 0x0420, 0x0420,
  0x0420, 0x0420, 0x0420, 0x0420, 0x0420, 0x0420, 0x0420, 0x0420, 0x0420, 0x0420, 0x0420, 0x0420,
  0x0420, 0x0420, 0x0420, 0x0420, 0x0420, 0x0420, 0x0420, 0x0420, 0x0420, 0x0420, 0x0420, 0x0420,
  0x0420, 0x0420, 0x0420, 0x0420, 0x0420, 0x0420, 0x0420, 0x0420, 0x0420, 0x0420, 0x0420, 0x0420,
  0x0420, 0x0420, 0x0420, 0x0420, 0x0420, 0x0420, 0x0420, 0x0420, 0x0420, 0x0420, 0x0420, 0x0420,
  0x0420, 0x0420, 0x0420, 0x0420, 0x0420, 0x0420, 0x0420, 0x0420, 0x0420, 0x0420, 0x0420, 0x0420,
  0x0420, 0x0420, 0x0420, 0x0420, 0x0420, 0x0420, 0x0420, 0x0420, 0x0420, 0x0420, 0x0420, 0x0420,
};
